1 10934 1
2 12455 1
3 19618 3
4 19618 1
5 19618 1
6 19618 2
7 7 163
8 3275 1
9 19618 1
10 10 466
11 11 12
12 12 5468
13 13 608
14 3503 1
15 16080 1
16 19618 1
17 17 21
18 18 75
19 19618 1
20 5632 1
21 19618 1
22 19618 46
23 12590 1
24 4014 1
25 1821 4
26 5195 1
27 19618 1
28 28 1883
29 832 1
30 19618 172
31 31 597
32 32 40
33 33 71
34 34 17
35 35 760
36 19618 1
37 10158 1
38 38 68
39 19618 28
40 11641 1
41 12545 1
42 19618 1
43 19618 3
44 2627 1
45 45 45
46 19618 1
47 19618 53
48 48 117
49 36 1
50 50 91
51 51 628
52 19618 2
53 17492 1
54 54 408
55 55 46
56 56 275
57 57 61
58 4099 1
59 13585 2
60 9074 2
61 19618 1
62 62 13
63 19618 4
64 19618 3
65 19618 1
66 18162 1
67 19618 24
68 10417 1
69 69 5
70 70 3
71 11995 1
72 1326 1
73 73 266
74 74 484
75 19618 3
76 7515 1
77 19618 1
78 2558 1
79 5210 1
80 80 8
81 10913 1
82 82 48
83 83 20
84 1350 1
85 85 72
86 4414 4
87 960 1
88 15340 1
89 7192 1
90 19618 4
91 91 329
92 19618 1
93 19618 1
94 19618 39
95 19618 1
96 96 7
97 6681 1
98 98 38
99 99 51
100 100 119
101 19618 1
102 2768 1
103 19618 3
104 2910 1
105 9895 2
106 1749 4
107 1521 7
108 108 31
109 7717 2
110 19618 10
111 16015 1
112 112 536
113 180 4
114 114 2520
115 18783 1
116 116 256
117 4890 1
118 8119 1
119 15625 1
120 17308 1
121 121 1
122 19618 1
123 19618 87
124 124 131
125 11130 2
126 19618 7
127 127 95
128 128 327
129 8416 2
130 758 1
131 19618 1
132 132 18
133 19618 1
134 15294 1
135 19618 6
136 19618 1
137 137 59
138 19618 2
139 4828 1
140 18442 1
141 19618 3
142 142 36
143 19618 1
144 19618 2
145 17776 3
146 146 88
147 1444 2
148 148 37085
149 149 1130
150 3279 1
151 151 164
152 19618 1
153 153 13
154 19618 8
155 10921 1
156 156 293
157 19618 1
158 19618 1
159 19618 3
160 160 6
161 19618 1
162 162 25
163 7066 1
164 164 64
165 18036 1
163 163 110
166 4402 1
167 19618 1
168 168 1556
169 19618 1
170 16001 1
171 2774 6
172 172 7
173 19618 15
174 174 189
175 175 31
176 19618 1
177 8432 1
178 4872 1
179 19618 1
180 4021 1
181 12377 1
182 19618 14
183 2329 1
184 184 564
185 147 1
186 18583 1
187 14653 1
188 188 1
189 9079 1
190 4362 1
191 17337 1
139 19618 14
192 19618 32
193 2632 5
72 337 1
194 9586 1
195 8985 1
196 4456 2
197 19618 84
198 198 130
199 199 218
200 200 863
201 12107 1
202 16736 1
203 203 1234
204 14774 2
205 11143 8
206 206 98
207 207 4
208 208 47
209 209 16
210 19618 3
211 8387 1
212 12054 1
213 19618 1
214 16424 1
215 215 714
216 216 8
217 4817 3
218 5137 2
219 19618 5
220 5885 1
221 18211 2
222 8269 1
223 98 3
224 17267 1
225 19618 9
226 19618 1
227 227 246
228 12583 1
229 13015 1
230 230 10
231 19618 1
232 19618 1
233 233 64
234 12525 3
235 235 83
236 236 23
237 18606 1
238 238 29
239 19618 4
240 19618 7
241 17647 1
242 19618 2
243 5439 1
244 6652 1
245 19618 2
246 246 5
247 19618 89
248 14151 1
249 249 1671
250 6728 1
251 251 1568
252 252 142
253 253 29
254 254 1178
255 255 16
256 9465 1
257 257 13
258 258 12
259 3582 1
260 18884 1
261 10505 3
262 11481 1
263 19618 1
264 19618 1
265 265 24
266 266 4
267 267 375
268 19618 2
269 6029 1
270 17756 1
271 19618 8
272 10845 1
273 3979 2
274 19618 2
275 16943 1
276 19618 1
277 8257 1
278 278 201
279 279 706
280 4979 1
281 8212 1
282 282 18
283 283 226
284 19618 11
285 19618 7
286 286 23
287 15173 1
288 18520 1
289 289 147
290 290 8
291 6303 1
292 19618 1
293 6987 1
294 19618 1
295 3287 5
296 11361 1
297 297 182
298 8666 3
299 1352 1
300 300 346
301 301 23
302 302 135
303 303 1703
304 304 4
305 19618 1
306 306 19
307 19618 9
308 19618 3
309 6166 8
310 5038 1
311 12202 2
312 5737 1
313 19618 1
314 13455 4
315 19618 4
316 316 22
317 8762 2
318 19618 12
319 319 6
320 320 29
321 19618 2
322 19123 1
323 323 35
324 324 342
325 19618 1
326 19618 2
327 327 657
328 19618 1
329 329 5072
330 429 2
331 331 4514
332 19618 1
333 19618 23
334 334 54
335 19618 1
336 19618 2
337 337 5
338 19618 1
339 3578 5
340 19618 24
341 12857 1
342 342 28
343 343 31
344 14753 4
345 19618 24
346 19618 1
347 19618 1
348 19618 1
349 349 34
350 6550 1
351 19618 3
352 4530 1
353 19618 1
354 9958 1
355 17386 1
356 356 281
357 18286 2
358 358 3578
359 12653 6
360 360 37
361 19618 17
362 19618 4
363 19618 2
364 19618 3
365 1569 1
366 366 58
367 367 23
368 14769 1
369 369 92
370 19618 3
371 371 93
372 372 2003
373 19618 1
374 1805 1
375 15334 1
376 376 16987
377 377 26357
378 16589 1
379 19618 1
380 19618 2
381 17042 1
382 19311 1
383 11008 1
384 19618 1
385 385 223
386 386 11
387 19618 1
388 3772 2
389 389 99
390 308 1
391 7329 1
392 19618 3
393 12819 1
394 394 36
395 5442 2
396 19618 51
397 19618 4
398 10906 1
399 17703 2
400 400 18
401 16459 3
402 19618 1
403 403 80
404 12103 1
405 405 292
406 10433 2
407 19618 1
408 408 94
409 5539 1
410 19618 1
411 19618 1
412 412 41
413 19618 6
414 19065 1
415 12929 1
416 416 2820
417 19618 11
418 418 136
419 19618 19
420 19618 2
421 18811 1
422 19618 2
423 423 397
424 10284 1
425 19618 98
426 8346 2
427 427 55
428 13752 1
429 19618 3
430 4428 2
431 19618 89
432 432 38
433 12208 1
434 16467 1
435 19618 2
436 436 16
437 16159 1
438 438 394
439 439 12
440 440 14
441 441 2562
442 14548 1
443 5653 1
444 19618 1
445 15347 1
446 446 120
447 447 10
448 19618 1
449 449 159
450 547 1
451 9197 4
452 452 199
453 18290 1
454 454 15
455 19618 46
456 456 49
457 19618 1
458 19618 1
459 459 6
460 460 8
461 2351 5
462 902 5
463 463 12
464 5523 1
465 6585 1
466 14947 1
467 4506 1
468 10373 1
232 232 20
469 469 3
470 19618 2
471 19618 3
472 19618 1
473 19618 1
474 19618 1
195 16261 5
415 415 418
475 3389 2
241 13423 2
476 19618 1
477 1422 1
478 3907 3
479 19618 8
480 19618 1
481 481 29350
482 482 116
483 19618 1
484 484 1925
485 19618 2
486 12725 2
487 487 23
488 488 3
489 19618 7
490 19618 1
491 317 1
492 8993 1
493 493 11
494 19618 1
495 13325 1
496 496 7
497 497 52
273 273 2454
498 498 20
499 19618 7
500 500 14
501 1341 5
502 12452 1
503 1583 1
504 19618 1
505 505 43
506 506 14
507 19618 12
508 19618 7
509 2068 1
510 10333 1
511 511 10
512 18767 1
513 19618 5
514 19618 16
515 5125 1
516 19618 137
517 517 71
518 10946 1
519 7258 1
520 6358 1
521 19618 1
522 12386 2
523 3205 4
524 524 7
525 19618 1
526 19618 7
527 19618 26
528 19618 3
529 529 8
530 19618 3
531 19618 1
532 532 122
533 13161 2
534 19618 1
535 19618 1
536 536 562
537 537 23
538 4320 1
539 13921 1
540 19618 12
224 2651 13
541 541 41
542 19618 1
543 19618 10
544 5234 1
545 5286 1
546 546 3158
547 547 6
548 19618 1
549 2597 1
550 550 36
522 19273 1
551 19618 4
552 19618 1
553 553 488
554 19618 1
555 8060 1
556 19618 33
557 557 15
558 558 324
559 559 527
560 560 8
561 14464 1
562 19618 3
563 13395 1
564 19618 2
565 565 625
566 19618 29
567 19618 2
568 19618 1
569 19618 2
570 18545 2
571 571 57
572 19618 1
573 7310 1
574 19618 22
575 19618 24
468 468 366
576 17091 1
577 18453 1
578 19618 1
579 14374 1
580 19618 22
581 581 26
582 582 614
583 583 66
584 584 318
585 903 1
586 19618 14
155 19618 805
587 587 115
588 394 1
589 10057 1
590 590 338
591 19618 1
592 19618 3
593 593 10
594 594 4
539 110 1
595 19618 12
596 19618 4
597 19618 1
598 19618 3
599 599 867
600 600 13
601 19618 3
602 602 83
603 10680 1
604 604 80
605 19618 4
606 606 1523
607 6772 1
608 608 11
609 8807 1
610 19618 18
611 2135 5
612 8455 1
613 12643 1
614 19618 49
615 6399 3
616 19618 1
617 617 22
618 17897 1
619 619 8433
620 19618 1
621 6218 2
244 19618 33
622 15292 1
623 6222 1
624 624 6
625 19618 1
626 626 61
627 627 31
628 19618 4
629 629 33
630 630 5
631 631 2481
632 7261 1
633 19618 1
634 1974 3
635 635 45
636 636 13
637 17979 1
638 6899 1
639 18901 1
640 19618 1
166 5190 8
641 14128 1
642 19618 1
643 19618 1
644 19618 1
317 19618 159
645 19618 4
646 19618 1
647 19548 2
648 18166 16
649 6664 1
650 650 2185
651 651 1
652 19618 3
653 4867 1
654 654 16
655 19618 2
656 656 22
657 5716 1
658 658 129
659 318 4
41 19618 49
660 397 1
661 19618 1
662 662 282
663 1629 1
664 19618 1
665 665 217
88 8615 2
666 19618 32
667 667 7
106 5654 3
668 668 201
669 17501 1
670 16733 1
671 671 212
672 672 42
673 673 7
674 19618 1
675 6604 3
676 676 5420
677 12073 2
678 678 21
679 4120 1
680 17920 1
681 8074 1
682 19618 2
683 12514 1
684 19618 2
685 19618 1
686 12468 4
687 18337 3
688 19618 3
689 689 1
690 19618 2
183 183 85056
691 691 272
692 9952 1
693 13234 1
694 694 23
695 695 10112
696 6215 1
697 10192 1
698 8278 1
699 7067 1
700 700 30
701 6405 1
702 6 2
703 4708 1
704 704 74
705 5729 2
706 19618 5
707 16483 1
708 708 122
709 15335 1
710 16046 1
711 711 4
712 712 962
713 713 109
714 4393 1
715 715 102
716 4417 1
717 19618 1
718 718 977
719 19618 1
720 6185 8
721 19618 1
722 19618 1
723 19075 1
724 19618 1
725 725 478
726 726 15
727 1029 2
728 728 49
729 19618 1
730 19618 2
731 19618 42
732 1799 1
178 2914 1
733 733 18
734 734 465
735 16982 1
736 19618 1
737 19618 2
738 19618 3
739 19618 9
740 740 5
741 13274 1
742 19618 1
743 743 29
744 19618 5
745 19618 2
746 3615 3
747 19618 1
748 19618 1
749 19618 3
750 750 101
751 2756 1
752 752 30
68 10784 4
753 5221 1
754 754 65
755 19618 7
756 19618 1
757 757 16
299 5487 1
234 19618 684
758 19618 1
759 19618 2
760 760 12
761 19618 1
762 19618 1
763 19618 1
764 19618 9
765 168 2
766 19618 19
767 767 75
768 19618 1
769 769 35
770 19618 2
771 19618 1
772 19618 3
773 19618 13
774 19618 2
775 775 11
776 15456 1
777 777 108
396 9209 1
778 6118 1
345 261 1
779 6424 1
780 5595 1
781 781 585
782 782 156
783 783 3
784 784 1
785 19618 46
786 786 996
787 787 182
788 788 4
789 7164 2
790 8080 8
791 6967 1
792 19618 1
793 2165 1
794 13802 1
795 795 5
796 19618 1
797 16747 1
798 19618 1
799 19618 2
800 7526 1
801 801 4119
802 802 3
803 11035 1
231 231 5
804 19618 48
805 805 148
806 806 48
807 807 23
808 808 165
809 6272 1
810 19618 2
811 811 77
812 19618 1
813 813 20
814 19405 1
815 8780 1
816 816 1283
817 3325 1
818 818 590
819 19618 1
820 19618 1
821 17667 1
822 822 1122
39 39 1188
823 823 31
824 19618 9
825 19618 30
826 19618 3
803 13588 1
827 18810 1
794 12118 1
828 2525 1
829 9420 2
830 4277 1
831 14380 2
832 4595 4
833 449 1
834 19618 2
835 835 39
836 836 4
837 895 1
838 10130 1
839 839 51
840 6067 1
841 2700 1
842 19618 2
843 19618 1
844 4470 3
829 829 30836
845 7184 6
846 846 28
847 847 22
848 848 50
849 19618 1
850 19618 1
851 851 4
852 19618 6
7 19618 7
853 14370 1
854 9293 1
855 19618 1
856 856 53
857 19618 6
858 13114 1
859 859 68
860 19618 2
861 19618 24
862 12532 1
863 4775 1
864 864 7
865 19618 4
866 10926 1
867 867 37
868 17902 2
869 869 489
870 19000 1
871 8236 1
872 4627 1
873 873 370
874 874 617
875 19618 1
876 19618 1
877 13288 1
170 10232 1
878 19618 2
183 9364 12
879 879 14
880 4163 1
881 19618 1
882 16980 4
883 19618 5
884 18665 2
885 19618 2
886 19498 1
887 19618 1
888 19618 3
889 19618 2
890 7733 2
225 225 296
891 7746 1
892 17801 1
893 19618 1
894 4920 1
359 745 1
895 19618 17
896 2239 7
897 897 7550
898 898 596
899 19618 4
900 900 9477
901 901 5849
902 902 924
903 903 33
904 11742 2
905 19618 51
906 19618 2
907 907 24
908 2539 2
909 19618 15
910 910 2
911 19618 17
912 17532 1
913 19618 1
914 19147 1
915 19618 12
916 916 315
917 14936 1
611 8483 1
918 6100 1
919 13549 1
920 2541 1
921 19618 246
922 922 110
923 8847 1
924 19618 1
634 14506 5
925 925 49
926 19618 2
927 19618 1
928 19618 1
929 12609 1
930 19618 29
931 19618 6
932 2816 1
933 19618 1
934 19618 1
935 12126 1
936 19618 1
937 937 1
938 2146 5
939 939 23
940 940 25
941 19618 2
942 1177 1
943 4054 2
944 944 59
945 11195 3
946 19618 3
947 19618 1
948 948 2339
431 3342 1
949 949 302
950 13343 1
951 1483 1
952 952 28
953 953 2
954 10218 1
955 19618 1
956 10825 1
957 957 28
958 19618 8
959 959 10
960 19618 1
961 19618 146
962 19618 1
963 19618 1
964 7846 1
965 12006 1
966 19618 1
967 16978 1
968 19618 1
296 13320 1
969 969 148
970 5329 1
971 19618 3
972 15891 1
973 973 12
974 974 175
975 19618 3
191 19618 23
976 19618 1
977 16444 1
978 978 4
979 3388 1
735 16123 1
980 980 2066
981 19618 1
982 19618 8
983 19618 3
984 11435 1
985 19618 1
986 9644 1
987 1647 1
988 19618 1
461 461 16077
989 15380 1
990 990 37
991 16259 1
992 992 1203
993 19618 2
994 19618 2
995 12413 1
996 996 16
997 19618 4
998 998 911
496 19618 1
999 19618 8
1000 19618 4
1001 505 3
1002 19618 2
1003 2878 1
1004 9601 1
1005 16666 1
1006 19618 14
1007 1195 1
1008 2468 2
1009 1009 39
1010 1010 68
1011 1011 2
1012 19618 4
1013 1013 184
1014 1014 27
1015 19618 1
1016 19618 1
1017 18559 6
1018 19618 1
1019 19618 1
1020 19618 5
1021 10659 1
1022 11277 1
1023 19618 1
1024 19618 1
1025 19618 1
1026 11582 2
1027 1027 30
1028 1028 119
1029 10346 1
1030 19618 1
1031 1222 1
1032 19618 3
1033 19618 11
1034 1034 1387
1035 1035 26
873 6043 1
147 5621 1
1036 1036 123
1037 19618 6
1038 19618 4
1039 9792 3
1040 2814 3
23 16073 2
1041 19618 49
1017 16408 1
1042 12809 1
1043 19618 1
1044 1044 9
1045 1045 1169
1046 1046 79
84 19618 16
1047 19618 1
1048 3934 2
1049 18670 1
1050 607 1
1051 6051 4
1052 1052 22
1053 5857 1
1054 19618 2
1055 18774 1
1056 19618 7
1057 1057 319
1058 19618 8
1059 7487 1
1060 4247 5
1061 19618 1
1062 1062 1571
1063 1063 27
1064 19618 1
240 240 397
1065 19618 1
1066 1066 23
1067 11126 1
1068 9646 1
1069 19618 1
1070 19618 1
1071 19618 12
743 19618 1
1072 19618 1
1073 1073 17
1074 11775 3
1075 19618 2
1076 1076 695
1077 19505 1
1078 12215 1
1079 17964 1
1080 15140 1
1081 1081 1564
1082 2877 1
1083 1083 179
1084 1084 79
1085 8601 5
1086 19618 2
1087 16853 1
1088 15876 1
1089 19618 3
989 3653 1
1090 19618 14
1091 1091 150
1092 1092 133
1093 4026 1
1094 1094 2574
1095 3319 5
1096 19618 10
261 12370 8
1097 7728 1
1098 19618 3
1099 19618 163
1100 1100 110
1101 19618 1
1102 2291 1
1103 17944 1
1104 1104 981
1105 11533 1
1106 1106 2814
1107 19618 2
409 3581 4
1108 19618 1
1109 5520 1
1110 1110 48
1111 1111 771
1112 19618 12
1113 19618 6
1114 10357 1
1115 1115 34
1116 19618 35
1117 19618 1
1118 19618 1
735 9196 1
1119 16883 1
1120 1120 7
1121 19618 2
1122 18401 1
1123 1123 24
1124 19618 1
1125 1125 17
325 325 35
1126 19618 14
1127 6867 2
1128 1128 42
1129 1129 17
1130 19618 1
1131 19618 2
1132 1132 500
1133 19618 1
1134 8349 1
1135 1135 3061
1136 1136 175
1137 1137 25
1138 19618 20
1139 16168 1
1140 19618 2
1141 19618 4
1142 2631 1
1143 14928 1
1144 1144 3
1145 19618 2
570 11518 3
1146 1146 416
1147 5432 1
1148 9766 2
1149 19618 11
1150 19618 1
1151 1151 3641
1152 19618 1
1153 16105 1
1022 6277 2
1154 7012 1
1155 19618 1
1156 11426 1
1157 1157 1
1158 19618 1
1159 14533 1
1160 1160 43
1161 8965 1
1162 2965 2
1163 16857 1
1164 1164 258
1165 1165 3
1166 8660 1
1167 1167 47
659 7924 2
1168 1168 7
1169 1169 2524
1170 19618 137
1171 14237 1
1172 1172 3738
1173 1173 24
1174 1174 158
1175 19618 1
1176 9280 2
1177 1177 113
1178 19618 3
1179 1581 2
1180 1180 4
1181 19618 1
1182 10768 1
1183 19618 2
1184 2341 1
1185 19618 5
1186 19618 1
1187 6050 2
1188 1188 368
1189 19618 19
1190 7018 1
1191 19618 1
1192 12693 2
145 11936 5
1193 19618 3
1194 1194 422
1195 19618 1
1196 19618 2
1197 19618 4
1198 14996 1
1199 1199 9
1200 9205 1
1201 2039 1
1202 19618 1
1203 90 1
1204 19618 1
1205 1205 231
1206 1206 1
1207 1207 220
1208 19618 1
1209 3508 3
1210 4357 1
1211 1030 1
1212 221 1
1213 1213 39
1214 9595 1
1215 1215 77
1216 2530 3
1217 1217 122
1218 637 1
1219 19618 1
1220 10252 1
1221 1221 6
1222 15032 1
1223 15182 1
1224 19618 3
375 2045 1
1225 12085 1
1226 1226 278
1227 19618 7
1228 1228 31
1229 1229 4
1230 2638 1
1231 1231 72
125 6781 3
1232 1232 18
1233 7437 1
1234 1234 129
1235 17419 1
1236 1236 939
1237 4760 1
1238 11477 1
1239 6245 1
1240 1240 243
1241 19618 1
1242 1242 4
1243 1243 40912
1244 1244 10
1245 1245 8729
1246 11179 1
1247 19618 27
1248 9792 1
1249 11375 1
1250 19618 2
1251 15022 1
1252 1252 353
1253 19618 23
1254 19618 1
1255 7799 1
1256 19618 1
1257 10117 1
1258 1258 1550
1259 19618 5
1260 19618 2
1261 10883 1
1262 19618 1
1263 4246 1
1264 19361 1
908 19357 1
1265 3255 2
1266 7176 1
1267 16196 1
1268 19618 45
1269 815 1
1270 19618 5
1271 1271 43
1272 19618 1
1273 9407 1
1274 19618 2
1275 11398 1
1276 19618 4
1277 19618 3
1278 11927 1
1279 1279 30
1280 9675 2
1281 1281 13
1282 1282 12
1283 1283 182
1284 1284 69
1285 13891 1
1286 19618 1
1287 13849 2
1288 1288 93
1289 19618 1
1290 4548 1
1291 3195 1
1292 12937 1
1293 12695 4
1294 1979 3
1295 19618 1
1296 19618 47
1297 9172 3
1298 1298 43
1299 1299 949
778 3606 7
1300 1300 3
621 5646 1
523 904 5
1301 17351 2
495 1174 3
1302 1302 169
1303 1303 280
1304 19618 1
1305 19618 9
453 858 1
1306 1843 2
1307 19618 19
1308 12636 1
1309 1309 47
1310 19618 1
1311 5067 1
1312 10071 1
416 19618 85
1313 1313 38
1314 19618 1
1315 19618 6
1316 19618 4
1317 5187 1
234 18471 3
1318 1318 29
1319 19618 1
1320 19618 2
1321 12696 1
1322 8073 1
622 12303 2
1323 19618 4
1324 1324 40
1325 3480 1
1326 15429 1
1327 19618 10
1328 1328 12
478 13450 1
1329 19618 2
1330 19618 1
1331 19098 1
1332 1332 98
1333 19618 52
1334 1334 108
1335 19358 1
1336 1336 11
1337 19618 1
1338 19618 5
1339 19618 62
1340 19618 79
113 113 6074
1341 19618 540
1342 1720 3
1343 1343 20
1344 1344 212
1345 19618 1
1346 1346 19
1347 3055 1
1348 19618 1
1349 19618 19
1350 12058 1
716 5809 2
1351 19618 33
1352 19618 1
1353 19618 2
1354 19618 244
1355 7561 1
1356 19618 1
1357 18166 15
1358 1358 7
1359 164 1
1360 9445 1
1361 12637 1
1362 19618 3
1363 1363 21
1364 19618 14
1365 19618 1
1366 19618 9
1367 1367 11
1368 1368 175
400 19618 1
1322 12893 1
1369 1369 105
1370 14937 1
1371 8582 1
1372 6855 2
1373 19618 1
1374 19618 1
1375 19618 1
1376 1376 1459
1377 2396 1
1378 19618 2
1379 19618 1
1380 19618 2
1381 1381 226
1382 1382 42
1383 19618 1
809 6840 1
1384 1384 2004
1385 1385 8
1386 5542 1
1387 19618 2
1388 1376 1
1389 19438 1
1390 1390 37
1391 18363 1
1392 19618 5
1393 1393 1092
1394 1394 5
495 19618 129
1395 19618 1
1357 19285 1
1396 19618 1
1397 1397 128
1398 4266 1
437 18264 2
1399 1399 14
1400 19618 1
1401 19618 11
1402 1402 10
1403 19618 3
145 13551 9
1404 1404 129
1405 6482 1
1406 19618 63
1407 19618 1
1408 11507 1
1409 1356 1
1410 19618 3
1411 19618 2
1412 1412 15
1413 19618 8
1414 19618 1
1415 19618 1
1416 6765 1
1417 19618 1
1418 1418 4
1419 1419 74
1420 19618 3
1421 1421 141
1422 11262 1
461 2418 1
1423 1423 282
1424 1683 2
1425 1425 26
1426 1426 46
1427 1427 137
1428 2717 1
1429 1429 28
1430 19618 1
1431 19603 1
1432 19618 1
1433 1433 28
1434 19618 1
1435 1435 40
1436 1436 1022
1431 17371 1
1437 1437 57
1438 1304 1
772 772 117
1439 19618 24
1440 19618 3
1441 19618 59
1442 1442 3735
1443 1443 249
1444 4307 2
1445 12026 6
1446 1446 159
1447 19618 4
1448 19618 13
735 8770 45
76 13791 1
1449 19618 4
1450 7016 3
1451 10610 1
1452 1079 2
1453 1453 387
1454 19618 6
1455 19618 1
1456 19618 6
1457 7774 1
1458 17393 3
1459 19618 6
1460 7955 1
1461 19618 1
1462 1462 59
1463 1463 872
1464 10380 1
1465 632 1
1466 1120 1
780 780 7076
1467 1467 4
1468 1468 65
1469 1469 67
1470 19618 1
1471 1471 17
523 13037 1
1472 16679 1
1473 19618 10
1474 19618 1
1475 1330 1
1476 19618 2
1477 6031 3
1478 19618 1
1479 1479 39
1480 19618 3
1481 19618 2
1482 1171 2
1483 6985 2
1484 1484 4
1485 3330 2
1486 15158 1
1487 19618 2
1488 19618 2
1489 19618 1
1490 6021 1
1491 8142 1
1492 7803 1
1493 1493 23
1494 19618 1
1495 13286 1
224 11700 3
1496 19040 1
1497 19618 8
1498 1498 17
1499 16531 2
1500 3602 1
1501 1501 3267
1502 1502 545
1503 19618 36
1504 15037 1
1505 18576 1
1506 19618 3
1507 19618 2
1508 19618 1
1509 19618 1
1510 5630 1
1511 1511 222
1512 1512 21
1513 19618 1
1514 4546 1
1515 12371 1
1516 1516 85
1517 1517 6
1518 19618 6
1519 14570 2
1520 14864 1
1521 19618 11
1522 19618 20
1523 19618 87
1524 1524 83
1525 1218 1
1526 1526 3
1527 19618 81
1528 1528 117
1529 19618 1
1006 1006 645
1530 19618 1
1531 19618 19
1532 19618 1
1533 10842 1
1534 1534 17
1535 2157 1
1536 6579 2
428 19618 141
1537 1537 3
1538 11884 1
1539 7368 1
1540 19618 1
1541 19618 1
1539 19618 19
1542 1542 868
1543 19618 1
1544 1544 292
1545 1545 6
1546 14853 1
1547 17423 3
1308 19618 69
1548 13226 1
1549 14803 2
1550 14798 1
1551 19618 2
1310 1310 14
1552 19618 102
1553 1553 15
1554 1554 63
1555 19618 1
1556 719 1
97 6448 5
1557 19618 25
1558 1558 4
1559 10331 1
1560 1560 1023
1389 9491 1
1561 7960 2
1245 18150 8
1562 19618 3
110 110 326
1563 3148 1
1564 1564 43
1565 3297 1
1566 1566 60
1567 3280 1
1568 1568 2
1008 11787 1
1569 1569 28
1570 730 1
1571 19618 7
1572 1472 1
1573 1573 1299
1574 1574 12
1575 19618 4
1576 1576 9
1577 2858 2
1578 19618 1
1579 19618 6
1580 19618 2
1581 19618 2
1582 19618 1
1583 1583 4
1584 1584 570
1585 13060 1
1586 2755 1
1587 19618 1
1588 1588 1260
1589 1589 15
1590 19618 24
1591 1591 938
1592 19618 1
1593 1593 98
1073 19618 1
1594 19618 4
1595 19618 1
1354 5381 1
1596 19618 1
1597 9703 2
106 3947 1
1598 4786 1
1599 1599 19
1600 19618 1
1601 19618 1
241 8704 1
1602 19618 1
1603 831 1
1604 5921 2
1605 19618 8
1606 1606 5
1607 19618 1
1608 3296 1
1609 9497 1
1610 15041 1
1611 1611 262
1612 17894 1
1613 1613 8
1614 11199 1
1615 1615 12
1616 11641 1
1617 18873 1
1618 193 1
1619 1619 20
1620 19618 1
1049 12041 3
1621 19618 2
1622 6041 1
1623 19618 4
901 14258 2
1624 11411 1
1625 7511 1
1626 1626 1
675 11953 3
1627 5089 1
76 15961 1
1628 19618 1
1629 1629 2
1239 3018 3
1630 1630 9
1631 5994 1
1632 16996 1
1633 4644 1
1634 19618 8
1635 1635 136
1636 19618 1
1637 19618 1
1638 19618 1
1639 8191 1
1640 1640 25
1641 19618 1
1642 19618 24
1029 11814 1
1643 1643 11
1644 11673 1
1645 1645 1
1646 11626 1
1647 1647 341
1648 18983 1
1649 1649 3481
1187 1187 1810
1650 8259 1
1651 19618 2
1652 19618 1
1653 19618 4
1654 32 2
1655 19618 1
1656 19618 9
1657 1657 4
1658 3032 1
1659 1659 13
1660 6717 1
1661 19618 31
1662 1662 122
1663 3952 1
844 273 1
1664 1664 2760
1665 19618 37
406 2765 9
1666 1666 2
1667 19618 2
1668 1668 63
1669 19618 1
1670 6496 1
1671 18809 3
1672 19618 44
1673 1673 2
1674 1674 93
1675 1675 6
1170 12227 2
1676 1676 136
1677 14652 1
1678 1678 2582
1679 6331 1
1680 1680 19
1681 19618 1
1682 1682 119
54 6393 1
1683 2049 1
1684 19618 1
1685 19618 6
1686 10347 1
1687 19618 3
1688 1688 4298
1689 19618 9
1690 18022 2
1691 19618 2
1692 18232 1
196 941 2
1693 19618 11
1694 1694 5
1695 17230 1
1696 19618 4
1697 1697 8
1698 15609 1
1699 6812 1
1700 19618 1
291 13129 1
1701 2560 1
1702 1702 44
1703 1703 116
1704 1704 82
1705 19618 2
1706 1706 8
1707 19618 1958
1708 19618 1
1709 19618 1
1710 8266 1
1711 19618 3
1712 1712 80
1713 1713 61
1714 2379 1
1715 8493 2
1716 19618 2
1717 11521 1
1718 19618 2
1719 10023 1
1720 17134 2
1721 1721 896
1722 17435 1
1723 19618 7
1724 1724 22
1725 2132 1
1726 3399 1
1727 1727 15
1728 19618 3
1209 10265 3
1729 19618 55
1730 7283 1
1731 1731 412
378 19618 8
1732 19618 6
1733 19618 8
1734 19618 8
1735 1735 22
1736 19618 1
1737 1737 19
1738 19618 68
1739 19618 2
972 972 46
1740 18220 1
1741 1741 1227
1742 19618 1
1743 19618 5
1744 6294 1
1745 19618 1
1672 12329 1
1746 15513 1
1747 19618 1
1748 5499 1
1003 16351 1
317 2522 2
1749 19618 5
1750 1750 38
1751 1751 16
1752 13413 1
1753 1753 6
1754 18252 1
1755 8097 2
1756 1756 123
1757 1757 359
1758 19618 14
1759 19618 1
1760 10370 1
1761 15534 1
1762 18188 2
1763 1763 280
1764 1764 2
1765 7904 1
1766 1766 3
1767 19618 1
1768 10421 1
1769 1769 122
1770 7815 1
1771 19618 4
1772 15169 1
1773 16548 2
700 19618 2
1774 19618 1
1775 1775 5
1776 1776 817
1777 19618 6
1778 19618 1
1779 13587 3
1780 1780 6
1781 1781 12
1782 1782 19
1783 19618 6
1784 8111 1
1785 1785 1
1786 4251 1
546 17485 3
1787 19618 1
1788 1788 1068
1789 19618 5
1790 19618 1
1791 1791 84
395 9064 1
395 19618 78
1792 16677 1
705 11870 1
1793 1793 73
1794 13453 1
1795 19017 1
1796 19618 143
1797 19618 3
1798 11624 1
1287 11380 1
1799 1799 18
1800 1800 423
1801 1801 110
1802 1802 54
1803 1803 27
317 2285 2
1804 443 3
1805 1805 35
1806 857 3
618 5700 1
1807 1807 777
1808 19618 3
1809 18397 1
641 4017 1
1810 1810 59
1811 1811 622
1812 1812 7
563 16170 1
1813 1813 108
1814 1814 16
1815 1815 900
1816 19618 1
1817 19618 67
1818 18883 1
1819 1819 512
1820 19618 1
1821 7056 2
1822 1822 25
1823 19618 3
1824 1824 3306
1825 17427 2
181 19618 73
211 12316 2
1826 1826 102
1827 1827 477
1828 453 2
1829 1829 605
790 19618 507
1230 18304 1
1830 18967 1
1831 1831 100
1832 19618 1
1293 10852 1
1833 1833 440
1834 1834 1261
1835 19404 1
1836 1836 11
1837 1837 47
1838 19618 3
1839 19618 2
1840 1840 2
1841 1841 67
1842 1842 24
1843 1843 144
1844 19618 2
1845 1845 3
1846 19618 2
1847 19618 1
1848 19618 4
1849 1849 125
1850 19618 1
1851 1851 143
1852 1852 9315
1853 6689 2
1854 1854 5
1855 1855 51
1856 19618 40
1857 1857 60
1858 19618 1
1859 1859 14
1860 19618 1
1059 19214 1
35 2112 1
1861 13174 1
1342 19 1
1862 4268 1
1863 1863 843
1864 1864 2
1865 19618 1
1320 1320 34
1866 11280 1
1867 1867 42
1868 17177 1
1055 12838 1
1869 1869 32
1870 1578 1
1871 19618 3
1872 19618 1
1873 1873 4323
1874 19618 1
1875 1875 248
1264 18261 1
1876 4315 11
1877 1877 1
1878 19618 1
1879 2853 1
1880 1880 1
1881 1989 2
1882 10199 1
1883 1883 158
831 831 4166
1884 1884 52
1885 19618 1
1886 19618 1
1887 1887 4336
1888 1888 3
1889 19618 32
1890 19618 1
1891 19618 3
1892 19618 1
1893 1893 189
1894 19618 1
1895 14755 1
1896 12149 1
1897 1897 58
1898 19605 3
1899 19618 2
1900 1900 248
1901 19618 11
1902 5683 1
1903 19618 7
1904 19618 41
1905 19618 4
862 862 1112
1906 1906 98
1907 1907 15545
1908 1908 2
1909 19618 1
1910 1910 8
1911 19618 1
1912 19618 3
1913 1913 5
1914 4736 2
1915 1915 142
1916 14211 1
1917 19618 1
1918 19618 2
1919 3336 1
984 7116 1
1920 19618 1
1921 19618 1
1922 19618 1
1923 19618 1
1924 19618 1
1925 19618 1
1926 19618 28
1927 1927 22
1928 1928 48
1929 19618 15
1465 19618 3
1930 1930 36
1931 10529 10
1932 10522 4
1933 5865 1
1934 1934 262
1935 11465 1
1936 19618 1
1937 12090 1
1938 1938 149
1939 1939 1147
1940 19618 1
1941 1941 156
1942 19618 3
1943 1943 429
1944 18138 1
1945 19618 1
1946 1946 130
1947 1947 9
1948 19618 9
1949 1949 6
1950 13746 4
1951 19618 1
1952 19618 1
1953 19618 5
1954 1351 1
544 19618 297
1955 19618 1
1956 1956 17
1957 1957 15
1958 1958 835
1959 19618 1
1960 17403 1
1961 1961 27
1962 1962 228
1963 19618 1
1964 7553 2
1965 19618 2
1966 12328 2
1967 19618 1
1968 1968 16
1969 1969 12
1970 16661 1
1971 19618 1
1972 19618 1
1973 1973 12
1974 19618 7
1975 2655 1
1976 19618 1
1977 14157 1
1978 14402 2
1754 13862 1
1979 6613 1
1980 19618 2
1981 6024 1
1982 17301 1
1983 19618 1
1984 1984 1
1985 1985 15
1986 1986 2039
346 346 36
1987 19618 62
1988 1988 483
1989 19618 2
1990 1990 246
1991 12414 1
1992 1992 101
330 19618 69
1993 1993 32
1994 19618 12
1995 1995 473
1996 8470 1
1997 19618 2
1998 1998 25
1999 4434 1
350 19618 13
2000 9178 1
2001 3082 1
2002 19618 5
2003 14716 1
2004 18062 1
2005 13141 1
2006 2006 371
2007 6020 3
2008 18108 1
2009 16861 1
2010 19618 4
2011 19618 1
1511 18295 1
2012 19618 1
2013 2013 163
2014 2014 1
2015 2015 23
2016 650 1
2017 9469 1
2018 2018 14
2019 2019 2
2020 2020 26
2021 19618 17
2022 19088 1
2023 10857 1
2024 19618 8
2025 2025 554
2026 11326 1
2027 2027 348
2028 2028 141
2029 3265 1
1296 1296 1240
2030 19618 8
2031 10912 1
2032 19618 665
2033 2033 156
2034 2034 6
2035 19618 1
2036 19050 2
2037 2037 49
2038 9890 2
2039 19618 1
2040 19618 1
2041 19618 24
2042 2042 6
2043 58 3
2044 2044 84
2045 19618 3
2046 7921 1
2047 19618 2
2048 2048 27
2049 2552 1
2050 19618 4
2051 2051 48
345 13142 1
2052 19618 2
2053 2053 638
1788 19618 30
2054 2054 51
2055 19618 1
2056 2056 22
2057 19618 3
2058 1595 1
2059 19618 1
2060 19618 5
2061 19618 2
2062 19618 38
2063 19618 2
2064 19618 1
1264 16499 2
2065 19618 2
2066 13604 1
2067 19618 1
2068 19618 2
462 462 5831
2069 19618 1
2070 2070 9
2071 2071 88
2072 2072 130
2073 8136 1
2074 19618 3
2075 19618 18
502 10119 1
2076 3224 7
1486 19618 545
2077 2077 111
2078 19618 1
2079 11993 1
2080 19618 1
2081 19618 2
2082 19618 1
2083 932 1
2084 2084 118
2085 4724 2
2086 9965 1
2087 19618 4
2088 2088 149
2089 2815 1
2090 2090 20
2091 19618 1
2092 2092 40
2093 19618 1
2094 2094 148
2095 19127 1
1542 17570 1
2096 19618 49
2097 8640 1
2098 2856 2
2099 19618 22
2100 19618 1
2101 19618 1
2102 19618 48
2103 19618 1
2104 19257 1
1157 13069 1
2105 2105 33
838 12374 1
2106 3639 1
789 18359 1
2107 19618 7
2108 19618 242
2109 19618 2
2110 19618 4
2111 19618 1
2112 19618 1
2113 2113 2
2114 17784 1
2115 2115 18
2116 2116 217
2117 19618 1
218 16234 1
2118 15801 2
2119 19618 1
844 19618 367
2120 19618 1
2121 2121 599
26 604 1
2122 19618 1
2123 2123 17
2124 12033 1
2125 19618 1
2126 2126 56
2127 2127 296
2128 2128 19
2129 2129 107
486 486 4079
2130 1520 4
2131 2131 7
288 8715 2
2132 2016 3
2133 12009 1
2134 2134 636
2135 3022 1
2136 17817 1
149 19274 1
2137 18238 1
2138 19618 1
2139 2139 10
2140 19618 8
1306 7780 1
2141 19618 1
2142 2142 21
2143 321 2
478 478 5137
2144 2144 136
1328 19618 1
2145 648 2
2146 19618 5
2147 8085 1
2148 12060 1
2149 19618 5
2150 2150 1747
2151 2151 748
2152 19618 1
2153 19618 1
2154 6037 4
2155 5155 2
2156 19618 1
2157 1085 2
2158 19618 3
2159 2159 4
1763 19618 6
2160 19618 4
2161 4064 1
2162 2162 1
2163 19618 42
526 526 167
2164 19618 4
2165 4563 5
1154 19618 12
2166 4039 1
2167 19618 1
2168 19618 1
2169 6999 1
2170 2170 16
2171 19618 5
2172 19618 2
2173 2173 96
2174 2311 1
2175 5090 5
2176 8594 1
2177 2177 3
2178 1582 1
2179 19618 1
2180 19618 3
2181 2181 318
833 9485 1
2157 17515 2
2182 2182 447
2183 19618 1
2184 4349 1
2185 8840 1
2186 19618 146
2187 19618 1
2188 19618 3
2189 19618 12
3 6013 1
2190 12427 2
604 19618 3
2191 2191 259
2192 19618 1
2193 2193 12
2194 19618 1
2195 19618 4
2196 2196 3851
152 152 1
2197 2197 1141
2198 6685 6
2199 2199 832
2200 2999 1
2201 19618 2
2202 19618 1
2203 5290 4
2085 19618 14
2204 10718 2
1139 1139 3666
2205 7375 2
2206 2206 20
1477 865 1
2207 19618 1
2208 7554 1
2209 2209 1442
1049 15462 1
2210 19618 1
2086 2086 2293
2211 2705 1
2212 10104 2
2213 19618 1
2214 19618 16
2003 19618 488
2215 3814 1
2216 19618 125
1510 4229 2
2217 9829 1
2184 3254 1
2218 860 2
2219 3617 2
2220 2220 131
2221 19618 2
2222 17807 1
2223 19618 5
2224 14143 1
2225 2225 398
2226 2226 3
2227 19618 127
2228 13108 1
2229 15260 1
2230 2230 16
2231 8984 1
2232 19618 1
2233 11389 1
2234 2234 296
2235 2235 141
2236 19618 1
2237 19618 1
2238 2238 11
2239 5414 2
2203 4097 1
2240 17405 1
2241 19618 1
2242 2242 2570
2243 278 3
2244 1428 12
2245 19618 1
2083 2083 128
502 9888 1
2246 19618 4
2247 10344 1
2248 19618 1
2249 2249 103
2250 19618 1
262 262 7
1532 1434 1
2251 19618 3
2252 19618 3
2253 19618 2
2254 19618 3
2255 8190 4
2256 19618 11
2257 19618 84
2258 19618 1
438 413 1
2259 1525 5
2260 3794 1
591 591 5
2261 10645 1
2262 19618 39
2263 19618 3
2264 2264 191
2265 2265 200
1690 8746 1
2266 19618 2
2267 2267 164
2268 4865 2
2269 19618 1
2270 2270 159
2271 2271 272
2272 19618 133
2273 4091 1
2274 1067 1
2275 2275 11
2276 3859 2
2277 2277 5762
2278 2278 232
2279 19618 1
107 5274 4
2280 4924 2
2281 19618 1
2157 2157 9291
2282 9899 1
2283 19618 10
2284 12483 1
2285 19618 3
2286 2286 22
2287 3425 1
2288 19618 1
2289 19618 1
2290 2290 7
2291 2291 76
2292 2292 3
1323 1323 194
2293 19618 5
2294 19618 6
2295 2295 89
2296 2296 1496
2297 19618 1
2298 15148 1
2299 2299 9
2300 5412 3
2301 19618 1
2302 19618 1
2303 2303 4
2304 2304 1
2305 13374 1
2306 2306 18
2307 14313 1
2308 17633 1
2309 2309 159
2310 19618 7
2311 19618 1
2312 19618 1
949 15337 1
2313 19618 4
1931 9697 1
2314 10530 1
2315 2315 49
2316 12365 1
2317 19618 15
1896 4279 14
2318 19618 55
2319 19618 3
2320 5925 3
2321 19618 5
2322 4732 4
2323 19618 1
2324 4296 3
2325 17033 1
2326 19618 4
2327 7322 1
2328 19618 1
2329 2329 13
2330 19618 4
2331 19618 11
2332 13424 1
2333 10423 2
2334 9576 1
2335 19618 2
2336 19618 12
2337 2337 135
2338 2338 106
2339 8449 1
2340 19618 1
2341 7221 3
2342 19618 3
2343 19618 1
2344 18132 1
1979 8546 1
2345 2345 77
354 19496 2
2346 2346 79
2347 19618 223
2348 2348 1673
2349 2349 43
2350 19618 21
979 19618 31
2351 19380 2
2352 7840 1
2353 2353 787
2354 16686 1
2355 2355 5
2356 19618 2
2357 2357 15
2358 2358 45
2359 2359 396
2360 2360 34
2361 12185 1
2362 2362 116
2363 19618 1
2364 2364 47
2365 2365 65
2366 2366 16254
2367 19618 9
2368 2368 43
2369 19618 48
2370 19618 1
2371 2371 431
2372 2372 5
2373 2373 383
2374 18641 1
2375 19618 1
2376 19618 2
2377 19618 15
2378 19618 1
2379 2379 478
1852 19618 247
2380 19618 2
2132 4737 2
2381 2381 8
2382 18866 1
2383 7196 1
2009 5603 2
2384 2384 1637
2385 2385 114
2386 2386 2324
2387 19618 1
2388 2388 53
2389 2389 58
691 19618 8
222 9206 1
2390 11482 1
2391 2391 6
426 4975 2
2392 2392 212
2393 14857 1
1870 7001 2
2394 2394 23
2395 7800 1
2396 19618 1
2397 19618 24
1164 19618 8
2076 9452 5
2398 4355 1
2341 6675 1
2399 2399 28
2400 19618 3
1954 16775 1
2401 2401 65
2402 2402 3144
2403 2403 125
2404 19618 3
2405 19618 7
2406 19618 1
2407 2407 9
2408 19618 2
2409 7279 1
1671 19618 106
2410 19618 5
2411 19212 2
477 19618 16
241 19618 150
2412 2412 101
2413 19618 1
2414 7350 1
2415 19618 5
2416 2416 4
2417 19618 15
2418 19618 1
2419 2419 141
2420 19618 1
2421 19618 8
2422 7909 1
2423 19618 1
2424 19618 3
1119 1421 2
2425 19618 25
2426 14172 1
2427 19618 4
2428 18784 3
2429 2429 27
2430 19618 3
2431 2431 1
2432 575 1
2433 19618 21
2434 2434 7076
2435 19618 3
2436 19618 1
2437 19618 1
2438 2438 11
2439 2439 1
2440 19618 1
2441 2441 112
2442 2442 20
2443 2443 2
2444 19618 1
2445 2445 395
2446 2446 827
2447 2447 155
2448 5394 1
2449 19618 5
2450 19618 1
2451 11476 4
2452 19618 74
2453 2453 457
2454 9795 2
2455 2455 39
2456 12172 1
2457 19618 2
1809 18967 1
2458 19618 1
2459 2459 1
841 841 913
1497 1497 233
2460 2460 52
2461 2461 563
2462 19618 240
2463 2463 52
2464 19618 21
2465 8823 1
2466 19618 57
2467 16700 2
2468 8032 2
2469 5894 1
2470 2470 1431
2471 8393 1
2472 2472 29
2473 19618 4
2474 2474 13
2475 19618 4
2476 2476 81
1725 12451 1
2477 2477 308
2478 2478 672
2479 2479 136
2480 2480 1
2481 2481 26
2482 19108 2
2483 19618 1
2484 19618 23
2485 13218 1
2486 2486 611
2487 8452 1
2488 19618 8
2489 19618 7
2490 7753 4
2491 2491 1
2492 19618 7
2493 19618 1
2494 10726 6
828 11058 1
2495 19618 2
2496 19141 2
2497 2096 1
761 761 47
2498 19618 1
2499 19618 15
2500 2500 58
2501 19618 3
2502 2502 144
2503 18462 1
2504 2504 18
2505 4832 1
2506 13558 1
2507 19618 1
2508 14789 7
2509 19618 8
2510 19618 3
2511 2089 1
2512 2512 13
2513 1290 1
2514 19618 78
2515 2515 53
2516 2516 1
2178 14892 1
2517 19618 1
2518 19618 1
1807 19618 22
2519 19618 1
352 19618 27
2520 2279 1
2119 2119 7
2521 19331 1
2522 19618 2
2523 19618 4
2524 15023 1
1866 14205 1
2525 14603 1
2526 15300 1
2527 2527 1628
906 906 62
2528 1855 1
2529 12390 1
2530 19618 422
2531 2531 16
2532 19618 2
2533 2533 541
2008 2008 21
2534 2534 11
2535 19618 11
2536 19618 1
2537 1806 4
2274 19618 231
2538 2538 92
2539 14323 1
2540 2540 33
2541 2541 10
2542 2542 461
2543 19618 17
2544 15126 1
2545 19618 2
2546 14430 5
577 10886 1
2547 19618 4
2548 6978 1
2549 2549 159
2550 19618 1
1925 737 1
2551 2551 11
2552 2552 21
2553 2553 93
2280 19618 4
1205 19618 7
735 2958 1
2554 2554 20
2555 2555 1
2556 10258 1
1263 19618 11
2557 2557 19
2558 19618 6
2559 19618 2
2560 10855 1
2199 19618 24
2561 19618 32
884 19618 33
171 171 31361
744 18302 1
2562 19618 4
2563 19618 1
2564 710 5
2565 2565 76
2566 15514 1
2567 2548 2
579 19618 4
2568 13776 2
2569 7373 2
2570 19618 1
2571 16823 1
2572 3826 1
1536 1536 2573
2573 19618 8
2574 2574 9
2114 4579 5
2575 19618 1
398 15349 1
2576 2576 25
2577 19618 1
2578 2578 13
2579 2579 31
2580 11939 1
2581 19618 1
2582 16319 1
2583 8475 1
2584 2584 30
2585 19618 31
2586 15955 2
2587 12311 1
2588 2588 565
2589 8964 2
2590 19618 2
2591 19618 1
2592 19618 5
2593 19618 12
2594 2594 2517
2595 4593 1
2596 2596 15
2395 845 2
2597 19618 1
2598 2598 2297
2599 2599 39
2600 2600 15
2601 2601 43
2602 2602 998
426 8003 1
2209 16192 1
904 6053 3
2603 17130 1
2604 19618 1
2605 19618 2
2606 11065 1
2607 2607 20
2608 19618 2
2609 2609 5
2610 19095 1
2611 2611 26
2612 7995 3
2613 2613 222
2614 12644 1
2615 357 3
793 3671 1
2616 19618 1
2617 14013 11
2618 18957 1
2619 2619 1
2620 2620 7
1253 19100 1
2621 2621 1388
2622 463 1
2623 19618 1
2624 19618 1
2625 19618 2
2626 19618 1
2627 8943 2
1059 19618 267
2628 2628 441
2629 19618 1
2630 3999 6
2631 19618 1
2632 720 6
1828 19618 277
2633 2633 60
2634 19618 1
2635 19618 1
2636 1894 1
2637 19618 2
2638 18769 2
2639 14837 4
2640 2640 64
324 9654 1
2641 8117 1
2642 19618 3
2643 2643 533
2644 2644 20
2645 10736 2
2646 19618 3
2647 8004 1
2648 19618 8
2086 9249 1
2649 19618 227
1297 5032 4
2650 19618 97
2651 19618 13
905 905 2017
2652 2652 51
2653 16304 3
2654 19618 5
2655 2655 164
2656 2656 42
2657 2657 412
2658 19618 3
2659 7720 1
2660 19618 14
2661 7442 1
2662 8561 1
2663 2663 5098
2664 19618 21
2433 1701 1
2665 11701 1
2666 5592 1
2667 11416 1
2668 11200 1
2669 7764 1
1285 9768 2
2670 5745 1
798 798 16
2022 6430 2
2471 2471 199
2671 19618 1
1409 7721 1
1931 15698 1
2672 2504 1
2673 2673 60
2674 19618 14
2675 19618 28
2676 19618 1
2677 19618 1
2678 19618 1
2679 16513 1
2680 19618 1
2494 8703 1
415 7443 1
2681 10277 2
2108 18508 1
2682 2682 115
2683 19618 6
2684 2684 19
2685 2685 9
2686 911 1
2687 19618 7
2688 11187 1
2689 19033 1
2690 19618 16
2691 17075 1
2692 2692 100
2693 19618 1
1688 2455 2
2694 2694 13
995 2156 1
273 3812 3
2695 18992 1
2696 2696 784
2697 390 2
2698 2698 14
2699 19618 1
2700 2700 243
2701 8172 2
2539 13695 1
2702 19618 1
2703 19618 18
2704 19618 1
2705 19618 6
931 931 247
2706 19618 1
2707 1972 1
2708 19618 3
1991 13938 8
2709 19618 1
2710 2710 8
2711 19618 1
2712 18526 1
2713 19618 11
1673 19618 1
2714 2714 41
705 7003 6
2715 19618 12
2716 2716 16
2717 2717 130
2718 7500 1
1896 6453 1
478 16998 1
2719 2905 1
2720 8414 2
2721 19618 1
2722 2722 3535
2723 2723 110
2724 2724 481
2725 9797 2
1357 8086 1
2726 18000 1
1151 17226 2
2727 12257 1
2728 2728 166
2729 19618 3
2730 2730 99
2731 19618 27
2732 19618 2
2733 19111 1
1491 4306 1
2734 2734 525
2735 2735 20
2736 2736 146
606 14097 1
2737 19618 1
2738 19618 1
2739 19618 2
2740 19618 15
746 17106 1
2741 19618 4
358 492 3
2742 19618 1
1285 3456 1
2743 19618 1
2744 19618 5
1760 19618 47
2745 19618 2
2036 19618 57
2746 19618 10
2747 19618 2
2748 2748 108
2749 293 1
2750 19618 1
1306 10536 1
2268 8043 1
2751 19618 517
2752 19618 1
2753 2753 117
2754 19618 10
2755 19618 3
2756 2756 6
2757 2757 14
2758 2758 10198
2759 7844 1
2760 19618 43
2761 2761 415
2762 2762 51
2679 2679 140
2763 2763 122
1518 1518 160
2764 13183 1
2765 19618 19
2766 2766 236
2767 2940 1
2768 3529 1
2769 17814 1
2770 2296 4
467 8188 1
2771 2771 458
2772 12607 1
2773 16038 1
2774 2774 2159
2775 2775 19
619 3813 1
2776 2776 1553
588 588 83
2777 2777 21
2778 2778 1335
1986 2577 1
2779 19618 3
2780 19618 7
2781 19557 1
2782 19618 1
2783 19618 1
2784 19618 1
2785 19618 1
2786 2786 1578
1003 3703 1
1879 19618 6
2787 19618 35
2788 19618 2
2789 9776 1
2790 3365 1
2 12979 1
2791 2791 74
2546 2546 6723
2792 8657 2
2793 19618 1
2794 9822 1
2795 1563 1
2796 2796 1911
2797 19618 60
2798 19618 1
2799 2799 380
2800 19089 1
2801 19618 2
2802 18066 1
2803 13960 1
1327 4636 1
2804 15411 2
2805 2805 120
2806 19618 1
2807 2807 172
1987 10191 1
2808 2808 676
2809 19618 35
2810 2810 1632
2811 1274 1
1103 19618 75
2812 19618 70
2813 2813 1292
2814 6440 1
2815 8971 2
2816 19618 2
2817 19618 1
986 5941 3
2818 19618 8
2819 4686 1
2820 19618 200
2277 270 3
2821 2821 117
2822 19261 2
2823 2823 189
109 9403 1
2068 2068 40
2824 5947 1
2825 2825 71
2826 19618 1
1414 1414 26
2827 19618 2
2828 2828 148
2829 19618 1
2830 2830 3
2831 2831 15
2832 19618 3
2833 2833 46
2834 6624 1
2835 2835 29
2836 2836 109
2837 19618 1
1758 1758 448
2838 19618 1
2839 19618 14
1980 1980 90
2840 2840 1
2841 19618 1
779 19201 4
2627 760 1
2842 5222 1
634 5166 3
2843 19618 1
2844 13235 1
2845 11378 1
2846 2609 1
2847 19618 4
2848 18276 1
2530 19361 1
2849 19618 77
510 510 140
2850 2850 55
2851 2851 448
2852 19618 1
2853 19618 1
2854 19618 1
2855 19618 1
2154 9665 1
1853 1853 10001
2856 2856 26
2857 2857 1453
2858 2858 4075
2859 19618 11
2860 2860 8302
2861 15550 1
2862 10036 1
1904 1904 1563
2863 2863 358
2864 19618 1
2865 2865 54
2866 8291 1
2867 19618 18
2868 2868 9
2869 16082 1
2870 2870 10
2871 2596 1
2038 15453 1
2872 19618 1
2873 19618 5
2874 19618 1
2875 2875 22
2876 19618 3
2877 2877 8
265 5251 1
863 13375 1
2878 2878 2
2879 2879 76
2880 19618 1
2881 2881 856
2882 3140 1
2883 11503 1
2884 2884 22
2885 4006 2
1096 1096 497
2886 2886 33
2887 10095 1
2888 19618 1
2889 1920 1
2890 2890 944
2891 1111 8
2892 2892 305
2893 19423 1
2894 2894 1
2895 2895 1346
2896 2896 1
2897 2897 456
2898 2898 752
2899 19618 2
426 19618 190
2900 2900 19
2901 2901 165
2882 18914 1
714 17783 1
2902 17062 2
2903 10094 2
2904 2904 105
2905 2905 58
2906 19618 151
2907 2907 128
2908 2908 6
2494 19618 488
2909 18721 1
2910 19618 1
1729 11044 1
2911 2911 79
2912 2912 19
705 14715 2
329 15987 2
2913 2913 250
718 19618 22
2914 19618 3
2915 2915 113
1055 6774 1
2916 11866 1
2917 15483 1
2918 2918 132
2919 19618 22
2920 19618 1
2921 19618 15
2922 2922 18
2923 19618 25
2924 19618 2
2925 2925 22
1387 1387 15
2926 5346 1
2927 19618 2
1222 7165 2
2928 19618 3
2929 19618 2
2930 1240 2
2815 14742 2
2931 2917 1
2932 2932 281
2933 2933 29
2934 16257 1
2935 19618 11
2936 2936 151
2937 19618 4
2938 2938 149
20 7480 1
2939 19618 12
2940 2940 45
2196 19618 94
2941 19618 1
2942 2942 137
2943 2943 466
1048 4673 1
75 75 72
2944 593 1
2945 19618 6
2946 2946 126
2947 2947 140
2948 19618 1
2949 2124 1
104 16685 1
2950 2950 8
59 59 2641
877 11282 1
2951 1608 2
2952 19618 2
2953 7109 1
2954 19618 1
1159 10369 1
2955 2875 1
2530 14059 1
2956 19618 1
2957 5594 1
2958 2958 133
2959 19618 3
2960 18507 1
2961 15844 1
2962 13542 1
2963 19618 2
2823 19618 2
2964 19618 23
2965 16300 1
2966 19618 2
2043 19618 55
1041 18353 1
2967 2967 978
2968 19618 2
2969 19618 4
2970 19618 18
2971 2971 42
2972 2972 94
2973 19618 20
2974 19618 3
2975 6433 1
2347 6803 3
2976 2976 134
250 648 51
1299 11835 1
2977 19618 31
2978 19618 2
2979 2979 543
2980 19618 4
2981 2981 66
1710 9243 1
2982 2982 57
2983 19618 1
2984 7890 1
2985 2985 210
2986 19618 15
437 9387 1
2987 2987 82
2988 19618 164
2989 19618 83
2990 2990 31
2991 2991 2552
2992 7434 1
1755 19618 38
2993 18702 1
1943 19618 12
2994 19618 1
2995 2995 17
2996 13096 1
2997 2997 164
2998 2094 1
2999 2999 18
3000 3000 170
3001 11120 1
3002 1068 1
3003 3003 13
3004 17298 1
3005 3005 45
3006 3006 616
3007 19618 4
995 6143 1
3008 3008 207
2953 829 3
3009 19618 2
1122 5258 2
2102 5073 1
3010 17941 1
3011 3011 11
3012 3012 54
3013 19618 5
3014 3014 97
1804 6896 2
3015 1063 1
3016 19618 1
3017 3017 16
3018 3018 296
3019 3019 45
3020 19618 1
3021 19618 2
557 19618 2
3022 18415 1
3023 12832 3
3024 3024 123
3025 19618 4
3026 3026 10
3027 3027 3
3028 3028 158
1501 18223 1
3029 3029 127
3030 3030 459
3031 3031 154
2772 3378 1
3032 3032 72
3033 19618 1
3034 3034 8
3035 19618 6
3036 19618 5
3037 19618 5
2362 17596 1
1076 19618 15
3038 19618 4
3039 3039 29
3040 19618 1
3041 19618 1
3042 3042 17
3043 3043 246
3044 19618 1
1143 1143 237
3045 19618 3
3046 19618 3
3047 582 1
3048 19618 58
3049 19618 4
3050 19618 2
2121 19618 19
3051 19618 2
3052 19618 14
3053 19618 1
3054 1924 1
3055 3055 89
1175 1175 1
3056 19618 55
3057 3057 3
3058 15124 1
3059 19618 18
3060 3060 1139
3061 19121 3
3062 19618 421
3063 12761 1
3064 3064 29
3065 19618 229
3066 8848 3
3067 3067 875
3068 5802 1
3069 19618 590
3070 7131 1
3071 15964 2
3072 19618 2
923 9785 1
3073 19618 55
3074 19618 7
1904 16596 1
686 19349 1
3075 3075 15
3076 19618 3
2652 19618 1
1179 19290 2
3068 7624 1
3077 3077 45
3078 18081 1
1650 19618 219
3079 3079 21
3080 19618 6
3081 3081 11
3082 3082 42
3083 19618 3
3084 8319 1
3085 251 1
3086 19184 1
872 320 1
3087 19618 1
3088 3088 173
3089 3089 6
3090 19618 1
224 18944 1
3091 19618 1
107 1504 7
3092 8754 1
3093 3093 1420
2469 17093 1
2190 5970 3
3094 3094 18
3095 19618 2
1887 1829 2
3096 3096 31
3097 19618 1
3098 3098 19
2862 14552 1
3099 3099 502
3100 19618 2
3101 17891 1
837 14529 1
3102 19618 2
3103 3103 77
88 12391 1
3104 19618 11
183 648 20
3105 19618 17
3106 3106 67
3107 19618 1
3108 17698 1
3109 19618 2
3110 19618 6
3111 451 3
3112 10715 1
3113 19618 2
494 494 52
3114 19618 2
123 14426 1
2292 19618 2
1341 1341 22154
3115 19618 1
3116 11168 1
2104 14713 1
3117 3117 160
3118 265 1
3119 19618 1
3120 19618 2
3121 19618 3
3122 19618 4
3123 3123 2164
2206 19618 2
3124 3124 91
3125 3125 45
3126 752 2
3127 1196 1
204 4941 1
2885 2885 3714
3128 3128 110
3129 19618 6
3130 19618 3
3131 19618 2
376 8963 2
3132 3132 15
3133 1346 1
3134 3134 28
1547 424 1
2205 2205 4188
333 19402 1
3135 19618 33
2786 11896 1
3136 914 1
3137 14877 1
3138 19618 12
1755 7613 1
2774 3385 1
3139 19618 1
3140 8863 1
3141 3141 408
3142 19618 1
3143 3143 25
3144 19618 3
3145 19618 1
905 19381 2
3146 19618 1
3147 19618 1
3148 19618 2
3149 19618 1
3150 7120 1
3151 19618 1
3152 3152 87
3153 16752 1
3154 19618 4
3155 19618 12
3156 3156 1470
3157 19618 3
3158 19618 1
3159 19618 2
322 322 1009
3160 3160 16
3161 3161 40
3162 19618 1
3163 19618 2
1294 16997 1
3164 10091 1
3165 3165 1
1663 16174 2
3166 19618 29
3167 3167 16
3168 3168 8
3169 19618 1
1398 1398 39
3170 14566 3
3171 5270 1
3172 3172 12
3173 10902 3
3174 19618 17
3175 3175 4
301 2881 1
1034 10354 3
3176 19618 1
3177 19618 5
2163 8407 1
3178 19618 2
212 19618 226
3179 19618 2
3180 3180 398
3181 3181 54
3182 19618 1
735 4634 55
3183 16691 1
3184 3184 42
3185 17798 1
3186 3186 145
3187 2467 4
3188 17853 1
3189 19618 3
3190 19618 1
1679 3190 1
731 19192 1
3191 3191 778
3192 19618 2
2546 3438 1
3193 409 1
3194 19618 7
3195 19618 1
3196 5417 1
3197 3197 34
3198 19618 2
3199 3643 1
3200 19618 1
3201 11750 1
3202 19618 1
995 5023 1
3203 19618 1
3204 19618 1
3205 19143 1
3206 19618 23
3207 19618 4
194 8729 1
3208 19618 23
3209 6318 1
3210 19618 2
3211 3211 35
3212 3212 1174
3213 19618 2
3214 1601 1
3215 2832 3
3216 19618 1
1357 13561 32
3217 10363 1
3218 503 1
3219 3219 5
3220 3220 20
2895 19618 39
3221 19618 1
3222 3222 11
3223 13105 1
3224 3224 463
890 19618 684
917 17399 1
3225 15187 1
3226 3226 9
3227 3227 24
3228 5786 2
3229 3229 738
3230 19618 3
3231 19618 2
3232 19618 8
3233 18340 1
3234 3234 82
3235 19618 1
3236 2199 4
3237 13809 1
1707 6091 4
3238 3238 6
3239 3239 20
3240 3240 151
1770 13409 1
3241 3241 50
3242 19618 1
3243 3243 87
3244 3244 51
3245 3245 243
2936 10745 1
3246 8375 1
3247 19618 1
1091 19618 1
3248 19618 3
2612 11496 5
3249 3249 15
352 800 1
3250 18768 1
3251 19618 28
3252 16621 1
1306 18026 1
3253 3253 5
3254 14870 1
2393 2393 460
3255 19618 4
3256 3256 522
3257 3257 2010
3258 3258 6
3259 3477 2
3260 19618 1
3261 14695 1
3262 3262 29
3263 8427 1
3264 3264 56
3265 19618 1
3266 6012 1
3267 19618 2
3268 19618 3
3269 19618 2
3270 352 1
2784 2784 37
2369 4406 1
3271 10506 1
3272 3272 14
3273 10624 3
3274 8437 2
3275 12198 1
1113 5027 1
3276 19618 1
3277 19618 1
379 379 3
3278 19618 1
2826 2826 10
3279 18303 1
3280 3280 146
3281 3281 7
3282 6191 1
3283 9787 1
3284 3284 22
3285 19618 5
3286 3286 1169
3287 12386 1
3288 3288 20113
3289 3289 238
1372 15363 1
3290 19618 1
826 826 89
3291 3291 25
3292 11331 1
3293 19618 3
3237 19618 130
3294 3294 13
287 10424 1
3295 2184 1
3296 3296 5
1331 13828 1
3297 12805 1
3298 5759 1
3299 18417 2
3300 19618 5
3301 19618 1
3302 19618 2
3303 3303 36
3304 3200 1
3305 5008 1
3306 19339 1
3307 19219 1
3308 19618 20
3309 3309 947
3310 19618 1
3311 3311 139
2949 19618 40
3312 19618 32
3313 19618 3
3314 3314 290
3315 19618 1
1688 2389 2
3316 3316 115
2653 9639 2
3317 19618 1
570 5360 2
3318 19618 1
611 3519 1
3319 1901 1
3320 3320 351
322 17823 1
3321 3321 17
3322 4895 1
3103 11755 1
3323 3323 367
3324 19618 1
3325 3325 1980
3326 19618 21
3327 6182 2
2308 8205 5
3328 3328 28
3329 3329 125
3330 6823 2
3331 5351 1
3332 19618 10
2464 2464 912
1985 19618 1
3333 19618 2
3334 5956 2
1831 19618 3
3335 3335 4
3336 19618 8
3236 8902 1
3337 7972 1
1541 1541 26
735 15637 1
1720 12882 2
1 1703 1
3338 3338 284
3339 3339 12
3340 3340 37
3341 3341 72
3342 19618 1
2923 16626 1
3343 19618 31
3344 3344 19
3345 3345 62
3346 6347 7
3347 9296 1
3348 3348 74
1214 12070 1
212 212 9121
3349 3349 544
3350 19618 1
3351 3351 53
3352 2537 1
3353 3353 528
3354 306 1
3355 19618 7
3356 3356 81
3357 375 1
220 12087 1
3358 3358 71
423 19618 12
3359 3359 14
3360 3360 210
3361 18374 2
3299 12905 2
3362 19618 81
3363 19618 36
3364 19618 2
1026 19618 10
3365 19618 1
1559 2817 1
3366 19618 16
3367 3367 2
2903 5010 1
2086 11170 1
3368 3669 1
1701 3749 1
3369 19618 2
3370 3370 2645
3371 19618 2
3372 3372 972
1572 4586 2
3373 3152 5
3374 6346 1
3375 19618 2
3376 3376 71
900 11806 1
3377 480 1
3378 19618 2
3379 3379 432
1486 14881 1
1561 10438 1
3380 4451 1
3381 3381 979
3382 3382 16
35 6109 1
3383 19618 1
3384 19618 1
3385 3385 20038
3386 3386 22
915 915 302
3387 6160 1
3388 3388 8
3389 3389 53
3390 3390 16
3391 19618 5
3392 23 1
3393 3393 35
3394 19618 48
3395 19618 1
24 17689 1
3396 3396 80
3397 3397 13
3398 4740 1
1561 11096 1
3399 4480 1
3400 3400 17
2996 880 2
1342 1690 3
2 16346 1
3401 3401 17
3402 19618 1
3403 269 1
3404 3404 3
3170 1148 2
224 11504 6
3405 8338 1
3406 14133 1
3407 6174 1
3408 19618 3
3409 6472 1
935 18723 1
3410 19618 19
3411 19618 1
3412 3412 26
3413 3413 109
3414 19618 14
3415 3415 80
3416 19618 5
3022 4863 1
2086 13326 1
3417 19618 2
3418 15017 1
3419 3419 16
3420 19618 1
3421 3421 48
1639 3470 1
3062 10683 2
3422 19618 1
3423 3423 19
3424 3424 267
1460 19618 17
3250 19618 13
3425 3425 1
3426 3426 9
3427 14290 1
3428 19618 1
2049 14468 1
3429 19618 3
3430 3430 1
3431 3431 18
3432 3432 18
374 19618 5
3433 17696 1
3434 19618 2
3435 12167 1
2486 19618 12
3436 3436 44
844 14915 2
3437 19618 3
1901 6233 1
3438 3438 29
3439 3439 14
3377 3377 2901
3440 4880 1
3441 5953 1
3442 6793 1
3443 19618 1
3444 7679 1
3445 19618 1
3446 19618 1
3447 18468 1
3448 19618 2
3309 7336 1
3449 19618 2
3450 3450 2
3451 19618 2
3452 3452 12
3453 19618 1
3454 3454 284
1492 16598 1
3455 1775 1
3456 19618 8
3457 11917 3
3458 3458 19
3459 3459 39
3460 3460 9
3461 3461 24
3462 15819 1
3463 19618 1
3464 3464 11
2395 10208 2
3465 19618 2
3466 18247 3
3467 991 3
3468 19618 49
3469 3469 250
3470 3676 1
3471 19618 1
3472 19618 1
3406 3406 179
3473 19618 28
3474 3474 447
3475 19618 5
3476 3476 4
3477 19618 2
3478 9940 1
3479 19618 1
3480 19618 1
3481 3481 310
3482 3482 22
3483 9812 1
1225 10519 2
3484 3552 2
3485 3485 312
3486 19618 2
3487 7287 1
648 7921 1
1714 7217 1
961 11769 1
1297 3374 2
3488 6401 2
3489 12511 1
3490 3490 691
3491 19618 4
3492 3492 78
3493 19618 1
1410 1410 22
3494 3494 26
3495 14367 1
1008 14967 1
3496 19618 1
3497 19618 1
2690 15712 1
3498 9211 2
3499 3057 1
904 15220 1
3500 3500 2
1486 16712 1
3501 19618 3
3502 3502 547
3503 1173 2
3504 19618 2
3505 5748 1
3506 3506 39
3507 19618 8
3508 9014 1
1671 13964 2
3509 3509 32
2160 2160 33
3510 3510 11
3511 3511 25
3512 3512 77
3513 3553 1
270 11369 1
1892 1892 28
1357 3491 1
3514 3514 10
3515 19283 1
1505 19618 132
3516 3516 1
2255 3084 5
3517 19618 3
3518 3518 434
3519 19618 41
3520 7898 1
3521 19618 1
3522 19618 4
3523 6075 1
3524 3524 185
3525 14381 2
3526 3526 194
3527 3527 73
3528 13789 1
3529 19618 2
3530 4029 4
3531 8492 1
2243 15086 2
3532 3532 227
3533 4348 1
3534 3534 37
3535 8378 1
3536 8385 2
3537 19618 1
3538 3538 2212
3539 19618 2
3540 3540 21
3541 3541 13
281 9866 1
3542 4719 1
3543 260 1
1486 3322 1
3544 3544 279
2672 2097 1
3545 8139 1
3546 19618 1
3547 3547 36
3548 4712 1
1034 14457 1
3549 19618 2
1053 1755 3
3550 3550 21
3551 3551 53
2425 17271 1
3552 9116 1
3261 3261 77
3553 19618 3
3554 3554 27
3555 3555 782
3556 15011 1
3557 2989 1
3558 3558 13
3559 19618 7
3560 16956 1
648 3054 1
891 11784 2
3561 3561 3
491 2053 1
224 12175 1
3562 3562 792
1614 15867 1
3563 2991 2
516 18166 1
3564 10348 1
3565 9429 1
3566 17724 1
3567 3567 528
1866 1226 3
3568 3568 110
3569 3569 42
3570 1404 1
3571 1140 2
3572 3572 629
2681 9523 1
3573 15351 1
1138 11572 1
3574 13840 1
3575 19452 4
3576 10798 1
3577 3577 25
3578 19618 1946
3579 19618 2
3580 19618 1
3581 3581 31
3582 3582 15
3583 10503 1
3515 3515 10000
3584 3584 136
534 534 24
409 11082 2
3585 6656 2
3586 17918 1
3587 4343 1
3588 12712 1
3589 3643 3
981 981 17
3590 3590 830
3591 19618 1
3592 19618 1
3593 19094 1
3594 3594 34
3595 19618 11
3596 3596 75
3597 19618 2
3598 19618 30
68 12356 1
2175 3466 10
3599 19618 1
3600 19618 1
2442 19618 2
3601 2254 1
3602 9981 1
1156 17757 2
3603 9522 6
3604 3604 71
3571 12587 2
3605 16840 1
3606 19573 1
3607 3607 79
3608 19448 1
3609 19618 2
3610 19618 20
3611 19618 2
2286 19618 1
3612 12094 1
3613 3613 16
3614 19618 1
3615 17995 1
3616 2542 1
3617 19618 73
3618 3618 6
3619 1162 9
927 927 9
3620 19618 9
2819 2819 486
3621 19618 2
89 89 58
727 11986 1
3622 17609 1
3623 19618 1
3624 3624 146
3625 3625 20
3626 19618 1
3627 9282 1
157 157 2
2259 6706 1
3628 19618 2
1598 19618 16
3629 19618 39
3630 3630 4
3631 3631 13
3632 3632 20
3633 19618 1
3634 5475 1
3635 3635 4
3507 14824 1
3636 19618 4
3637 19618 1
3638 19618 11
3639 8096 1
1341 489 1
3640 19618 1
1222 18433 3
3641 19618 2
3642 3642 193
3643 19618 31
3358 19618 2
3644 3644 212
3645 7684 1
3646 992 1
3647 11717 1
3648 19618 6
3649 3649 55
3650 3650 9
3651 19618 1
3652 19618 6
3653 15719 1
3654 3654 11
3655 3655 102
3656 3656 13
3657 19618 39
3658 3658 88
3659 3659 6
1114 19056 1
471 471 40
3660 19618 1667
3661 3661 105
3662 4102 4
809 8476 3
3663 4901 1
3664 6490 1
3665 19618 49
1954 9582 1
3666 19618 1
3667 10595 1
3668 16801 1
3669 3669 319
585 585 4066
3388 19618 1
3670 19618 3
574 574 1163
3671 3671 542
3672 3672 15
3673 19618 1
3674 6086 2
359 4747 1
26 2889 4
3675 3675 49
3676 4762 2
3677 19618 34
3678 3678 5
3679 5656 2
3680 3680 1139
3681 19618 15
3617 3617 3252
3682 3682 877
3683 3683 268
3684 19618 1
3685 3685 62
3686 19618 1
3687 3687 85
3688 19618 4
1163 17526 1
3689 19618 3
3690 1208 1
3691 19618 1
3692 19618 6
3693 19618 1
3694 19618 1
2537 13027 3
2284 2284 51
3695 19618 4
3696 14524 1
3697 3697 125
3698 19618 2
3699 3699 18
3700 3700 50
3701 12594 1
221 363 2
3676 8433 1
3702 3702 588
3703 19618 4
3612 6759 1
3704 3704 63
3705 14692 1
3706 3706 14
3707 19618 1
3708 11944 1
3709 19618 2
3710 16907 1
3711 3711 120
3712 19618 1
3713 3713 5
3714 3714 28
3715 3715 166
1408 8399 1
3716 19618 1
1931 16772 9
3717 3717 9
3718 11696 1
3719 3719 91
3720 6537 1
3721 19618 1
3722 3722 37
3723 19618 1
2377 313 1
3724 3724 279
3725 19618 1
1458 1458 9011
3726 19618 7
3727 19618 16
3728 19618 2
3729 19618 1
3730 19618 1
3731 19618 1
3042 19618 1
3732 19618 34
3733 3733 30
3734 19618 1
731 2027 1
3735 3735 631
3736 19618 4
1940 1940 33
3737 10461 2
3738 19618 1
3739 19618 27
3740 19618 1
3741 244 4
3742 1395 1
3743 15339 1
3744 3744 987
3126 19618 24
322 5348 1
2462 19378 4
3745 19618 139
3746 1091 1
3747 19618 3
256 12207 1
3748 3748 105
3749 3749 1414
1723 1516 1
3750 19618 4
1919 10696 1
3751 19618 1
3752 3752 72
70 19618 1
3753 19618 1
3754 3754 126
3755 19618 1
2786 11027 1
2472 19618 1
3756 3756 19
3757 19618 2
59 10885 1
3758 3758 67
2723 19618 2
3759 8719 1
3760 3760 11
3761 3761 14
3762 3762 66
2622 19618 85
107 2789 6
2209 19618 43
3763 19618 2
3764 19618 3
3765 3765 7
3766 19618 3
3767 19618 8
3768 15487 1
3769 19618 1
1026 1026 386
3134 19618 1
3770 3770 485
3771 19618 26
3772 3772 1
3773 10670 1
68 3574 1
3774 7748 1
3775 3775 4
447 5944 1
3776 18228 1
3777 19618 1
3778 6026 1
3779 3779 6
3780 3780 16
1960 18968 1
3781 3781 58
3782 9636 2
2639 2275 1
3783 19618 1
3784 3784 401
3785 19618 1
3786 3786 71
3787 19618 1
3788 3788 725
3789 3789 5
3790 9170 1
3791 3791 328
3792 3792 7
3793 19618 1
809 4100 4
2315 19618 2
3794 11514 1
3795 19618 49
3796 3796 89
3797 5988 1
2789 1249 2
3798 19618 23
3799 3799 4
3800 3800 40
1242 19618 1
3801 2912 2
430 6610 2
3802 2570 1
3803 19618 23
3804 19618 8
3805 19618 5
3806 4279 2
3807 8932 1
3808 1861 1
3809 3809 16
3810 3810 21
3811 19618 15
3812 19618 8
3391 5668 1
3813 3813 203
3814 19618 3
3815 19618 1
3816 3816 4859
3817 19618 1
271 271 328
1755 5473 1
3818 12527 1
3819 242 1
3282 15727 4
3820 3820 49
1275 1752 2
3821 3821 57
2398 11608 1
3822 19618 1
3823 19398 1
3824 19618 7
3825 19618 2
3826 7308 1
3827 3827 777
648 2777 1
3828 5645 2
3829 19618 1
3830 19618 2
3831 3233 1
1034 10995 2
1051 18745 1
3832 1319 1
3833 3833 10071
3834 3040 1
3835 7183 1
3836 3836 86
3837 3837 1
3838 11859 1
3839 3839 5696
3840 4020 2
3344 19618 1
3841 19618 1
3842 19618 1
214 7806 1
3843 19618 45
3844 3844 19
3845 19618 57
3846 2617 1
377 3997 1
3847 6602 1
3848 3848 7
3849 19618 1
3850 12321 1
3851 3851 103
3852 19618 1
960 960 1
2891 19187 5
3853 2643 2
3854 19618 7
3855 3855 608
3856 3856 72
3248 3248 25
3857 3857 36
15 6850 2
3858 19618 1
3859 3859 92
1285 6459 1
3860 19618 1
3861 11425 1
3491 3491 140
3862 3862 508
3863 19618 1
3864 13235 1
3865 19618 1
2249 12349 1
3866 19618 3
3867 3867 72
3868 9886 1
3869 19618 13
102 5319 1
3870 19618 1
3347 3347 856
3871 19618 23
3354 19618 12
1148 18185 1
3872 3872 15
2178 9092 1
3873 19618 2
3874 19618 1
871 8225 1
183 483 1
3875 3875 8
3876 3876 7
3877 19618 2
3878 17538 1
3879 19618 1
3880 19618 1
3881 3881 854
3882 6511 1
3883 3883 101
3884 3884 2051
3885 3344 1
829 7760 1
3886 3886 10
3887 19618 7
1644 1644 124
3888 3888 62
3889 17314 2
3890 3890 47
3891 19618 8
1585 751 1
2320 7369 1
1726 1726 6122
3892 19618 93
3893 19618 2
3894 19618 6
3895 4458 1
3896 19618 2
3528 10909 3
3897 8787 1
3898 19618 1
3899 3899 28
3854 12641 1
3900 19618 2
3723 3723 9
3901 3901 56
428 15754 2
3902 5642 1
3903 3903 109
391 6840 1
1806 15669 3
2707 12943 1
3904 10667 1
3905 19618 2
3257 19618 43
3906 16633 3
3907 14292 1
3908 19618 1
3909 19618 9
3910 3910 2
464 8610 1
3911 3911 2
3912 19618 3
3913 4418 2
3845 14733 1
3914 19618 1
3915 19618 1
3916 3916 29
507 19317 1
3917 18925 1
3918 3918 4
618 8281 1
3919 19618 22
3920 18085 1
3921 13874 1
3922 4165 1
3923 3923 144
3924 13301 1
3925 1685 2
3926 16233 2
3927 19618 1
3928 3329 1
3929 19618 2
3930 19618 1
3931 3931 71
3932 3932 35
3933 3933 706
3934 19618 4
3935 3935 84
3936 13298 1
1452 11131 2
3937 19618 1
1622 19618 33
2366 16422 1
3938 4703 2
1843 19618 1
3939 19618 5
3940 3940 117
3941 4332 1
3187 2660 1
3942 19618 1
3943 3943 1062
3944 19618 1
3945 6964 1
1570 808 2
3946 3946 14
3947 19618 49
3948 19618 2
2718 4912 1
3949 19618 1
549 7449 1
2630 2012 1
566 18239 1
3950 19618 6
3951 19618 2
3952 19618 1
3953 19618 1
3954 19618 2
3955 19618 2
3956 19618 2
3957 3957 5
3958 19618 17
3959 2802 1
3960 19618 3
3961 3961 69
3962 19618 1
3963 19618 11
424 424 6003
3964 3964 2708
3965 11711 1
3966 3966 43
505 19618 1
3967 3967 72
3968 3968 2
3622 19618 8
1049 10093 2
3969 3969 37
3970 6156 3
3971 4510 1
3570 12137 1
3972 1345 1
3973 19618 1
3974 3974 5
3975 3975 10
3976 3976 1
3977 19618 2
3904 19618 22
2482 17796 1
211 971 3
3978 19618 1
3979 4270 1
3980 19618 2
1247 1772 1
3981 19618 3
3982 19618 45
3983 19618 11
3984 19618 1
3985 19618 3
748 748 6
3986 1288 1
3987 19618 1
3988 3988 114
3989 14011 1
3990 10476 1
3991 4773 1
3992 7933 1
3993 3993 8
3994 11494 1
3995 3995 75
2062 2062 1809
3996 8398 1
3997 19618 1
3998 3998 74
3999 3999 595
4000 7414 3
4001 4001 15896
1575 1575 280
4002 3391 1
4003 19618 5
4004 19618 1
4005 4005 52
1547 6519 1
4006 4006 618
4007 19618 1
4008 11832 1
4009 9977 1
4010 19618 55
4011 4011 24243
3001 14056 2
2462 11712 1
4012 3171 1
4013 4013 127
4014 6506 1
4015 4015 124
4016 19618 1
4017 19618 2
4018 4018 5
2559 2559 60
2154 3904 1
4019 4019 14
4020 19618 6
2663 15418 3
4021 19618 1
4022 19618 1
4023 15600 1
4024 19618 1
4025 4746 4
4026 19618 3
4027 796 1
4028 4028 825
4029 19618 18
4030 19618 1
4031 4031 3
111 111 312
4032 19618 1
4033 2105 1
4034 11706 1
4035 19618 1
4036 19618 1
4037 4037 11
4038 4038 49
4039 19618 2
4040 19618 2
4041 4041 31
4042 11963 1
4043 19618 13
4044 4044 102
4045 19618 1
4046 19618 1
4047 16349 1
4048 19618 13
4049 7400 2
4050 19618 2
4051 4051 51
2659 19618 2
4052 19618 12
4053 19618 1
4054 4054 72
4055 19618 2
79 19618 5
4056 19618 8
4057 12687 1
4058 19618 20
1266 19618 76
4059 19618 5
1297 10019 7
4060 3540 1
4061 19618 28
4062 3445 1
4063 4063 75
4064 19618 2
4065 8467 2
4066 15647 1
1454 9504 1
4067 4067 4
250 13901 1
4068 4068 646
4069 19618 1
4070 19618 2
4071 19618 1
4072 4072 185
970 16916 1
1838 1838 132
4073 14906 1
4074 4074 26
4075 19618 1
4076 19618 3
4077 4077 40
4078 19618 2
4079 19618 5
4080 4080 16
4081 16154 1
4082 19618 2
1061 1061 5
770 770 124
4083 4083 273
4084 10351 1
4085 4085 19
4086 4086 222
1939 4056 2
4087 19618 1
481 3161 1
4088 4088 3
168 3877 1
4089 14444 1
4090 7737 1
4091 19618 1
4092 4634 1
4093 11517 1
4094 4094 5
4095 4989 4
4096 19618 4
4097 19618 1
4098 7119 1
2889 19618 25
4099 4099 56
1677 1677 6107
3660 1230 1
4100 14991 1
4101 383 2
4102 1366 1
4103 4103 6
4104 13529 1
4105 4105 6
4106 4106 5
4107 19618 1
4108 4108 17375
4109 8140 1
4110 2092 1
72 19618 54
4111 19618 1
4112 4112 67
4113 7181 1
4114 12946 1
4115 12821 1
1950 3230 2
1452 15021 2
4116 19618 1
4117 4117 1
1692 2868 1
4118 18107 1
2857 5083 1
4119 4119 3629
4120 19618 1
4121 6562 1
4122 4122 17
4123 19618 5
2846 2846 3878
4124 19618 3
1954 18975 1
4125 4125 481
4126 19618 6
4127 1636 1
4128 12120 1
4129 16962 1
4130 19618 2
1698 8120 7
3287 9383 1
4131 18166 10
4132 4132 913
4133 14972 1
4134 4134 336
4135 18454 1
4136 11869 1
621 9024 1
2214 988 1
4137 4137 326
4138 17921 1
4139 19618 3
409 17939 2
4140 4140 4097
4141 8005 2
4142 19618 1
871 871 3277
4143 4729 1
4144 19618 1
4145 4145 55
4146 4146 178
4147 14167 1
1491 16698 1
4148 4148 37
2262 6843 1
4149 4149 4
4150 4150 140
2734 729 1
1665 2880 1
4151 19618 1
4062 19618 1
4152 17146 1
4153 19618 1
2897 19408 1
4154 19618 3
4155 4155 164
314 17629 1
4156 11134 1
4098 19618 86
2796 16610 1
4157 19618 4
4158 13001 1
4159 11318 2
4160 4367 1
4161 19618 2
4162 4162 164
4163 4163 96
1896 2407 1
3603 12277 1
4164 9029 1
4165 4165 363
4166 19262 1
4167 13090 1
4168 4168 332
4169 4090 1
4170 4170 44
4171 19618 2
4172 4172 26
546 10165 2
4173 4173 704
2259 1218 2
4174 19387 1
1084 19618 5
4175 4175 174
4176 4176 5
4177 4177 9
4178 19618 1
4179 19618 15
4180 19618 10
4181 154 1
4182 6890 1
4183 16681 1
923 5836 1
4184 19618 1
4185 4185 29
4186 19618 8
4187 19618 1
4188 8314 2
4189 19618 27
4190 11831 1
4191 10510 2
4192 4192 269
4193 4193 4
4194 4194 14
4195 4195 24
4196 19618 49
4197 2954 1
59 17804 1
4198 19618 2
4199 7937 3
4200 10764 2
4201 12969 1
3951 3951 123
648 7157 1
4202 2914 1
4203 4203 1082
145 12045 2
705 14732 1
4204 3460 1
2349 19618 1
134 4381 1
4205 14447 1
4206 19618 6
4207 19618 1
4208 19618 7
4209 19618 10
4210 4210 737
4211 6712 5
4212 4212 6
1022 1892 1
4213 19618 5
4214 4214 633
4188 3069 3
4215 9789 1
4216 4216 150
2263 7908 1
4217 19618 1
4218 19618 3
4219 4219 171
2185 11926 1
987 19618 63
4220 292 1
1458 10643 4
4221 19618 1
4222 15753 2
4223 1646 2
1431 7747 1
4224 933 1
1208 1208 19
3275 1317 1
2569 7377 1
372 3426 1
2632 11848 1
4225 6794 1
4226 19618 1
4227 1832 1
4228 4228 61
4229 4229 124
2456 19618 71
4230 2323 1
4231 19618 1
4232 1884 1
4233 5661 1
4234 4234 63
293 19618 319
4235 19618 22
4236 19618 1
4237 9716 1
2086 8583 1
4238 4238 56
2401 19618 2
4239 4239 10
766 19342 1
4240 19618 1
4241 19618 6
4242 14660 1
4243 19618 3
1418 19618 1
4244 19618 1
4245 19618 1
4246 19618 3
3059 1286 1
4247 19618 17
4248 17010 1
4249 19618 2
890 11489 10
4250 4250 305
4251 1409 1
4252 4252 60
4253 4253 104
4254 4254 1
4255 4255 394
4256 16046 1
4257 13360 1
2689 1467 1
4258 4258 60
4259 19618 46
4260 1889 1
4261 4261 24424
4262 19618 2
4263 4263 51
1 19618 70
4264 4264 32
4265 17786 1
4266 563 1
4267 19618 1
4268 19618 4
4269 19618 12
4270 19618 5
4271 6492 1
4272 4272 69
4273 11729 1
3839 14736 2
148 17996 2
2259 13377 1
4274 13924 1
4275 4275 3
4276 4276 89
4277 19618 1
4278 7458 1
4232 19618 1
4279 11876 1
4280 4280 18
4281 4281 51
4282 8295 1
4283 4283 54
3334 6948 1
4284 4284 2
1699 1702 1
4285 9099 2
4286 4286 35
1477 12383 1
4287 710 2
4288 4288 35
4289 19618 1
4290 4290 5
3832 6140 1
4291 14806 1
4292 19618 1
4293 19618 9
4294 19618 4
2490 3464 2
4295 19618 1
462 4649 1
4296 4296 11249
4297 9374 1
4298 4298 2183
3520 8354 1
3441 8452 1
4299 19618 9
4300 4300 37
4301 4301 184
1349 9621 2
4302 19618 6
4303 4303 101
4304 4461 3
1853 17578 1
270 9071 1
4305 4305 2
4306 19618 4
4307 4307 75
4308 18351 1
2240 19618 61
4309 19618 1
2255 765 3
4310 1466 6
1806 19618 60
194 4283 1
1804 8027 2
4311 2299 1
4312 15861 1
4313 19618 1
4314 19618 1
4315 13279 1
4316 12184 1
3276 3276 5
1245 15651 1
4317 4317 21
4318 19618 5
4319 4319 150
4320 19618 1
4321 19618 14
472 472 9
4322 4322 25
4152 19618 15
4323 1186 1
2212 2212 2903
4324 4324 86
4325 19618 19
4326 19618 1
4287 16046 1
4327 19618 1
2273 2273 3884
4328 5641 4
3362 5980 1
4329 19618 1
4330 4330 1
4331 5082 1
3701 3701 515
4332 19618 2
4333 4333 474
4334 19618 19
2122 2122 1
3339 19618 1
4335 12874 2
4336 19618 34
3861 3861 145
4337 19618 9
4338 19618 18
3442 5090 3
4339 7028 1
565 12576 1
4340 4340 15
4341 19618 3
4342 4342 1
750 15299 2
923 923 1046
4343 4343 56
4279 1761 2
4344 19618 2
4345 11982 1
676 7144 1
4346 19618 1
4347 19618 3
4348 18369 1
4349 4349 32
4350 19618 4
314 314 10693
4351 95 1
4352 19618 31
2026 16147 1
4353 4353 90
4354 11795 1
4355 4355 37
2568 2487 1
4356 4356 1269
4357 19618 1
4358 4358 104
4359 4359 12
4360 4360 37
4361 4361 13
3832 8945 2
4362 4362 451
898 8730 1
4363 19618 1
4364 3774 1
4365 4365 9
4366 19618 4
4367 19618 6
3071 7523 2
3152 19618 5
4368 1835 2
4369 4369 27
4370 16181 1
4371 19618 1
4372 4372 2
4373 19618 1
4374 4374 339
4375 19618 6
3619 2758 5
4376 19618 4
4377 14584 1
4378 19618 44
4379 4379 317
4380 19618 1
4381 19618 319
4382 11135 1
4383 19618 1
4384 19618 9
4385 4385 195
4386 19618 2
4387 4387 90
4388 16399 1
4389 19618 17
4390 4390 20
4391 4391 6
4392 4392 531
4393 19618 1
4394 19618 2
4395 19618 1
4396 10276 1
4397 13000 1
4398 19618 1
2824 1956 1
4399 4399 131
4400 4400 52
4401 16963 1
1928 19618 2
4402 19618 1
4403 526 2
4009 19618 12
902 3854 1
4404 19618 1
2938 12618 1
4405 4405 475
4406 11622 1
1773 11526 3
4407 1674 1
4408 19618 1
2373 15935 1
4409 19618 1
4410 4835 1
4411 19618 1
4412 19618 5
4413 19618 1
2001 6375 1
4414 2983 1
4415 8169 1
4416 9949 1
4417 4417 94
1018 1018 9
4418 19618 9
197 3776 3
4419 13030 1
4420 17359 1
4421 19618 5
4240 4240 5
4422 3132 1
3111 3043 1
205 11791 3
4423 19618 158
4424 19618 1
4425 4425 34
4426 4426 21
4427 4427 22
194 16114 1
4428 1078 1
4025 9327 1
4429 4429 3
4430 4430 763
4431 19618 12
4432 19618 3
4433 19618 1
1650 18178 1
4434 4492 1
1907 4551 4
2327 2327 296
4435 18114 1
4328 19618 466
4436 4436 26
4437 18111 1
4438 19618 2
1071 1071 489
4439 4736 3
2967 846 1
4095 12996 1
4440 4440 21
4441 4441 132
778 1170 9
4442 4442 127
4443 19618 2
4444 19618 18
4445 4445 201
4446 19618 1
97 13793 3
1523 14569 2
804 11386 1
4447 19618 9
4448 19618 1
4449 4599 2
4450 19618 1
4451 19618 1
4452 19618 1
4453 19618 2
631 3118 2
4454 4454 46
4455 4455 66
1427 9668 1
2339 13068 2
3199 10557 2
192 18299 1
4456 19618 11
4457 4457 241
4458 17955 1
4459 11849 1
4460 4460 26
4461 5914 8
4462 8473 1
942 19618 5
4463 4463 205
2273 1413 2
4464 19618 1
4465 9545 1
4466 19618 1
4467 19618 2
4266 4266 1820
4468 3721 1
4469 19618 1
4470 11913 2
3855 19618 13
4471 19618 9
4472 19618 2
4473 4473 20
4474 4474 204
4475 4475 663
2697 11059 1
4476 4476 30
4477 19618 1
523 15875 1
4478 19618 22
4479 19618 69
4480 12646 1
4481 11652 3
4482 8350 1
4483 2416 1
4484 19618 7
4485 3212 2
4486 4486 31
4487 4487 2
4488 11085 1
2955 17484 1
4489 19618 1
696 696 29
4490 4490 28
4491 4491 50
4492 4492 586
4493 18265 1
4494 19618 3
4495 19618 2
4496 3973 1
4497 17826 2
1649 10618 1
4498 4498 5175
4499 7996 1
4500 4500 51
4501 19618 2
4502 9470 1
4503 19618 1
4504 19618 15
4505 19618 1
4506 4506 37
4432 4432 157
2320 12574 1
4507 4507 26
4508 7047 4
4509 11405 1
2329 19618 1
4510 285 1
4511 18539 1
2354 2354 23
2261 2261 2938
4512 19618 2
4513 4910 1
1341 12248 1
4514 15233 1
2861 19289 1
4515 4515 133
4516 4516 15
4517 19618 3
4518 19618 1
4519 6008 1
4520 16591 1
4521 978 1
4522 4522 7
1707 12802 17
4523 19618 1
4524 4524 80
4525 19618 1
4526 9751 2
58 1532 1
2718 12038 2
2049 3830 2
2637 2637 42
4527 4527 349
261 3945 7
4528 19618 1
829 540 12
285 285 435
4529 19618 3
4530 19618 1
4251 974 1
4531 4531 79
4532 19618 2
4533 19618 1
3571 6584 2
4534 19618 2
904 19618 210
3546 3546 4
3123 6775 1
4535 472 1
4536 19618 2
4537 4537 13
4538 19618 2
4539 19618 1
4143 4143 18019
4540 1709 1
2697 1269 3
4541 19618 7
4542 19618 5
1281 19618 1
4543 4543 130
4544 19618 1
4545 19618 1
4546 5339 1
1257 1257 2299
3454 19618 3
4547 14301 1
3047 16171 1
3028 13163 1
1106 13372 1
4548 4548 11
3133 8533 2
4549 4549 214
4550 9533 1
4551 8964 1
4552 4552 66
4354 19618 10
4553 19618 1
4554 19618 3
1698 1698 23394
4555 19618 1
4556 19618 8
4557 19618 1
961 15009 3
4558 6752 1
4559 19618 37
4560 19618 1
4561 4561 24
4562 4562 99
4563 4563 8783
4564 19618 1
4565 14816 1
3964 3492 1
4566 4566 48
4567 19618 1
4568 4568 228
4569 19385 1
4054 19618 3
4570 19618 1
3069 14307 1
4571 4571 6
4572 2160 2
4573 4573 38
2341 16694 1
329 13312 1
4574 19618 2
3293 3293 94
3555 7014 2
4575 4575 13
4576 8047 1
4577 19618 4
4578 19618 1
4579 2495 2
4423 4108 1
4580 19618 1
4581 19012 1
4582 9390 1
4583 4583 23
4584 4584 32
86 6631 2
4585 4585 17
4586 4586 317
4587 8058 1
4588 19618 1
4589 19618 3
1862 2898 3
1201 6992 1
2781 4663 1
4590 19618 8
4591 4591 86
2677 2677 16
4592 19618 1
105 18683 1
3525 8364 2
4593 17064 1
2073 756 2
1492 19618 22
4594 19618 1
223 9195 2
4595 4595 332
4596 19618 4
4597 19618 31
4598 3923 1
3528 13339 1
4375 4375 116
4599 18661 2
4600 774 2
4357 4357 8
4601 19618 1
1489 1489 5
4602 4602 371
402 402 5
1651 1651 64
872 13432 2
4603 4603 7109
2494 7290 1
4604 4604 21
4605 19618 2
4008 1651 1
929 14725 2
4606 4606 188
4607 4607 416
4608 19618 17
4609 19618 1
1163 19618 136
4610 4610 4
4611 4611 616
4121 15125 5
3446 3446 53
4008 14368 1
4612 4612 16
4613 6731 2
3885 3885 2004
147 19618 152
4614 1529 1
4615 19618 2
3257 7448 1
394 19618 3
4616 4068 2
4617 4617 390
4618 4618 939
4619 4619 30
4143 183 3
4620 19618 11
4621 19618 1
2860 9371 1
4622 19618 1
4623 19618 6
4624 4624 58
4625 4625 145
4626 2716 1
4627 19618 1
4628 4628 91
3503 8244 1
3746 3746 641
4629 4629 129
4479 9220 1
4630 10919 1
1042 19618 8
4631 15095 1
456 19618 1
2458 2458 4
4632 4632 9
4633 19618 1
4634 18033 1
1094 4353 4
4635 19618 1
4636 4636 152
4637 19618 2
4638 19618 3
4639 19618 11
4640 19618 1
2944 19618 42
4641 19618 1
4642 11623 1
4643 19618 10
4644 4644 31
4645 19618 1
4646 19618 24
4647 19618 19
4648 19618 1
4649 19618 1
4646 10272 1
4650 4650 825
4651 4651 7
4652 4652 65
4653 19618 5
3373 3373 17899
4654 4654 1453
4655 19618 1
4656 4656 906
4657 19618 41
4658 19618 12
732 9432 1
4659 4659 216
4660 4660 1201
4661 4661 109
4662 13684 1
4663 19618 1
4664 4664 173
1499 7531 1
4665 17632 2
4666 11431 1
4667 19618 2
4668 15447 1
4669 8598 1
4670 2620 1
4671 4671 1136
4266 3331 1
4672 19618 1
4673 19618 1
4674 19618 14
4675 12585 1
4676 4676 532
4677 4677 19
4678 19618 3
4679 820 1
585 5467 1
4680 19618 5
4681 19618 18
4682 19618 23
4683 19618 4
4684 19618 2
2261 12384 1
4685 6476 2
3590 3323 1
2300 183 1
4686 19618 6
1311 16619 1
4687 19618 2
4581 4581 131
4688 4688 2
4689 2444 1
4690 19618 2
4691 19618 14
4692 19618 1
1340 1264 2
4693 4693 138
4694 4694 37
4695 13514 1
4696 19618 4
4697 19618 1
4698 4698 16
4634 3788 3
4699 19618 15
4700 19618 7
155 17736 4
4701 4701 9
2595 19618 24
4702 4702 372
1050 1050 1610
4703 4703 19
4704 4704 7
4705 4705 12
4706 8930 1
4707 4707 592
4708 4708 537
4709 19618 2
4710 19618 5
2366 13705 1
4711 4711 38
4712 4712 17
4713 8340 1
4714 19618 1
4715 3957 1
4716 4866 2
4717 19618 1
4718 4718 8
4719 626 2
1486 4594 1
4720 19618 1
4721 19618 1
4722 4722 2447
1148 3396 2
3588 14019 1
4723 4723 1031
4724 19618 9
4725 4725 20
408 19618 3
4726 19524 1
4727 4727 26
4728 12435 1
4729 4729 2
420 420 11
4730 15360 1
4731 19618 1
1424 7138 1
4732 15085 1
4733 4733 179
1819 14800 1
4734 19618 3
4735 4735 70
736 736 68
4736 19618 25
4150 19618 5
4737 19618 3
3528 3585 1
4738 19618 2
1079 11189 1
4739 19618 6
4740 18831 1
3824 3824 246
4741 4741 449
4742 16977 2
4743 19618 12
4744 19618 1
4745 4745 4741
495 15113 2
4746 4746 180
1720 1720 5173
4747 4747 24
4748 4748 17
4749 19618 1
2790 6986 1
4750 4750 15
4751 19618 1
3549 3549 9
4752 19618 1
3606 19618 58
4753 19618 2
4754 4754 104
4755 3716 1
4756 4756 14
4757 17831 1
2143 17442 2
4758 4758 284
3745 18591 3
3418 19618 2
3414 1461 1
4759 4759 1556
4760 19618 3
4761 19618 1
2157 3975 1
234 7600 14
4762 15402 1
4763 4763 2281
4764 19618 9
155 155 30424
4765 9514 1
4766 6545 1
4767 4767 4
4768 5284 1
4769 19618 1
4770 4770 151
2494 19278 4
3423 19618 1
2590 2590 64
4771 4771 233
4772 4772 59
4773 19618 1
4774 4774 10
4775 4775 32
1539 11661 1
4776 19618 12
4777 19618 13
2340 2340 7
4778 17809 1
4779 19618 1
4780 4780 16
4781 12072 2
395 14953 1
4782 19618 1
4783 12542 1
4784 5905 1
4785 19618 28
339 18241 4
4786 8403 1
1500 3605 1
779 19618 287
666 666 1123
2988 14351 4
4787 5343 2
2073 2073 3464
750 11451 1
3797 19618 591
4788 7327 1
4789 4789 281
4790 19618 4
2568 4403 2
4791 6362 1
4792 4792 35
3782 19618 354
183 18824 2
4793 19618 1
2792 17398 1
3022 4671 4
574 13471 1
4794 19618 1
117 11621 1
1572 7791 1
4795 4795 12
4796 4796 3
4797 19295 1
4155 19618 7
4798 4798 207
4799 4799 222
4800 19618 1
3938 19618 47
1964 1964 216
4801 14808 1
4802 4802 3508
4803 4803 19
4804 19618 1
4805 4805 64
4806 6814 2
4807 4807 179
4414 4414 4389
4808 19618 1
4809 14752 1
4810 19618 1
4811 17584 1
4812 19618 19
4813 4813 3
4814 19618 2
2812 18921 1
4815 19618 1
4816 19618 1
4817 19618 46
4818 4818 427
622 3199 2
4819 4819 6
1486 9865 1
4820 19618 2
4821 19618 1
4822 7127 1
4823 19618 11
4824 19618 1
359 15733 1
4825 19618 5
4826 4826 366
4827 19618 1
1632 1632 3592
4828 18043 1
4829 2979 1
4830 19618 1
4831 4831 130
4832 4832 15
1658 9148 1
4833 19618 1
4834 4834 1
4835 4835 11
681 5926 1
4836 4836 10
4837 19618 1
4838 19618 3
610 4278 2
4839 19618 5
4840 19618 23
3905 15693 1
296 14166 1
3904 3904 892
4841 4841 285
599 19618 27
4842 15412 1
4843 4843 497
1372 12099 12
4844 4844 14
4845 19618 3
4846 19618 4
4847 19618 136
4848 2185 1
4849 4849 23
4850 17910 1
3085 3085 3763
4851 19618 71
4852 13045 1
4853 19618 6
4854 4854 72
4855 4855 13
4856 19618 4
4857 19319 1
3061 4643 2
4858 16512 1
4859 19618 4
4860 4860 82
4861 4861 21
4862 19618 3
4863 19618 1
4864 4864 16
2653 13888 1
4865 4865 24
1326 16551 1
4866 19618 4
4867 19618 8
4868 4868 22
4869 19618 1
4870 4870 33
4871 19618 1
4872 4872 55
4873 5533 1
4874 4874 3
4875 1086 1
4199 19618 171
2632 2632 18112
4876 12676 2
2530 14465 1
4877 19618 1
2546 19618 184
4168 5127 1
4878 19618 1
4879 19618 2
1794 19618 11
1013 3313 1
4880 19618 1
4881 913 1
4882 19618 1
4883 19618 4
4884 19618 102
4885 19618 49
4886 15270 1
4887 10697 2
2469 13121 1
3407 19618 1
4888 19618 10
4889 11050 1
4890 19618 61
1292 1292 24
4891 3359 1
1139 6315 1
4892 19618 1
4381 544 6
4893 4893 82
4894 8011 1
4895 4895 681
4896 19618 5
4897 7614 1
4898 19618 1
4899 4899 135
4900 19618 1
4901 19618 1
4902 19618 76
4903 19618 4
4904 4904 35
4905 19618 44
4906 19618 9
4907 6441 1
4908 4908 10
4909 19618 1
4910 4910 33
4911 4911 45
4912 19618 2
1717 1717 46
1863 6531 1
914 8644 1
4913 10408 1
3391 14550 1
4914 19618 1
3928 3928 2261
4014 4014 6626
4915 19618 23
4916 14918 1
4917 19618 5
4918 4918 842
4919 19618 1
4920 4920 93
1265 2438 1
4921 19618 423
4922 4922 3525
4923 19618 7
4924 19618 4
4023 19618 16
4925 2035 1
4926 19071 1
4927 4927 517
4928 19618 4
1003 12368 1
1214 11184 5
4929 19618 1
4930 19618 1
4931 19618 11
4932 561 1
2697 14477 2
4626 15786 1
4933 4933 1876
4934 3235 1
4935 19618 4
4936 19618 1
4937 19618 1
1209 19618 149
3034 19618 1
4938 19618 4
4939 4939 2
4940 4940 80
4941 19618 1
4942 6297 1
4943 19618 384
1935 19618 33
4784 4124 1
241 2195 1
4944 4944 6
4945 4945 35
4946 19618 2
741 7978 2
2808 15108 2
4947 13098 1
4948 4948 11
2198 2984 2
4949 19618 78
4950 19618 1
4951 19618 1
4809 15926 1
4952 4952 26
4953 4953 39
4954 4954 464
4955 15088 1
4300 19618 1
4956 7590 1
4957 4957 5504
4958 4958 332
4959 19618 11
1017 4723 9
4960 2351 1
4961 1032 2
4962 4962 168
398 398 540
4963 6116 1
40 19618 13
4947 9788 1
4964 19618 2
4965 4965 162
4966 4966 3517
4967 18406 1
4968 4968 105
4969 19618 1
4970 4970 2
4971 4971 76
4972 4197 4
4973 14258 1
4974 19618 3
1904 13867 1
4975 19618 9
4976 4610 1
2734 19618 12
4977 4977 239
4978 19618 15
4979 17721 1
4980 19618 2
1134 9058 1
4981 19618 1
1830 4427 1
4982 4982 14
4659 3455 1
4983 19618 13
4984 10743 4
4985 19618 1
4986 19618 1
4987 4987 54
4988 4047 1
4989 13933 1
4722 2335 1
4990 19618 1
3992 3992 220
4991 5341 1
3498 12408 1
4992 19618 1
4993 4993 23
4994 19618 1
4995 4995 35
2398 15101 1
4996 19618 3
4025 12473 1
596 596 76
4997 19618 1
4998 19618 1
4999 16959 1
3833 850 1
1349 1349 774
5000 5000 28
5001 19618 7
5002 5002 2138
3772 19618 2
5003 5003 190
4414 3715 2
5004 19618 1
1401 9837 1
5005 5005 48
5006 10572 3
5007 19618 2
5008 19618 1
5009 19618 1
4312 1022 1
5010 5010 110
5011 19618 1
5012 5012 31
3676 17263 2
5013 19618 1
5014 19618 3
2851 19618 9
3828 15629 2
5015 19618 2
5016 5016 3186
5017 5017 23
3603 18687 1
5018 5018 1
5019 12786 1
4559 9309 1
5020 19618 4
1169 259 1
5021 5021 36
5022 1401 1
5023 19618 1
5024 5024 201
4905 1865 1
5025 5025 1
5026 5026 397
5027 9360 1
5028 6597 1
5029 18409 1
2917 10836 2
5030 19618 321
5031 5031 83
5032 9730 1
5033 17188 1
4823 1098 3
5034 19618 17
3077 19618 2
5035 19618 1
5036 5036 38
5037 1064 1
5038 6313 2
5039 5039 2684
507 4827 1
5040 19618 22
2005 1172 5
5041 5041 4
5042 5042 6
5043 665 1
4837 4837 58
5044 13091 1
5045 5045 106
5046 19618 1
5047 19618 6
5048 1451 1
5049 19618 1
5050 5050 411
5051 5051 30
5052 5052 384
5053 3938 1
5054 2612 1
932 932 180
2447 7199 1
5055 19618 1
5056 19618 3
5057 4674 1
2658 2658 100
5058 19618 6
5059 5059 54
5060 5060 141
4129 5062 1
5061 14284 1
5062 19618 16
5063 10802 1
335 335 18
3466 19440 8
4346 4346 20
5064 5064 220
2025 11407 1
2465 13530 1
5065 19618 1
5066 19618 2
5067 19618 1
359 19618 655
5068 5068 25
5069 19618 3
5070 5070 90
4363 4363 31
2037 19618 1
5071 1816 1
2171 2171 149
5072 5072 361
5073 5073 16
5074 19618 1
191 1233 1
5075 5075 3
5076 19618 1
5077 19618 5
5078 19618 4
4010 13966 2
5079 2151 1
5080 5080 3371
5081 5081 198
5082 19618 6
5083 19618 2
5084 10526 1
5085 5085 601
741 19618 67
5086 5086 9
5087 5087 160
5088 19027 2
5089 5089 14
5090 19618 76
5091 19618 4
5092 19618 10
5093 19618 4
5094 10301 1
1698 622 5
4745 13741 2
1852 3939 5
5095 5095 17
5096 5096 418
5097 19618 11
3979 3979 585
5098 19618 6
2633 19618 2
5099 5099 130
1505 17755 1
3420 3420 1
5100 16676 1
5101 19618 9
5102 19618 7
5103 19618 3
1492 1492 786
5104 19618 1
3170 2759 1
5105 5105 20
5106 6516 1
5107 18615 1
5108 19618 12
5109 19618 22
848 19618 3
5110 5110 25
4061 13633 1
1792 1792 1389
5111 19618 1
5112 19618 1
1559 1559 552
5113 19618 1
381 381 2
5114 17508 1
162 19618 2
5115 19618 12
5116 15912 1
5117 19618 1
4403 1252 1
5118 19618 3
5119 5119 47
585 7944 2
5120 19618 1
5121 1291 4
5122 19618 1
5123 1390 1
183 1067 2
5124 19618 1
5125 19618 8
1482 1482 1619
4371 4371 9
2885 2450 1
4259 5120 1
4542 18153 1
5126 5126 29
5127 5127 419
388 15180 3
1294 2371 6
5128 5128 68
5129 16637 1
509 14661 1
5130 5130 6
5131 5131 885
5132 5132 119
5133 6620 1
5134 5134 86
4090 5834 1
5135 10409 1
1939 19618 22
5136 19618 2
1784 339 15
344 19335 3
5137 19618 4
1257 14852 1
4519 17372 3
5138 18097 1
5139 5659 1
5140 5140 383
648 648 157016
3968 19618 1
1156 11879 1
5141 19618 14
5142 5142 2
634 8946 4
5143 114 2
5144 19618 5
5145 6452 1
5146 19618 45
105 580 2
527 527 1211
5147 19618 2
5148 19618 3
102 19618 15
359 732 8
5149 5149 5
5150 5150 86
5151 7033 1
5152 5152 174
5153 19618 1
5154 19618 2
5155 6555 1
1870 4622 1
5156 19618 1
5157 19023 1
1648 183 1
5158 5158 48
5159 5159 7106
5160 5160 38
4266 16403 1
641 19618 202
3996 4702 1
5161 19618 5
5162 19618 2
5163 19618 3
5164 19618 1
5165 19618 2
5166 6198 2
1421 19618 3
5155 5833 1
1291 19618 4
5167 19618 3
467 467 2086
4065 956 1
5168 19618 1
5169 19618 11
5170 18187 1
5171 9520 1
5172 19618 1
5173 19618 1
4012 7535 2
5174 5174 53
901 7993 1
5175 5175 46
5176 5176 19
5177 19618 2
656 19618 1
5178 19618 1
5179 5179 21
5180 1604 3
2815 19618 135
5181 19618 5
2466 2466 2545
5182 5354 1
5183 19618 3
5184 5184 14
5185 19618 2
3037 14079 1
2894 19618 1
4961 8484 1
3631 19618 1
5186 19618 1
5187 5187 32
5188 19618 2
5189 5189 1
5190 5190 962
5191 19618 84
5192 19618 1
894 19618 3
5193 5193 15
5194 5194 12
5195 19618 1
3464 19618 2
5196 5196 1519
5197 19618 3
4716 7939 2
5198 6586 1
4401 17702 1
5199 19618 6
5200 16807 1
1191 1191 52
3841 3841 20
5201 5201 26
3372 7645 1
5202 5202 162
3566 176 1
5203 13016 1
5204 5204 4011
5205 19618 1
5206 13546 1
2771 19618 9
5207 5207 52
5208 19618 8
5209 5209 137
5210 5210 30
900 6794 2
5211 14262 1
1679 17336 1
2211 1349 2
5212 19618 1
3578 7102 1
3897 3897 702
4894 2704 1
1259 14324 1
2845 2845 14
5213 19618 1
5214 5214 44
5215 5215 7
5216 14644 1
5217 6292 1
5218 19618 2
5219 5219 7
5220 19618 10
155 4215 1
5221 19618 3
5222 19618 2
4418 14425 1
5223 19618 546
921 5702 1
3810 19618 1
5224 19618 1
1741 9682 1
5225 19618 1
5226 19618 8
5227 19618 1
5228 19618 2
5229 19618 4
1804 2582 3
2169 19128 2
5230 5230 173
5231 19618 39
259 1011 1
5232 19618 7
5233 5233 2
5234 3014 2
3150 19618 4
5235 19618 2
155 18590 1
2522 2522 76
5236 5236 5
4093 13853 1
5237 19618 1
5238 19618 1
4665 3400 1
5239 19618 1
5240 19618 3
5241 19618 6
344 12268 1
5242 19618 1
5243 19618 1
5244 19618 3
3183 2708 2
5245 19618 10
5246 19618 1
5247 5247 196
5248 5248 19
5249 10483 1
5250 19618 1
5251 19618 1
5252 7236 1
5253 19618 11
1321 19618 5
5254 5254 308
5255 18469 2
5256 5256 261
5257 5257 338
5258 5258 247
1377 1377 588
5259 5259 4
3970 6979 1
5260 14266 1
107 107 16338
5261 5261 124
5262 2997 1
5263 5263 11
5264 19618 1
5265 5265 5
3874 3874 4
5266 5266 80
3671 19618 21
3327 19618 16
5267 19618 60
1511 6282 1
5268 19618 1
88 1869 1
5269 19618 3
5270 19618 1
5271 19618 13
5272 19618 1
1671 7935 1
5273 19618 1
5274 6902 1
1572 16036 1
5275 5275 14
5276 15951 1
5277 19618 7
5278 2692 1
5279 19618 4
5280 19618 1
5030 18692 11
5281 5281 89
5282 19618 7
5283 19618 1
5284 5284 175
5285 19618 1
4158 1833 1
5286 19618 1
5287 19618 1
5288 17624 1
5289 19618 3
3427 7685 1
3701 18790 1
5290 5290 783
2022 11684 1
5291 7227 1
5292 19618 1
5293 10731 1
5294 19618 1
5295 19618 2
5296 19618 1
5297 19618 53
259 2680 1
5298 19618 1
4110 5198 1
913 913 58
228 228 972
5299 19618 1
5300 17088 1
5301 19618 6
1881 1210 1
5302 5302 79
5303 5634 1
2505 13823 1
5304 19618 3
5305 5305 18
5306 5306 115
5307 19618 1
5308 5308 198
5309 5257 1
5310 19618 1
5311 5311 14
5312 9070 1
5313 3328 1
5314 5314 7
1784 4592 1
5315 1167 1
4726 19618 6
5316 5316 645
5317 5317 9
5318 5318 3
331 3637 1
5319 19618 4
1475 1573 2
5320 5320 41
5321 5321 252
5322 693 5
5323 6388 1
1991 16331 1
897 12306 1
5324 19618 3
4027 4027 79
665 19618 8
3288 19618 549
1755 2289 1
5325 19618 1
5326 5326 640
5327 5327 35
5328 5328 17
5329 7198 1
5330 19618 1
5331 19618 12
5332 5332 6
416 11327 1
5333 19618 2
5334 19618 1
5335 19618 29
5336 19618 9
107 19558 2
5337 19618 1
631 8828 1
5338 19618 3
5339 19618 1
5340 11875 1
5341 8523 1
3515 11437 3
5342 19618 12
5343 8459 1
5344 19618 1
618 868 1
2891 17431 1
5345 19618 1
5346 19618 1
1798 6057 2
5347 5347 29
5348 19618 1
2941 2941 9
5349 5349 5
5350 19618 68
4143 15982 1
5351 19618 1
5352 5352 1
3190 3190 17
388 11104 1
5353 5749 3
1029 1367 1
5354 19618 6
5355 1705 1
5356 19618 2
4337 6307 1
1170 4664 3
754 19618 1
5357 4092 1
4666 17678 1
5358 4677 1
5359 5359 38
5360 5360 553
5361 19618 53
5362 915 1
3771 17534 1
3794 9200 2
5363 19618 17
5364 11895 1
5365 18791 2
5366 5366 32
5367 17836 1
5368 19618 29
5369 19618 1
5370 19618 1
4046 4046 15
5371 5371 222
256 19618 23
5372 13420 1
5373 5373 763
4310 9102 1
2348 19348 1
5374 19618 21
1452 430 5
5375 19618 2
5376 5376 1169
5377 19618 7
1652 1652 3
5378 19618 1
845 5204 5
5379 19618 5
5380 5380 118
4719 4719 978
5381 5381 365
5382 19618 1
5383 836 1
2031 17874 2
5384 5384 12
5385 5385 129
2770 18456 3
1245 2801 2
5386 19618 2
1341 15589 5
5387 19618 3
5388 19618 1
5389 5389 2
5390 5390 761
5391 5391 1399
5392 5392 5
5393 19618 1
81 18170 1
5394 5394 185
5395 19618 1
5396 19618 1
3301 3301 73
4370 4370 671
5397 19618 5
5398 5398 33
880 19618 16
5399 13411 1
5400 5400 44
5401 4684 1
4481 8962 1
1051 1051 7735
270 270 7199
5402 5402 2
5403 5403 87
3316 1419 1
5404 13256 1
5405 5405 128
3834 19618 18
5406 5406 6
5407 5407 1044
5408 1161 1
5409 9105 3
5410 5410 78
5411 5411 111
5412 5412 229
5413 19618 4
5414 19618 1
1122 19015 8
5415 5657 1
5416 725 3
190 18064 1
970 15587 1
1896 7424 1
5417 5417 6390
3585 6713 1
2444 2444 11
5418 19618 9
5419 8961 1
5420 11885 4
5421 5421 1
5422 7229 2
5423 18354 1
5424 19618 1
5425 19618 1
3920 11842 1
5426 19618 1
5427 5427 56
5428 19618 1
5169 5169 456
5429 19618 2
5430 5430 22
5431 19618 1
5432 5432 129
5433 5433 869
5434 5434 9
5435 19618 1
5436 5436 50
5437 5437 32
5438 5438 98
5439 19618 1
5440 5440 37
5130 19618 1
5441 14062 1
3957 19618 1
5442 19618 4
5443 19239 1
2885 13804 1
3236 8271 1
5444 5444 12
5445 19618 2
5446 7232 3
5447 19618 1
5448 19618 5
5449 5449 11
2377 5280 1
5450 18898 3
5451 5451 103
5452 5452 7
1614 2466 1
1301 14971 1
5453 19618 1
5454 5454 11
5455 19618 1
5456 8978 1
4940 19618 2
5457 19618 9
5458 5458 16
5459 19618 1
2955 2265 2
5460 19618 1
146 19618 4
5461 19618 3
5462 19618 2
5463 4368 2
5464 19618 1
5465 6121 1
1128 19618 3
5466 15315 1
3794 9674 1
4716 17618 1
5467 19618 2
5468 5468 8
5469 5469 6
5470 19618 1
4657 16125 1
5471 5471 38
4584 7168 1
5472 5472 313
1690 11679 1
5473 16741 1
5474 5474 39
5475 19618 3
5476 19618 2
3047 3047 11248
5477 5477 69
5478 19618 3
5479 19618 3
5480 5480 1
5481 1232 1
5482 5482 102
5483 19109 1
5484 19618 4
5485 19618 3
5486 19618 4
5487 19618 1
2903 13915 1
5488 19618 1
5489 19618 2
2023 15221 1
1218 7100 1
5057 5057 9320
5490 508 3
3116 3116 107
5491 19618 3
863 8018 1
5492 19618 3
4350 14738 1
3326 14861 1
5493 5493 5
5494 19618 1
5495 5495 32
5496 19618 1
5497 5497 103
5498 19618 5
2448 17380 2
1999 19618 9
5499 19618 1
5029 10307 1
1984 19618 1
5500 5500 2614
5501 19618 7
5502 19618 1
5503 19618 24
4025 12934 1
5504 2635 1
5505 19618 17
4059 9365 1
5506 19618 1
1724 19618 1
3535 19618 13
1239 4455 2
5507 19618 10
5508 19618 26
5509 606 1
5510 5510 375
2791 19618 3
5511 19618 10
5512 19618 43
5513 4648 1
5514 5514 16
5515 19618 1
253 19618 1
767 19618 4
5516 5516 53
1622 1622 1072
2932 19618 7
5517 19618 1
5518 5518 4
5519 19618 1
5520 5520 7
5521 9213 1
5522 5522 36
3043 19618 7
1548 830 9
5523 5523 107
5524 5524 310
5525 5525 20
3520 12487 3
2862 4141 1
5526 19618 2
5527 451 2
5528 19231 1
317 6032 1
5529 8613 1
5530 17672 1
2664 17175 1
5531 8607 2
5532 5532 6
2325 19618 11
574 3219 1
3969 19618 1
5533 19618 15
433 19618 61
5534 5534 87
4581 2737 1
5535 19618 2
1635 19618 5
5536 19618 1
5537 2598 1
5538 15358 1
104 104 1020
5539 19618 1
5540 5540 2298
5541 15157 1
5542 10412 1
5543 19618 2
4766 9574 1
5544 5544 420
5545 5545 39
5546 19618 1
5547 5547 7
5548 19618 1
377 16321 13
5549 5549 69
5550 19618 1
4143 13063 1
5551 19618 1
5552 4148 1
623 623 208
5553 5553 47
5554 19618 1
5555 5555 282
13 18833 1
973 19618 2
86 19618 132
2610 2610 849
5556 6237 3
5557 5557 106
5558 19618 1
5559 19618 2
5560 3071 5
5561 19618 1
5562 5562 320
5563 5563 7
3720 3090 1
5564 16079 2
205 1722 12
5565 5565 149
3902 12840 1
5566 9335 2
5567 5567 6
5568 3366 1
5569 5569 3
2430 395 1
5570 19618 1
5217 19618 8
5571 19618 1
5572 5572 1398
989 19618 5
5049 5049 5
5573 7374 1
3750 10478 1
5574 2454 1
5575 19618 11
5576 19618 1
1257 8145 2
5577 5577 37
5578 19618 1
5579 5579 18
5580 5580 112
5581 5581 172
5582 5582 227
3363 3363 1298
5583 13345 1
1048 543 1
5416 19618 147
5584 5584 13
5585 16120 1
5586 5586 8
5587 5587 248
5588 15177 1
5589 5589 750
5590 11263 1
4328 11325 7
396 396 2271
4049 8566 5
5416 853 1
3701 9577 1
4002 19618 14
5591 19618 1
5592 5592 14
4370 18786 1
3236 11632 4
5593 5593 1940
5594 19618 5
178 12747 1
5595 19618 1
5596 5596 4017
967 19306 1
5597 10491 1
5598 19618 1
2589 15793 1
84 84 573
5599 5599 82
2719 1194 4
5600 19618 1
5567 19618 1
5601 7517 3
5602 4244 1
5603 19618 3
5604 5604 144
5605 19618 5
5313 19618 27
1510 1510 403
5606 3579 2
5607 2770 1
5608 5608 42
5609 15323 1
5610 19618 3
5611 19618 1
5612 19618 1
5613 9715 2
5614 5614 4
5615 4412 1
5616 11186 1
3047 12375 3
5617 9345 4
5618 5618 15
5170 14700 2
1844 1844 39
2769 2769 2468
5619 19618 1
5620 19618 1
5621 19618 2
5622 19618 1
5623 19618 1
1679 16667 2
5624 5624 2
5625 5625 102
3401 19618 1
5626 5626 823
4706 14522 1
3913 3913 9585
3188 19618 1
5627 5801 1
5628 5628 173
5629 19618 2
5630 19618 1
5631 19618 1
5632 19618 1
5633 19618 1
4563 10900 1
5634 5634 131
5635 5635 9
5636 19618 52
5637 5637 23
5638 5638 3
5639 19618 68
5640 19618 4
4636 19618 5
5641 1357 1
395 5528 1
5642 5642 59
3593 19618 14
5643 13841 1
5644 19618 1
297 19618 5
5645 16393 1
4304 13657 2
3853 4507 1
5646 19618 1
5647 5647 36
5648 19618 1
5649 19618 2
5650 5650 504
1246 1310 1
5651 5651 891
5652 19618 1
5653 19166 1
5654 19508 1
5655 19618 1
650 13813 2
5656 5656 1734
5657 8854 1
2015 19618 1
5658 19618 6
5659 5659 6
5660 19444 3
5661 19618 2
3199 3199 1398
793 3806 1
5662 19618 11
5663 19618 3
5664 4330 2
4485 7156 1
249 16872 1
5665 4176 1
2298 19618 79
5666 5666 37
5667 5667 20
5668 5668 11
5669 19618 1
1214 1214 9764
5670 19618 4
5671 16374 1
5672 13475 1
2944 8267 3
5673 8299 1
5674 3421 1
803 3424 1
5675 5675 13
589 6612 1
4141 3346 1
5676 5676 124
3838 6608 1
5677 19618 9
5678 19618 3
5679 12828 1
5680 18579 1
1726 4381 5
5681 19618 4
5682 3698 1
5683 19618 1
2487 5648 1
5684 19618 1
5685 5685 533
5686 5686 307
5687 19618 4
5688 5688 12
5689 19618 13
939 19618 1
5690 19618 3
1690 9203 1
4137 5948 1
5691 19618 3
5692 5392 1
5693 5693 13
2305 3412 1
5694 19618 2
5695 5695 17
1755 1755 1933
2268 19618 15
1483 3209 1
5696 5696 991
5697 19618 1
5698 5698 1
1632 5820 1
1486 17785 2
5699 11868 1
5700 5700 20
4587 14632 1
5701 19618 1
5702 12692 1
5703 5703 27
5704 19618 1
5705 4505 1
279 917 1
3945 12134 2
5706 19618 6
5707 14139 1
5708 19618 2
2197 13483 1
5709 4280 1
5710 19618 1
5711 19618 1
5712 6105 1
1193 19467 1
4797 16391 1
5713 6870 1
5714 14883 1
5715 19618 1
5716 19618 1
5717 5717 578
4942 15675 2
5718 19618 21
5719 5719 58
5720 16702 1
5721 5721 145
3904 13400 1
5722 19618 1
5723 5723 6
5724 19618 2
4285 7743 1
433 641 1
5725 19618 1
5726 1203 3
2663 4073 1
5727 5727 37
4634 720 10
2449 9869 1
5728 19618 2
5729 169 1
5730 5730 18737
5731 19618 7
5732 5732 294
5733 19618 1
3086 3402 1
5734 17819 2
5735 19618 1
5736 19618 1
5737 19618 1
603 17585 1
5738 5738 19
5739 18991 1
5740 14245 1
5741 19618 1
5742 5742 67
5743 19618 118
5744 19618 1
5745 19618 18
4461 10005 1
5746 19618 53
5747 10507 1
901 6497 1
5191 5191 3934
4119 1093 2
5748 19618 1
5749 5749 307
1741 9111 1
5750 17851 1
5751 19618 31
5752 19618 11
5753 14022 1
1384 13965 1
5754 19618 1
5755 19618 1
5756 5756 10
5757 5757 2
2203 2203 4815
5758 5758 31
5759 5759 25
5760 19618 4
5761 8737 1
87 87 371
113 10514 1
2300 30 1
1139 10298 1
5762 19618 1
5763 19074 2
5764 5764 3
174 8775 1
5765 19477 1
4167 19618 9
2442 2173 1
5766 19618 1
4001 4318 5
5767 5377 1
5768 5768 41
5769 19618 3
5770 5770 275
5771 16973 2
5772 19618 5
2881 7792 1
5773 19618 1
224 1790 1
5774 2355 1
5775 19618 9
5776 5776 88
1746 1746 1269
5777 8328 1
5778 19618 1
612 612 3770
189 10586 1
5779 19618 1
5780 5780 563
741 741 2792
3524 14127 2
5781 13195 2
218 10134 1
5782 19618 2
5783 5783 20
5784 19618 2
58 12846 1
221 2408 2
5785 19618 1
5786 19618 4
1873 8464 2
3576 12080 1
5787 5787 494
5788 5788 515
5789 19618 3
904 14452 1
5790 7076 1
1770 19293 10
3530 1976 1
5791 5791 2
5792 19618 1
5793 5793 161
5794 5794 41
863 3995 1
2311 2311 35
5795 19618 1
5796 19618 2
5797 19618 1
5798 19238 1
5799 19618 1
1796 621 2
5800 12659 1
5801 18205 2
5802 19618 15
5803 19618 2
5804 6806 3
5805 5805 7
3974 19618 1
5806 5806 1154
3749 9588 1
24 24 5903
5807 7023 1
5808 19618 1
5198 13929 2
4765 19618 5
5204 19618 107
74 19618 11
5809 4360 1
5810 5810 329
5811 19618 1
5812 19618 8
5813 17036 1
5282 5282 109
2469 6804 1
5814 5814 2544
5293 5293 1008
5815 19618 2
5816 19618 12
5817 5817 26
5818 19618 1
2155 9127 1
4796 11695 1
68 2404 2
2073 13850 1
5819 19618 1
1088 1088 59
5820 648 1
5821 5821 20
5822 5822 52
5823 5823 60
5824 19618 2
2242 18608 1
5825 5825 3
5826 5826 18
2887 17129 1
5827 5827 27
5828 19618 1
5829 19618 1
945 12728 1
5830 19618 20
5831 885 1
5832 5832 2493
5157 19618 10
3908 3908 20
5833 5833 24
1475 10555 3
5834 5834 34
4534 4534 67
5544 19618 8
5835 5835 313
5836 5829 1
5837 5837 14
5838 19618 7
1622 16075 1
5839 5839 1289
4921 872 3
376 5812 3
5840 5840 5
2184 16849 1
5841 19618 1
5842 5842 1415
5843 5843 158
5844 5844 22
4995 19618 1
1307 15565 1
1163 18465 2
5845 5845 29
5846 19618 1
5847 5847 488
187 18189 1
24 1526 1
5848 5848 48
5849 10417 1
5850 14440 1
5851 5851 746
5852 19618 1
5853 5853 22
1095 17264 3
1563 7362 3
4225 4225 1182
2386 9182 1
5854 12680 1
5855 19618 12
5856 19618 1
5857 949 1
3484 11907 1
5858 5858 7
2357 19618 1
2645 11212 1
5859 19618 8
5860 18755 2
5861 5861 1
5862 12627 1
5863 19618 2
5864 19618 1
5865 17587 1
5866 19618 3
5867 15071 1
2482 502 18
4140 14406 1
2339 6936 2
5868 2052 1
5869 12815 1
5870 19618 4
5871 19618 1
5872 5872 314
3488 10838 1
5873 19618 1
5874 19618 17
5875 8264 1
5876 18430 1
5877 19560 1
2174 4980 1
1828 7948 1
2820 274 1
5878 5878 6
5879 19618 16
148 11221 1
5880 5880 2
5881 1827 1
1911 1911 116
24 2101 1
5882 5882 76
1828 18994 3
5883 19618 1
5884 19618 1
5885 5885 1487
5886 5886 107
376 12288 1
961 3158 1
5887 19618 23
1148 18682 1
5888 19618 10
5889 19618 6
5890 19618 1
3855 13185 1
2199 847 1
5170 5566 4
5891 19618 1
5892 19618 2
5893 5893 893
5894 2952 1
5895 5895 4
1830 19618 71
5896 19618 1
5897 5897 24
5898 19618 1
5899 6824 1
5859 5859 224
2454 14964 6
1120 19618 1
5900 19618 1
5052 2710 1
5901 19618 10
145 19491 1
1266 560 1
5902 2764 1
2014 19618 1
5903 19618 2
5904 5904 27
5905 5905 5
5906 5906 37
5907 19618 1
670 670 10773
5908 5908 186
5909 8331 1
5910 5910 131
2322 8318 4
5911 15162 1
948 4782 1
2079 19618 46
2776 1808 1
4527 10288 1
2134 19618 18
2873 2873 183
5912 19618 1
5913 19618 1
5914 7790 6
827 827 17
5915 5915 193
3538 10631 1
5916 19618 1
5917 5917 1090
5521 4934 1
1325 19618 3
26 16469 1
5918 5918 16
5919 14364 2
5920 19618 4
5921 5921 91
5922 5922 4064
5923 5923 9
3816 11501 3
2308 18680 1
5924 5924 1250
5925 5925 171
1720 15047 2
5926 5926 515
3596 19618 2
5927 5927 31
5928 14703 1
5929 19618 4
5274 5274 3398
1077 13115 2
261 10757 1
5930 19618 3
1809 1809 8054
5931 19618 3
5932 16693 1
5933 19618 1
5934 5934 211
3941 3941 1043
5935 7747 1
5936 5936 267
2463 19618 2
5937 1704 1
5763 4107 2
3112 2616 1
5938 19618 1
1491 19589 1
5939 19618 3
5940 19618 6
2451 10378 1
2331 14241 1
5941 19618 10
5942 5808 1
5943 5943 76
5944 5944 15
4607 19618 9
5673 11316 1
2461 19618 14
1153 11206 3
187 14217 3
5945 16899 1
3287 1312 1
5946 5946 2
5947 5947 343
5948 19618 1
5949 19618 61
5950 5950 24
2618 5904 2
3161 19618 1
3022 7821 5
3840 1008 1
2494 1698 6
5951 5951 27
912 16606 5
5952 19618 4
5953 5953 68
5625 19618 3
5954 5954 1
5955 5955 19
5956 5956 99
1819 15927 1
5957 5957 14
5958 19618 5
5959 5959 461
3854 9317 1
5960 19618 2
5961 10839 1
5962 19618 3
5922 5402 1
5963 5963 92
5964 19618 3
5965 19618 1
5966 3496 1
5967 19618 3
5968 5968 58
5969 19618 2
2465 8184 1
5970 13344 5
1405 19618 20
5971 1468 3
5972 5972 3269
5973 14338 1
5974 19618 8
4685 7214 1
5975 19618 2
317 4079 2
5976 1864 1
5977 19618 1
4001 3499 2
224 19618 1443
5978 19618 3
5979 5979 6
4296 16595 1
4388 4388 233
5980 5980 23
5981 5981 147
5982 19618 2
5983 19618 1
317 11438 2
5984 19618 2
5985 13501 1
5986 5986 90
5987 19618 3
5988 19618 2
5989 5989 10
5990 5990 162
5991 5991 130
5963 19618 3
1868 12113 1
5992 5992 11
2166 10432 1
5993 5993 3336
5994 5994 68
3682 5730 1
3845 68 1
5995 19618 1
3660 5817 1
5996 19618 1
4708 7568 1
5997 5555 1
4611 19618 13
5998 5998 20
5999 5999 10
6000 6000 284
2166 5481 1
6001 19618 9
6002 19618 2
6003 6003 26
6004 6004 33
6005 6005 327
3585 15768 1
6006 19618 1
4708 19618 12
6007 6007 266
2190 19618 84
3229 19618 23
5531 16040 1
6008 19618 45
6009 251 2
6010 19618 73
6011 17551 1
4191 11559 1
6012 19618 1
6013 10516 1
6014 6014 102
2743 2743 10
6015 19551 2
1055 5291 1
5416 14397 1
5152 19618 3
3634 19618 4
6016 19618 7
6017 19618 14
6018 14562 1
1452 8450 2
6019 6019 85
6020 15019 1
6021 6021 16
6022 19618 4
6023 17626 3
6024 19220 1
2804 2834 1
6025 19618 1
6026 19618 1
6027 6027 415
2848 16093 1
6028 19618 1
4360 19618 1
6029 19618 1
6030 19618 2
6031 19618 6
6032 19618 1
778 15579 9
6033 6033 1
6034 19618 6
6035 8655 1
6036 6036 75
6037 15613 1
2208 2208 725
1520 1520 416
5090 6265 2
998 19618 28
6038 6038 55
6039 6039 523
6040 19618 2
6041 6041 10
5922 4700 1
2758 13697 4
196 19618 166
6042 19618 1
6043 3624 1
6044 6044 1150
6045 6045 562
319 19618 1
6046 4623 2
6047 19618 42
6048 19618 2
6049 18998 1
6050 19618 2
6051 6499 8
1299 13230 1
3661 19618 3
6052 6052 59
6053 6053 117
6054 19618 6
2917 19618 18
3676 11146 2
6055 6055 1
6056 19618 1
6057 19618 2
2511 8468 1
6058 6058 385
6059 6059 56
1762 15713 1
944 19618 2
6060 6060 902
5884 5884 61
1354 12652 2
6061 6061 207
6062 6062 164
6063 19618 1
6064 13505 1
1170 13111 1
6065 16473 1
6066 7343 1
301 19618 1
3926 7439 1
912 296 3
2151 11259 1
3660 16295 1
4686 4686 206
6067 18798 1
6068 17148 1
6069 19618 5
6070 12894 2
5180 6821 2
6071 5596 1
6072 19618 1
6073 6073 4
6074 19618 1
6075 19618 1
6076 19618 4
6077 19618 2
5984 6862 1
2751 19565 4
6078 6831 1
6079 19618 1
6080 6080 9
6081 19618 12
6082 19618 2
1376 19618 24
6083 17682 1
6084 6084 154
5274 6553 1
6085 18259 1
6086 13720 1
6087 6087 1661
1809 19369 1
6088 19618 1
6089 6089 931
6090 19618 10
4732 11201 2
6091 19618 5
6092 9175 1
6093 6093 20
6094 19618 2
2300 10177 1
6095 19618 1
6096 18424 1
6097 6097 61
6098 6098 285
6099 19618 76
5290 13427 1
6100 19618 1
6101 6101 273
5601 11720 1
6102 6102 1539
2244 18918 14
6103 19618 1
6104 9394 1
2494 7582 5
6105 6105 26
6106 6106 547
2316 19618 12
1004 17958 1
6107 6107 524
4321 13264 1
6108 19618 1
6109 19618 1
6110 6110 26
5877 5877 357
6111 19618 1
1715 3807 1
6112 6112 13
6113 8000 1
6114 19618 6
1059 14610 2
6115 6115 12
5978 5978 51
179 179 29
6116 6116 21
2871 16834 1
3730 3730 10
6117 19618 1
6118 6118 38
6119 6119 14
6120 19618 1
6121 6121 35
6122 6122 12
6123 11516 1
6124 19618 8
6125 19618 12
5639 5724 1
6126 6126 9
6127 12912 1
1819 2920 1
6128 6128 86
1795 2721 1
6129 19618 3
6130 6130 8
5601 19618 165
6131 19618 1
6132 11768 1
6133 19618 1
6134 19618 4
6135 6135 87
1092 19618 4
4349 19618 1
5089 19618 2
6136 19618 3
6137 6137 279
6138 5565 1
1629 19618 1
6139 5945 2
6140 6140 203
6141 19618 8
800 12003 1
6142 19618 1
6143 6143 4
6144 19618 1
5985 5985 1215
3566 570 2
862 6130 1
6145 19618 4
6146 19618 2
6147 19618 12
2898 5421 1
6148 19618 1
1650 10390 1
6149 19618 2
6150 19618 1
6151 6151 1770
6152 19618 3
6153 6153 299
6154 19618 2
2204 3286 2
3002 15734 1
6155 8158 1
520 19618 11
6156 2746 4
6157 14105 1
6158 19618 1
3447 3447 5537
6159 19618 2
6160 6160 9
6161 12521 1
6162 15439 1
1225 1225 3359
6163 19618 12
6164 12454 1
6165 8063 1
6166 18293 1
48 19618 3
6167 19618 3
6168 19618 2
3864 19618 16
6169 680 1
6170 19618 3
6171 19618 3
2657 1431 1
6172 16522 1
6173 19618 1
6174 6174 62
6175 14047 1
6176 6809 2
2537 9924 2
2316 2316 399
1058 15679 1
6177 19618 1
41 13472 1
6178 19618 2
6179 19618 1
6180 6180 86
2842 16313 1
6181 19618 18
2142 19618 2
1246 7486 1
1914 2649 4
6182 3971 1
6183 8001 1
4414 15992 2
6184 6184 18
1039 19618 277
6185 19618 24
858 7342 1
829 7038 10
6186 1094 1
6187 6187 5
6188 5780 1
5347 19618 1
6189 4419 2
6190 5243 1
6191 19618 1
6192 6192 56
6193 19618 4
6194 19618 1
6195 19618 1
462 1515 1
6196 8306 1
6197 4250 1
6198 19618 3
2522 8388 1
6199 19618 1
1970 1871 1
6200 6200 105
3552 19618 8
6201 19618 1
6202 6202 175
6203 6203 21
5673 5673 26045
6204 6204 18
6205 19618 4
6206 10757 1
6207 19618 1
6208 6208 14
6209 19618 1
6210 6210 17
4328 1357 1
4222 510 1
6211 17443 1
5888 14431 1
2052 2052 6
6212 6212 32
5363 5363 1
6213 6213 3
1535 19618 1
6214 19618 1
6215 19618 3
6216 15851 1
6217 19618 4
6218 6218 6195
6219 19618 2
6220 6220 29
6221 6221 31
6222 19618 1
6223 6223 71
6224 19618 1
6225 6225 27
6226 6226 198
3023 13018 3
6227 16113 2
1500 11035 1
259 17370 1
6228 19618 9
6229 6229 939
6230 19618 1
6231 6231 234
6232 6232 211
2075 2075 670
317 9430 2
6233 6233 2
3085 19618 90
6234 6234 111
6235 6235 951
6236 19618 1
6237 6237 149
6238 19618 1
2965 18506 2
6239 19618 1
6240 19618 2
6241 19618 4
4479 4479 2380
6242 6242 14
1373 1373 38
619 17803 1
6243 6243 69
6244 19618 1
6245 6245 59
250 12677 1
6246 6246 47
6247 19618 48
6248 6248 29
6249 6249 147
3004 11779 1
6250 11534 1
5493 19618 1
6251 19618 1
6252 18269 1
3845 15620 1
6253 19618 34
4726 4726 199
4129 19618 59
6254 19618 26
428 17312 1
4356 6117 1
6255 19618 2
3336 3336 315
6256 6256 253
5374 5374 615
2158 2158 102
5734 5734 2219
6257 19618 3
6258 6258 975
917 917 1467
6259 6259 91
6260 7597 1
6261 6261 19
3753 3753 6
6262 19618 14
130 15224 1
6263 1880 1
4338 6864 1
6264 19618 1
6265 2403 2
6266 6266 10
6267 6267 3
6268 19618 2
3385 757 1
6269 19618 1
6270 6270 300
746 13603 1
1409 12481 1
6271 6271 7
4660 3514 2
1020 1020 339
6188 9013 1
6272 19618 2
6273 5776 2
6274 19618 3
5032 19618 19
3588 6680 1
6275 6275 117
6276 19618 1
6277 6277 668
6278 1035 1
6279 19618 25
1051 11979 3
6280 19618 1
6281 19618 6
6282 19618 5
6283 6283 89
6284 11285 2
6285 6285 16
6286 19618 3
4745 17004 1
6287 19618 44
6288 19618 3
6289 19618 1
6290 19618 1
6291 2536 2
6292 6292 74
6293 6293 5
6294 9065 1
5673 19119 1
6295 6295 8
6296 19618 2
6297 19618 1
825 19203 1
6298 19618 3
6299 6299 237
1862 13800 1
6300 2951 1
6301 14548 1
4115 4015 1
481 14554 8
5780 9194 2
6302 19618 5
6303 12209 1
647 5724 1
148 18427 1
4926 4926 152
6304 19618 17
2772 2772 25433
6305 8892 5
6306 6306 31
6307 6307 4
6308 19618 2
3215 1631 8
6309 19618 26
6310 19618 1
6311 19618 6
6312 19618 2
6060 539 1
6313 19618 5
6314 6314 103
6315 19618 1
6316 6316 1
6317 19618 4
4123 4123 173
6318 6318 72
6319 6319 48
6320 19618 17
6321 6321 9
6322 19618 2
6323 6323 44
6324 19618 19
6325 19618 2
6326 7519 5
3846 5521 1
6327 16052 1
6328 6328 37
3301 16397 1
3287 9849 1
6329 19618 11
6330 6330 3
279 6919 1
433 652 1
6331 19618 1
6332 2972 1
6333 19618 1
4614 19618 14
6334 19618 2
2213 2213 1
1459 1459 145
6335 5611 1
145 15304 2
6336 6336 56
6337 19618 36
6338 6338 39
6339 19618 3
3570 14970 1
6340 19618 1
5970 5970 4445
3509 19618 1
6341 6341 19
1154 3063 1
6342 19618 1
6343 19618 1
1486 11537 2
6344 6344 3
6345 6345 25
2970 2970 830
6346 19618 2
720 720 30313
2888 2888 9
6347 19618 8
6348 6348 5
6349 6349 55
6350 6350 843
6351 19618 11
2689 13405 4
563 563 1099
6352 6352 61
2271 19618 5
6353 1324 1
1372 17008 2
6354 8021 1
6355 6355 56
2497 19281 1
6356 6356 28
6357 19618 3
6358 343 1
3427 3427 6131
4674 15906 1
6359 19618 2
3015 19618 158
6360 6360 222
478 1420 1
4061 4061 1274
1791 19618 1
6361 9826 1
6362 19618 3
4164 4164 30
1170 12479 1
431 12746 1
3288 12389 4
6363 19618 7
6364 19618 1
921 3074 1
6365 19618 1
2006 6600 1
6366 15829 1
6367 19618 1
1548 6655 5
6368 6368 287
6369 18771 2
6370 19618 9
6371 6371 15
6372 19618 5
6373 19618 1
2720 3809 1
829 8421 1
1648 18614 3
47 5968 1
6374 19618 6
4456 4456 554
196 2740 2
6375 5472 6
6376 827 1
6377 19618 1
6378 19618 1
1139 19618 98
3070 3070 368
6379 16243 2
6380 19618 1
4402 4402 7
4756 19618 1
6381 6381 8
6382 19618 1
2780 5335 1
6383 19618 2
6275 19618 3
3244 19618 1
4582 241 1
5459 5459 49
5673 13309 13
6384 5216 5
6385 19618 3
6386 19618 1
6387 6387 15
2931 2931 1
1624 3435 1
6388 19618 53
6389 5212 1
3782 3058 3
6390 19618 1
6391 6391 33
6392 6392 3
2166 19618 1249
6393 6393 29
6394 19618 1
6395 6395 2
6396 1561 1
6397 5101 1
4138 4138 311
6398 19618 3
6399 6399 6721
1885 1885 5
6400 19618 6
4850 14591 1
6401 19618 2
6402 19618 1
6403 6403 421
6404 6404 357
6405 19618 1
6406 19618 18
6407 19618 3
6408 9755 1
6409 12278 1
6410 19618 5
1441 2750 1
2130 17884 2
6411 19618 5
6412 6412 75
3485 676 3
6413 10125 1
6414 19618 1
431 14656 1
3215 19372 3
6415 19618 1
377 8392 4
6416 6416 1
2661 16914 1
6417 6417 21
2166 4743 12
1060 88 9
6418 19618 1
5719 19618 3
33 19618 3
6419 19618 1
6420 6420 610
6421 6421 2076
4389 4389 423
6422 19618 13
2225 19618 9
705 7086 4
6423 6423 24
6424 19618 1
2203 19618 109
6425 19618 2
6426 6426 1626
6427 5714 1
986 19618 45
4921 8104 4
6428 6428 63
3828 3828 1371
6429 9017 2
6430 19618 2
6431 19618 1
6432 6432 10
6433 18461 1
1970 1970 548
5914 5404 4
6434 19618 54
6435 19618 1
6436 2625 2
2268 14728 1
3397 19618 1
6437 6437 85
6438 6438 12
6439 6439 56
6440 19618 1
6441 19618 1
6442 19618 4
6443 1936 1
4131 11817 1
6444 19618 1
6445 10537 1
2514 3657 3
6446 19618 48
6447 6447 3
6448 1619 1
6449 6449 19
6450 6450 3
6451 19618 6
6452 19618 3
6453 6453 19
6454 19618 1
6170 6971 1
1060 228 4
2385 19618 4
6455 6455 20
6456 19618 2
6457 6457 866
6458 19618 2
6459 19618 1
5693 19618 1
914 7479 1
6460 19618 5
5731 4655 1
6461 19618 1
2244 2884 1
2407 19618 1
2418 2418 11
6462 6462 523
2528 19618 1
841 10576 1
6463 6463 31
4582 13621 1
2789 8268 1
1946 522 1
6464 6464 23
6465 6465 3
2769 19618 54
6466 19618 4
6467 6467 503
6468 8637 2
6253 6253 1044
6281 15471 1
6469 6469 271
6470 6470 16
3768 19618 5
222 10929 1
5581 10558 1
6471 19618 78
6472 19618 1
3090 3090 24
6473 19618 54
4323 13406 1
6474 19618 19
967 9798 1
3796 19618 2
6475 6475 49
4967 19618 1
2231 9025 1
912 4365 1
1243 4025 1
780 3953 1
6476 19618 3
4906 11667 1
4616 12237 1
6477 19618 1
2273 3078 2
6478 19618 2
6479 6479 59
6480 12782 1
1 18405 2
5854 5854 23
116 19618 7
6481 19618 1
6482 6482 76
6483 6483 77
6484 6484 40
6485 4199 4
6486 19618 42
6487 6487 29
6488 19618 1
1389 2476 1
6489 19618 35
6490 6490 34
205 224 6
6491 19618 1
6492 19618 1
6493 5672 1
589 7524 1
6494 6494 35
6495 14756 1
6496 6496 6
5875 17518 1
4963 13139 1
6497 6497 496
6498 6498 12
4137 13551 1
6499 2435 2
4065 9846 2
6500 6500 432
6501 19618 3
1207 637 3
6502 6502 397
6503 546 1
6504 11887 1
6505 15796 1
6506 6506 11
3742 12086 1
6507 14405 1
6508 6508 1496
6509 6509 31
6510 17818 1
6511 19618 2
155 7525 7
6512 6512 32
5607 5362 4
3566 11564 1
6513 6513 648
5319 5319 145
6514 19618 1
4801 17166 1
6515 19618 10
6516 5115 1
6517 6517 219
6518 19618 1
5088 50 1
6519 19618 5
6520 18 1
6521 9454 1
6522 19618 1
6523 19618 1
6524 1689 1
4434 4436 1
4556 5625 1
6525 19618 1
6526 14590 2
6527 6527 85
6528 10634 1
6529 3705 1
6530 19618 2
6531 18972 1
6532 11253 2
4293 5113 1
6533 6533 90
6534 7900 1
6535 6535 133
914 9932 1
6536 19618 1
6537 6537 1711
6538 6538 321
6539 1687 1
6540 6540 28
6541 19618 2
6542 6542 188
1251 19553 1
6543 6543 27
6544 6544 1
1748 1331 1
6545 6545 216
6546 19618 3
6547 19618 2
2991 16675 1
4335 1224 1
5832 6771 1
1162 8014 1
6548 6548 115
6549 1158 1
1575 8412 1
6550 6550 890
6551 8234 2
1306 1306 4264
6552 19618 1
901 14228 1
1609 12437 2
3146 3146 4
6553 456 1
6554 6554 10
6555 19618 1
6556 6556 648
6557 19618 2
6558 2557 1
5225 5225 17
453 2339 1
6559 6559 40
6560 19618 1
6561 19618 3
6562 19618 1
6563 6563 29
6564 19618 1
6565 19618 1
3698 3698 90
705 10068 3
6566 19618 2
6567 19618 1
6568 19618 1
6569 6569 196
4660 16307 1
6570 6570 52
6571 4239 1
6572 19618 2
2273 7509 1
4462 15210 1
1116 15207 1
2293 2293 111
6573 6544 1
6574 19618 1
6575 19618 29
6576 19618 4
1804 307 4
6009 15683 2
6577 19618 1
1273 5919 1
2490 13201 3
6578 6578 152
6579 19618 2
6580 19174 3
5110 19618 1
6581 6581 1
5002 16353 1
1450 17771 5
3970 6096 1
4850 19618 35
6582 19618 1
1074 10203 3
6583 6583 108
6584 19618 4
4512 4512 35
833 14090 1
6585 19618 5
2335 2335 58
6586 6586 2058
1862 7040 1
4410 19618 29
2033 19618 6
6587 6587 78
6588 19618 34
1311 17697 3
4657 9782 1
2949 5897 1
6589 6589 166
6590 6590 47
6591 18557 1
6592 13519 1
6593 6593 6057
6594 6594 7
6595 6595 583
6596 19618 4
6597 19618 11
359 359 26929
6598 6598 50
6599 6599 2
6600 6600 10
6601 19618 4
6602 19618 24
6603 19618 79
6604 19618 6
6605 19618 1
254 19618 22
6606 4653 1
4199 11471 1
6607 19618 3
6608 14846 1
6609 19618 33
803 5805 1
6610 5077 1
6611 19618 2
6612 6612 110
219 219 137
2132 7917 3
6613 3737 1
1261 1261 215
6614 19618 4
259 19572 4
290 19618 1
195 18144 3
6615 19618 1
6616 19618 2
6617 19618 1
6618 6618 21
1664 125 1
6619 19618 1
6620 19618 1
6621 6621 35
191 1415 1
6622 6622 510
6623 6623 2750
1944 1824 2
6624 6624 8
6625 6625 39
3047 16126 1
6626 6626 89
6627 19618 10
1357 1357 185980
148 15983 10
3474 19618 10
6628 6628 9423
6629 19618 1
6630 19618 1
6631 19618 2
358 11660 3
6632 19618 2
4273 10227 1
6633 19618 5
800 19618 5
5044 16213 1
1941 19618 5
1188 14720 1
6634 19618 1
2860 4940 2
6635 19618 1
6636 6636 1
6637 15890 1
5392 19618 1
6638 19618 1
6639 19618 1
6640 6640 84
553 19618 16
6593 19430 2
6641 19618 5
377 17192 1
1196 1196 62
6642 7457 3
6643 19618 2
6644 19618 1
1677 5482 1
5094 18747 1
6645 19618 1
6646 19618 11
478 5979 1
6647 9649 2
6648 19618 5
6649 19412 1
2645 19618 63
6650 8122 1
6651 19618 1
4204 19618 5
6652 6652 21
6653 7866 1
6654 6654 7
6655 6655 913
6656 18867 1
4475 3833 1
6657 19618 1
5131 19618 18
6658 6658 29
6659 6659 27
2145 19361 1
5692 18358 1
6660 19618 4
1055 784 1
57 19618 4
6661 19618 1
5433 19618 17
6662 19618 3
912 18546 1
3776 6647 1
5322 5185 1
6663 19618 1
6664 19618 1
1853 1447 1
6665 19618 1
6666 9091 1
6667 19618 1
6668 6668 105
6279 418 1
6669 6669 47
6670 19618 1
2441 19618 3
4660 11012 1
6671 6671 3
6672 6672 6
117 8592 1
6673 6673 1
5386 5386 11
1670 6350 1
6674 6674 6
1223 1223 248
6675 6675 15
5763 19618 174
6676 13834 1
6677 19618 1
6678 6678 29
6679 6679 18
5157 5157 290
6680 5799 2
6681 19618 1
6682 19618 4
5133 10560 2
6683 6683 103
163 6258 1
6090 5193 1
6684 6684 134
6685 19618 6
2804 1729 4
6550 19618 19
6686 19618 3
1579 1579 253
917 19618 38
118 118 136
6151 12990 1
6687 19618 1
2970 1159 1
6688 6688 7
6689 19618 2
6690 6690 1541
6691 15895 1
5316 6676 1
752 19618 3
6692 19618 2
6218 9 1
4763 8716 1
6693 17058 2
1301 8992 2
6694 18673 1
6695 6695 209
5404 10128 1
5826 4814 1
6696 19618 1
375 4294 1
6697 692 1
6698 6698 61
6699 6699 39
5426 5426 27
2305 9670 3
6700 6700 113
1862 18856 1
4751 4751 20
6701 19618 23
2689 2842 1
3305 19618 74
6702 19618 75
6703 19618 1
6704 6704 24
6705 19618 12
6706 6706 2
492 492 650
2885 11197 1
943 8883 5
6707 6707 443
6708 3969 1
6709 2420 1
6710 2945 1
6711 8402 1
6712 855 1
6713 15643 1
6714 19618 4
6281 6281 280
6715 19618 1
4291 2127 1
6716 19618 4
6717 19618 1
6718 19618 41
3629 9539 1
1646 6534 1
2347 13382 4
3071 6495 4
6719 6719 109
1760 1760 1735
2758 3733 1
4943 223 5
6720 6720 17
6721 19092 1
539 148 52
3629 16241 1
6722 6722 21
6723 19618 3
6724 6724 59
6725 6725 325
6538 19618 5
6726 19618 1
6727 1630 1
2628 19618 8
4437 12501 1
6728 6728 68
6729 1316 1
6730 6730 36
6731 7747 1
6732 6732 42
6733 19618 2
6734 6734 37
6735 18981 2
71 7812 2
6736 9038 1
6737 6737 15
1005 13019 1
6738 6738 72
6739 19618 17
6740 10720 1
6741 16220 1
6742 7588 1
2076 16218 6
6743 6743 235
5322 5322 14243
6744 19618 3
6745 19618 11
6746 19618 1
1364 1364 507
735 18471 16
6747 19618 1
6748 19618 1
3217 3217 2047
6749 19618 3
6750 6750 54
3921 17022 1
6751 6751 16
6752 19618 5
6753 17583 2
3459 19618 1
97 19618 133
6754 19618 7
2212 15081 2
6227 19618 60
6755 19618 43
6756 6756 38
6757 500 1
6758 19618 2
945 945 2518
6759 230 1
6760 6760 777
3649 19618 3
2491 19618 1
6761 2576 1
6762 6762 340
2618 3545 1
1477 6873 2
3170 17323 1
6763 19618 35
6764 6764 45
6765 19618 1
6766 19618 2
6767 19618 6
6768 8323 1
3606 634 1
5006 2451 5
1745 1745 30
6769 19618 1
6770 6770 562
6771 6536 1
5127 19618 10
1852 12421 3
777 9935 1
6772 14626 1
6773 19618 2
6774 6774 7
2528 2528 22
2157 15842 1
6538 8495 1
6775 19618 1
6776 6776 1
6777 6777 2
4437 18240 2
6778 6778 117
6779 6779 31
6780 17494 1
6781 11640 1
2686 7975 1
6782 6782 72
4916 19618 1
6783 6783 59
2602 8415 1
741 3177 2
734 9558 1
648 18290 51
5626 16320 2
6784 6784 2
6785 6785 14
1357 10777 1
6786 19618 8
6787 19618 3
4370 6929 1
3938 3938 1581
6788 19618 1
6789 19618 8
6790 19618 1
6791 19618 3
4430 19618 14
6792 628 4
905 16710 1
6793 19618 11
539 2778 8
991 19618 3
2707 19618 13
6794 7849 1
40 11941 1
2150 19618 53
6795 16869 1
6796 19618 1
6797 19618 1
6798 6798 31
6799 19618 1
1172 11307 1
6800 6800 27
585 13887 1
275 6949 1
1106 2864 1
6801 19618 1
6802 19618 1
6803 19618 3
6804 19618 5
6805 6805 22
6806 10499 1
1572 5121 1
4113 19618 65
6807 6807 20
6808 8572 1
5303 5303 703
6809 19618 2
6810 6810 95
6811 6811 190
4098 4098 3516
4006 807 1
6736 3931 1
4873 17864 1
6812 6812 9
309 4886 3
6813 19618 1
6814 9991 1
3536 14317 1
3641 3641 79
6815 750 1
3495 18643 1
6816 19618 3
4001 7202 4
194 19618 224
6817 19618 1
105 15168 1
6818 5396 1
209 19618 1
6819 11942 1
6820 6820 412
6821 19618 7
3570 14009 4
6822 19618 2
2539 19618 40
6823 19618 2
3147 3147 37
5657 18841 1
6824 19618 1
6825 9955 1
6826 19618 2
6827 6827 159
6828 6828 133
6829 19618 3
6830 19618 1
6831 19618 1
6832 19618 6
2632 7678 5
6833 19618 2
4076 4076 79
6834 4815 1
6835 6835 47
4403 14396 2
3965 16646 1
6836 9369 1
6837 19618 5
6838 6838 39
6839 6839 4
6840 8853 1
6841 19618 1
6842 19458 1
6843 6843 186
6844 6844 68
398 19618 12
670 8705 3
5026 19618 10
6845 19618 1
2687 16793 1
3170 5035 1
6846 6846 325
6847 3474 2
6848 19618 2
6849 19618 1
3704 19618 3
6850 19618 7
6851 6851 7
577 309 1
6852 10220 1
6853 19618 14
6854 6854 25
6855 8542 1
1409 2966 1
6856 19618 1
6857 19618 1
6858 1939 2
6859 19618 1
6860 11580 1
155 4153 1
6741 6741 21
6861 6861 6
6862 19618 2
6863 6863 93
3310 3310 4
6864 6864 118
6865 19618 1
3901 19618 2
6866 19618 3
1954 9909 1
6506 19618 1
6867 6867 26
6868 6868 5
6869 19618 6
6870 6910 1
2004 15089 2
6871 6871 5
6872 19618 1
6873 6873 201
6874 6874 47
3588 2186 4
426 17376 1
6677 6677 2
1444 1444 4140
6875 19618 7
2346 19618 1
3201 3201 4533
6876 1827 7
2814 2814 89
1251 19618 28
2617 3632 1
6877 19618 19
6878 19618 3
6879 6879 479
6880 19618 2
2229 8105 1
6881 19618 1
451 451 7100
6882 3053 1
2916 9946 1
4933 17044 1
636 19618 1
6883 19618 1
6884 19618 1
6885 19618 1
4465 19618 6
5498 14844 1
6886 7897 2
6887 6887 137
6888 19618 1
6421 19618 39
3275 19618 147
6889 12850 1
2276 6058 2
6890 338 1
6891 19618 1
2569 1296 2
1135 7594 2
6279 6279 1036
6096 6096 632
6892 13469 2
6893 18850 1
6894 13599 1
250 6500 1
6895 19618 3
417 417 450
6151 19352 1
6896 16269 1
1452 4550 2
1707 6541 1
6897 6897 200
4047 1731 5
6898 6898 14
6834 9437 1
6899 19618 1
6900 7062 1
6901 19618 1
1428 11728 1
6510 4372 5
1369 19618 3
6902 17449 1
2955 15094 1
828 4543 2
6903 6903 10
6904 6904 11
3238 19618 1
6905 19618 1
6906 19618 6
6907 6907 38
6908 17815 1
6010 8825 1
5585 5585 16
6909 437 7
1297 4778 2
1950 9562 2
6910 19618 1
68 17557 3
6911 6911 4
6912 6912 41
6913 19618 5
2530 695 5
1229 19618 1
6914 2860 2
6915 17932 1
6916 19618 3
6917 6917 35
5767 5767 9153
6918 19618 2
6919 6919 2
829 6625 2
6920 19618 1
6921 19618 1
6922 13992 1
6923 6923 10
433 433 2430
6924 6924 33
6925 19618 1
6926 19618 1
6927 6927 13
6928 6928 6
6929 7431 1
6930 6930 6
6931 5961 1
2929 2929 46
6932 6932 9
6933 3299 2
3674 3674 1482
6934 6934 1
6935 6935 18
6936 19618 2
6937 17625 1
6938 19618 2
3913 15179 1
6939 19618 2
1966 19162 1
6940 19618 1
6941 6941 62
2615 2615 4179
6942 150 2
6943 6943 83
295 19618 243
1210 19618 1
6944 19618 1
866 866 3171
6945 6945 410
6946 19618 4
6947 14588 1
6948 19618 3
3288 3047 11
6949 19618 4
6788 6788 6
6950 19618 1
6951 19618 1
1397 13706 1
6952 19618 6
6953 6953 2
6954 6954 44
4131 4249 1
5798 5798 1835
6955 19618 1
1053 19618 13
6956 11254 1
6957 6957 54
1099 8438 2
2898 10552 1
4905 4066 2
6958 6958 70
6959 19618 8
6960 17504 1
6961 6961 8
6962 411 1
6963 19618 3
6964 6964 4
6965 19618 1
6966 7550 1
1380 7673 1
3442 10565 2
4425 19618 2
2930 3758 2
1171 19618 14
6967 13273 1
6968 1955 1
6969 6969 46
6970 19618 1
5503 5503 791
6971 1994 1
6972 6972 9
6973 6973 240
6974 19618 1
6975 19618 50
6976 6976 33
6977 6977 66
6978 19618 7
4834 19618 1
6979 6979 150
6980 19618 6
2041 2041 865
6981 6981 11
6504 6504 206
6982 6982 50
2414 19618 8
6983 19618 52
3004 14053 2
6984 14273 1
6985 18504 2
6986 6986 177
6987 6987 23
6988 19618 1
3495 6491 1
3319 5736 1
3530 983 3
6989 6989 237
6990 19618 2
6991 15050 1
6992 19618 7
6993 6993 26
6994 19618 17
6995 19618 1
5645 19618 26
3489 19618 4
4247 1923 1
6996 3307 1
114 8112 1
2404 2404 57
6997 19618 11
6998 6998 7
6999 6999 9
7000 10524 1
7001 19618 4
7002 7002 34
7003 13049 1
2185 6260 2
1577 12620 1
5006 11579 2
7004 19618 1
1236 1164 1
7005 19618 1
7006 19618 1
1321 18562 1
2198 693 1
2244 17046 1
1908 19618 1
7007 8141 1
7008 7008 103
4885 4885 1853
7009 19618 1
7010 19618 10
6189 6189 520
6287 11961 1
395 1482 2
7011 12503 1
7012 7012 11
7013 19618 1
7014 7014 550
7015 19618 1
7016 19618 4
7017 7017 328
7018 19618 1
7019 7019 514
900 18691 2
1103 3530 1
7020 3837 1
7021 7021 877
2602 9114 1
7022 19618 1
1786 8221 1
7023 19618 1
7024 19618 2
5512 5512 1493
7025 19618 1
7026 7026 17
7027 19618 1
5166 12350 3
7028 19618 1
3001 1738 4
7029 7029 8
7030 7030 66
1770 17167 1
7031 7031 1632
7032 19580 2
89 19618 3
2497 1379 1
5857 5857 11
7033 17764 1
7034 19618 1
7035 19618 1
7036 7036 743
7037 19618 47
7038 7038 1811
6464 9053 1
7039 19618 1
1486 2846 5
7040 7040 15
7041 10244 1
6246 19618 2
7042 19618 1
7043 19618 1
6326 1298 2
7044 19618 23
7045 7045 7
2272 6046 2
7046 19618 1
7047 16778 1
7048 19618 1
7049 19618 17
7050 7050 308
163 19618 2
7051 7051 114
7052 7052 82
4802 6374 1
7053 19618 3
577 4210 1
7054 10188 1
3414 3414 519
7055 7055 85
2975 19427 1
7056 19618 22
7057 19618 6
874 15255 2
7058 7058 56
4147 4504 5
7059 7059 147
7060 19618 2
7061 19618 6
7062 7062 7
7063 19618 5
7064 6683 1
7065 7065 22
7066 19618 1
7067 7067 55
1397 19618 4
7068 17080 2
7069 12141 1
7070 19618 1
695 4634 6
7071 7071 5
7072 6644 1
261 19618 329
7073 19618 9
7074 7074 40
3998 19618 3
2005 10647 1
7075 1627 1
4315 11748 1
3816 4168 2
7076 19618 2
7077 7077 9
5343 10994 1
7078 7078 99
7079 7079 25
7080 15738 1
5609 673 1
7081 19618 2
7082 19618 1
7083 7083 173
7084 7084 37
197 3618 1
7085 19618 2
7086 5513 1
5626 19618 17
7087 19618 1
7088 13337 1
7089 19618 19
7090 19618 3
7091 19618 1
7092 7204 1
7093 16148 1
7094 12486 1
7095 19618 1
2630 1966 7
6104 18355 1
6436 6436 1463
7096 8859 1
7097 19618 24
3494 19618 1
7098 6998 1
4829 4829 333
7099 19618 1
451 18602 5
241 12194 3
287 11246 1
5087 19567 1
7100 7100 92
7101 19618 12
7102 7102 40
7103 19618 11
7104 7104 2
4065 19135 1
7105 7105 2
7106 7106 198
7107 19618 5
7108 1166 1
7109 19618 1
7110 7110 236
7111 7111 24
5843 19618 4
4166 4166 1493
7112 19618 4
7113 7113 328
7114 7114 23
7115 7115 21
7116 7116 21
4852 17115 1
7117 9919 1
7118 7118 14
3662 3662 4558
7119 19618 1
7120 5605 1
7121 19618 9
6991 19618 5
213 213 8
7122 19618 5
7123 3281 1
7124 7124 17
4325 17871 1
4328 6996 4
7125 7125 454
7126 7126 64
7127 19618 1
7128 7128 195
4010 12055 1
7129 7129 74
7130 7130 14
681 19618 27
3992 19618 4
3564 3564 1169
7131 7131 93
7132 19618 1
3015 15872 1
7133 7133 16
7134 19618 10
7135 14408 1
7136 19618 1
1246 8481 1
1458 5149 1
832 18568 4
3405 14106 2
7137 19618 3
7138 19618 1
7139 7139 60
7140 5734 1
7141 19618 1
7142 7142 637
1180 19618 1
7143 7143 261
243 243 3425
7144 19618 1
1770 3844 1
7145 4898 1
7146 7146 2308
7147 6887 2
3084 19618 128
7148 19618 2
5030 14581 1
7149 19618 1
1539 1539 816
3275 18371 3
7150 7150 123
6489 6489 1476
7151 7151 903
7152 7152 21
7153 19618 1
7154 19618 5
7155 7155 42
3173 3173 3632
6553 6553 166
650 18808 1
359 2365 1
7156 6891 1
7157 19618 1
7158 18467 1
7159 7159 852
7160 19618 1
4368 10922 2
196 18713 1
7161 19618 9
4853 4853 217
7162 7162 1855
7163 1875 1
5885 4635 1
7164 5047 1
1273 1273 155
7165 19618 2
1726 19006 1
7166 19618 1
5609 18801 3
1082 7943 1
1471 19618 1
7167 7167 60
1119 19618 109
3308 3308 906
7168 19618 1
7169 7169 191
7170 7170 861
7171 7171 3
7172 19618 2
7173 13046 1
2154 15145 1
7174 16858 1
7175 19618 5
7176 7176 230
7177 19618 1
7178 7178 87
7179 7179 63
3406 13093 1
1265 2812 1
7180 19618 54
3982 17159 1
2789 2308 3
6013 19618 6
1097 1097 1025
7181 19618 3
7182 19618 3
6419 6419 8
7183 19618 1
1376 1844 2
7184 7184 383
7185 19618 6
7186 19618 2
7187 4484 1
7188 6192 1
7189 19618 1
7190 7190 71
7191 8147 1
1738 17054 1
7192 7192 111
7193 7193 637
7194 19618 23
7195 7195 171
7196 2851 1
1294 1294 12965
4368 19618 72
3242 3242 48
5609 19618 658
7197 7197 18
6162 19618 8
7198 19618 2
1666 19618 1
7199 7199 10
7200 7200 9
4092 18782 3
7201 19618 2
3038 3038 81
7202 7202 5251
7203 19618 3
7204 7204 31
7205 7205 195
7206 19618 1
7207 1143 1
7208 19618 11
1649 19618 87
7209 19618 3
4165 19618 8
7210 19618 40
7211 1088 1
2740 12797 1
205 4159 18
7212 15293 1
7213 10916 1
7214 7214 88
2334 18267 1
7215 7215 331
7216 19618 69
7217 19618 13
7218 19618 1
1216 19618 109
7219 7219 57
1464 1464 1957
7220 7220 173
1604 9460 8
7221 5635 1
7222 7222 26
7223 7223 1048
7224 7224 33
4884 9133 2
7225 19618 14
6369 3080 1
365 12186 1
4285 4285 1989
1156 366 1
766 5619 1
7226 17888 1
7227 19618 9
7228 19618 1
7229 7229 85
7230 19618 1
898 3313 2
1937 1937 324
5389 19618 1
7231 19618 2
7232 19618 3
688 688 119
4719 8587 1
7233 19618 1
7234 408 1
7235 19618 7
5560 9748 2
287 18696 1
4306 4306 124
7236 14671 1
6320 10193 1
5882 19618 3
7237 7237 18
3733 19618 2
7238 19618 2
7239 19618 2
211 18574 1
7240 19618 5
7241 7241 500
7242 19618 1
7243 19618 1
7244 7244 22
7245 19618 3
7246 5358 1
4633 4633 16
7247 8408 1
7248 7248 245
7249 19618 1
7250 7799 1
7251 19618 3
7252 19618 165
6399 764 2
7253 7253 21
6919 19618 1
5810 1754 2
7254 19618 13
7255 7255 1
3256 13882 2
3869 3869 410
243 12500 1
7256 19618 1
1945 1945 4
7257 9781 1
5196 12670 1
7258 19618 2
6379 1873 1
1170 18645 4
2882 19618 15
7259 19618 1
4211 15090 1
1224 1224 194
5746 14461 1
2780 4303 1
7260 19618 4
2802 13896 2
7261 7261 19
5885 4790 1
7262 14723 1
7263 19618 1
7264 7264 313
7265 7265 2272
7266 19618 2
7267 7267 2
7268 7268 26
5140 14549 1
4230 8742 1
7269 7269 95
7270 7270 24
201 18301 1
7271 19618 9
7272 19618 3
7273 19618 3
7274 7274 38
135 18913 1
4666 19618 6
1598 15012 2
3630 19618 1
4348 17098 5
7275 7275 437
7276 19618 1
1153 16517 1
6058 19618 10
7277 19618 2
7278 7278 304
7279 7279 152
647 16185 1
1762 19618 39
7280 10207 2
7281 7281 4644
7282 19618 1
7283 7283 4
5291 19618 5
7284 7284 591
982 982 160
7285 19618 11
7286 19618 62
7287 19618 7
2277 2909 2
7288 17655 1
205 205 33949
7289 7289 1141
7290 19618 4
7291 7291 117
7292 19618 14
7293 2019 1
2926 7456 2
7294 19618 1
130 234 9
1386 884 1
5970 13565 1
4732 19618 95
7295 19618 2
7296 19618 97
2955 12464 1
7297 7297 56
5006 4342 1
7298 7298 7
7299 7299 8
5903 5903 29
25 6381 1
6437 19618 3
2580 6060 2
845 19618 224
5107 5107 1193
4291 15608 1
3217 7952 1
1374 1374 10
7300 7300 35
4192 19618 5
7301 7301 6
7302 7302 182
7303 11191 1
7304 14759 2
7305 19103 1
4716 17299 4
7306 19618 10
890 1339 8
7307 19618 1
3015 15543 1
6372 7105 1
5342 10462 1
7308 7634 1
1859 12722 1
7309 7309 351
7310 7310 69
7311 18073 1
7312 19618 1
7313 19618 1
904 15236 2
7314 19618 1
4191 9872 1
7315 19618 3
2032 13165 1
7316 19618 6
4741 19618 7
7317 19618 6
1882 642 1
6693 2079 1
7318 7318 743
3979 13188 1
3275 3275 6132
7319 7319 791
7320 19618 1
2339 19618 89
7321 19618 19
7322 7322 18
7323 7323 2034
5767 6337 4
7324 19618 1
7325 1292 1
7326 19618 3
7327 7327 1699
7328 7328 71
7329 7329 25
7330 19618 1
7331 7331 3
7332 7332 27
5653 15968 1
1311 213 1
1773 15678 3
7333 19618 1
6199 6199 4
829 16256 1
1166 1166 3
2022 18623 1
7334 7334 154
6156 4084 3
4642 7392 1
7335 2761 4
7336 7336 55
501 501 13178
7337 14418 1
4850 13560 1
3544 19618 6
3676 3676 6477
7338 7338 42
3624 19618 7
3414 9457 1
6854 19618 1
3503 3503 6569
4957 12523 2
5335 6951 1
7339 19618 1
7340 19618 9
2416 19618 1
5170 19130 2
7341 7341 157
4797 19618 21
7342 19618 1
7343 8720 1
7344 7344 24
5204 10936 1
1784 53 1
5420 5420 7686
5813 1605 1
7345 19618 1
7346 19618 1
109 12498 1
7347 7347 261
621 8152 2
7348 19618 2
7349 3481 1
7350 7350 466
7351 7351 105
7352 7122 1
414 15874 1
7353 19618 1
7354 16913 1
7355 19618 20
7356 19618 1
5867 8801 1
5763 1616 2
3325 10469 1
7357 19618 3
1341 599 4
5153 5153 18
348 6719 1
7358 7358 48
7359 13659 1
5593 8187 1
7360 19618 4
7361 19618 2
7362 19618 14
7363 16360 1
7364 19618 3
7365 19618 1
7366 14654 1
7367 19618 24
5043 8352 1
7368 7368 14
7369 19618 1
7370 19618 2
7371 7371 385
7372 19618 1
4620 4620 365
5682 5682 819
7373 7373 448
7374 7374 42
7375 7375 71
7376 7376 74
7377 19618 1
5654 514 1
4060 4060 829
3776 3621 2
7378 8325 1
7379 7379 10
7380 19618 6
6579 6579 43
2776 13012 1
7366 19618 11
7381 592 3
303 18106 1
7382 7382 10
7383 15082 1
7384 7384 12
4434 3371 2
7385 6304 1
5109 17468 1
7386 19618 11
7387 7387 24
7284 10795 2
7388 19618 2
7389 7389 9
7308 7308 1023
1929 1929 711
7390 7390 515
7391 15137 1
3922 8571 1
2973 1049 1
5438 19618 3
4266 13208 1
7392 7392 78
7393 11765 1
3525 2965 5
1804 8204 3
6623 8292 1
4847 9876 1
7394 7394 123
2434 5589 4
287 74 2
7395 19618 1
7396 19618 2
288 8753 2
1334 17992 1
7397 7397 45
7398 7398 10
7399 7399 89
845 5049 1
3938 14537 1
7400 7400 646
3366 17890 1
7401 1303 1
6504 13497 1
7402 7402 53
1135 5615 1
4397 11011 1
7403 19618 2
7404 7404 4122
186 16283 1
7405 19618 1
779 286 1
7406 4694 1
7407 7407 117
7408 19618 4
7409 5097 1
7410 7410 49
7411 7411 1
4033 16046 2
6571 17876 1
6087 16683 1
3964 19618 64
7412 2230 2
2718 19618 110
5422 19618 130
7413 19618 1
2344 2344 3681
7414 19618 3
7415 7415 16
4479 17727 1
5740 1464 1
7416 19618 2
526 9498 1
7417 7417 13
4086 5158 1
5984 5984 97
7418 1918 1
957 19618 2
4933 19394 1
2672 1620 1
7419 7419 276
1225 13845 2
2514 2514 3349
539 18256 1
7420 19618 2
4345 10831 1
7421 6419 1
7422 19618 1
28 657 1
7423 1469 1
7424 19618 1
7264 19618 7
6587 19618 4
7425 19618 1
7426 7426 225
7427 19618 19
2833 19618 3
6649 1784 2
5135 15247 1
6004 19618 2
7428 19618 17
7429 19618 4
7430 7430 119
3323 11415 1
7431 11422 1
5763 12133 1
7432 7432 237
7433 1169 1
3507 3507 332
7434 7434 301
5241 7035 1
5407 13640 1
59 3089 1
2670 16827 2
4806 13754 1
7435 19618 1
7436 19618 5
7437 13144 1
808 19618 6
7438 19618 2
1331 1331 7936
7439 7439 8
4852 4852 2169
7440 7440 211
7441 7441 547
5355 2295 1
1470 1470 4
6184 19618 1
2108 6302 1
7442 19618 2
7098 7098 2241
7443 7443 27
7444 19618 8
7445 7445 86
5388 5388 29
7446 1145 2
7447 7447 929
7448 7448 54
6016 6016 301
7449 19618 1
7450 19618 1
4847 11446 1
542 542 44
7451 7451 87
7452 7452 334
7453 19618 3
7454 11734 1
7455 7455 610
7456 7456 739
7457 7457 27
7458 7458 16
7459 19618 1
7460 19618 1
7461 7461 7
7462 1887 1
7463 19618 1
649 19618 2
7464 19618 2
197 2372 1
177 177 789
2369 7376 2
7465 19618 2
2521 5855 1
7466 7466 19
5057 15619 6
7467 7467 80
25 6621 1
2003 3896 2
7468 7468 39
5926 19618 9
7469 16689 1
7470 7470 1
312 5019 1
7471 7471 570
3075 19618 2
7472 7472 10
7473 19618 1
5602 5933 1
7474 7474 2065
7475 7475 264
4582 16841 1
7476 4143 1
7477 6826 2
7478 10742 1
7479 19618 10
7480 7480 2
7481 19618 5
4884 283 3
7482 19618 1
7483 7483 11
7484 19618 7
7485 19618 1
7486 7486 459
6675 19618 1
1950 214 3
7487 19618 2
7488 19618 1
1450 7690 5
7489 4126 1
7490 19618 1
7491 11604 1
7492 7492 92
7493 7493 3
4031 19618 1
7494 7494 2
7495 19618 7
5972 19618 85
7496 7496 27
7497 19618 1
2627 19618 80
2114 7401 6
816 9557 1
4840 11396 1
7498 19618 1
7499 7499 10
7500 7500 144
7501 19618 1
3986 311 1
7502 7502 30
7503 19618 13
7504 19618 1
3097 3097 6
234 8822 1
7505 7505 9
7506 7506 3
975 975 79
7507 19618 3
7508 19618 2
7509 7509 161
7510 15563 2
7511 19618 5
7512 19618 2
7513 7513 14
7514 5304 1
7515 19618 1
4539 4539 5
7516 12933 1
7517 52 1
7518 7518 60
1083 19618 4
5292 5292 37
7519 475 1
943 4082 2
4006 19618 14
7150 19618 4
7520 19618 4
1097 1134 1
2681 19618 68
2398 2398 561
7521 7521 55
7522 7522 789
7523 7523 60
7524 19618 1
7525 7525 761
1982 4151 1
7526 1506 1
7527 7527 32
3697 3708 1
350 11121 1
7528 19618 1
7529 19618 1
4362 19618 15
3928 995 2
7530 5684 1
791 4243 1
7531 19618 4
7532 7532 13
6213 19618 1
4232 4232 31
7533 19618 1
7534 19618 1
4885 14832 1
7535 18393 1
7536 19618 1
7537 19618 11
7538 11649 1
7041 16881 1
3338 19618 5
2053 19618 15
7539 19618 169
7540 2862 3
2778 4556 1
2007 11825 3
7541 19618 7
615 17040 1
7542 19618 2
7543 7543 442
2761 19618 13
1870 7609 1
3535 3535 646
7544 15850 1
7545 19618 1
3963 3963 516
7546 19618 3
4287 8947 1
7547 19618 3
1979 1979 391
1372 15736 1
7548 19618 5
7549 7549 450
896 9676 4
7550 19618 8
7516 8767 2
5860 15052 4
4214 2189 1
7551 7551 25
7552 19618 15
7553 7553 2
2308 18569 3
6486 4482 1
7554 19618 1
7555 7555 6
7556 19618 1
7557 19618 18
7558 19618 1
4393 4393 49
7559 7559 3657
3839 11545 2
7560 19618 1
634 17255 2
7561 6592 1
1031 7339 1
4618 18912 1
7562 19618 1
5953 19618 1
877 877 766
6924 19618 2
5925 19618 5
7563 7563 626
4261 6841 1
7564 7564 834
7565 19618 1
4159 481 2
7566 7566 14
7567 7567 9
7568 19618 4
7569 10835 1
7570 19618 1
7571 7571 8
7357 7357 82
1176 1176 6150
7572 17460 1
7573 7573 12
7257 19618 5
7574 7574 19
7575 19618 1
7326 7326 86
7576 7576 4
7577 19618 1
1201 7788 1
7578 19618 2
7579 19618 6
1670 1670 724
2178 15688 1
5930 5930 106
7580 19618 41
7581 7581 71
7582 19618 26
7583 19618 1
195 18607 1
7584 7584 10
2234 16162 1
3739 16420 1
5037 5037 915
7585 18930 1
1707 8443 1
7586 19618 1
2618 8679 1
7587 19618 10
3373 19618 473
5116 5116 671
7588 7588 221
7589 19618 50
7590 7590 19
7591 7591 60
7592 7592 47
6818 6818 966
7593 19618 9
7594 19618 8
7595 13092 1
7596 8748 1
705 10829 4
7597 19618 1
3022 8106 2
1825 1825 305
1954 17942 2
969 6852 1
7598 7598 138
905 18050 3
7599 7005 1
2811 11156 1
7600 19618 15
6507 15544 1
1514 19618 1
7601 19618 2
1219 1219 18
7602 19618 1
7603 19618 1
2885 6733 1
7604 7604 47
1649 12765 2
7605 7605 8
5645 7440 1
7606 15296 1
7607 19618 1
7608 7608 12
1695 1695 839
7609 19618 3
4115 19618 16
6247 17928 2
7610 19618 24
746 17024 1
7611 19618 5
3578 4947 2
7612 8516 1
6202 8294 1
7613 7613 1025
2038 19618 15
7614 13318 1
7615 19618 1
7616 19618 1
7617 19618 2
7618 7618 1267
7619 19618 2
7620 7620 4
7621 11637 2
7622 19618 1
7623 11145 1
2629 2629 4
5223 4856 4
7624 19618 4
7625 7625 22
7626 7626 1
3699 7402 1
7627 7627 3
7628 19618 1
1396 1396 3
6011 16308 1
7629 19618 1
1539 202 1
7630 19618 4
7631 19618 11
7632 7632 72
1714 7646 1
6265 4735 2
6769 6769 50
7633 13851 1
7634 19618 1
7635 7635 2
7636 15035 1
7637 19618 7
7638 7638 2
808 17037 1
3305 14869 1
7639 7639 11
7640 7640 56
4368 10018 2
7641 18245 1
7642 19618 2
7643 8897 1
7644 19618 2
7645 19618 1
7646 19618 1
6876 18214 3
7647 19618 1
7648 7648 112
5409 14211 2
7649 7649 11
7650 19618 1
7651 19618 1
7652 19618 1
7653 15479 1
7654 7654 12
7655 19618 2
7040 19618 1
4984 13032 1
7656 19618 2
7657 7657 157
7658 7658 247
5276 11181 1
4296 19618 269
7659 17857 1
7660 7420 2
7661 13473 1
7662 7662 80
6182 19618 1
4216 19618 5
7663 7663 14
6132 11465 2
3047 4566 1
4949 4949 3152
7664 7664 7
5765 9216 1
7665 19618 3
7666 19618 3
7667 19618 1
7668 7668 27
7669 19618 1
7670 7670 4
7671 7671 502
7672 19618 2
7673 7931 1
195 195 10318
7674 19618 1
4802 2180 1
7675 19618 3
5135 16131 1
1067 15460 1
190 19618 6
2102 16893 1
7676 7676 77
7677 19618 1
7678 19618 5
561 17112 1
7679 4560 1
7680 19618 2
7681 19618 1
1105 10826 1
7682 19618 6
7683 19618 1
7684 7684 12
7685 19618 1
7686 19618 1
7687 7687 62
7688 19618 12
7689 19618 1
2913 19618 5
3889 4780 1
5204 8192 2
7690 7690 216
7691 7691 30
3392 19618 2
3062 8900 8
7692 7692 8
7693 7693 112
7694 7694 11
7695 7695 56
7696 19618 1
7697 7697 1
6858 6858 3150
7698 7698 82
3882 9600 1
4609 4609 1
7699 19618 1
3093 11886 2
7700 19618 1
4922 19600 3
7701 7701 1109
7702 7702 19
7703 19618 2
3233 3233 695
7704 19618 105
5223 5223 20225
3015 3586 4
7705 4752 1
6499 19152 5
7706 7706 10954
7707 19618 1
4802 13972 1
7708 7708 87
4131 8656 1
3692 3692 415
3550 19618 1
4113 11312 1
7709 7709 487
7710 19618 1
4266 19618 38
7711 19618 7
7712 15001 2
7713 7713 3
117 6348 1
259 16837 3
919 919 1366
7176 19618 5
7714 7714 36
7036 13246 1
7715 7715 8
7716 8224 3
7717 19618 2
3170 11810 1
1095 10882 1
7718 19618 1
2546 5437 1
7719 5043 1
7720 19618 1
7721 4571 1
7722 7722 2
7723 3072 2
7724 7724 8
1297 17287 1
3370 18920 1
7725 3353 1
7726 18761 1
7727 10042 1
4468 18792 2
7728 9467 1
7729 19618 2
4223 13826 1
7730 19618 1
6597 6597 515
7731 7731 108
2278 19618 5
7732 19618 5
7733 19618 2
4297 1105 1
7734 19618 1
4943 8712 6
2261 17753 1
7711 7711 229
2298 18105 1
7735 19618 2
7736 7736 243
4095 4095 5101
7737 19618 4
7281 11990 1
7738 7738 90
7739 19618 1
5707 19618 56
4582 19618 66
7740 7740 6
7741 19618 2
1926 515 1
7742 7742 121
2776 13358 2
1214 17334 4
890 12631 7
7743 7743 30
2630 11190 4
7744 18560 1
4049 15717 7
4802 15058 1
7745 19618 1
7746 19618 1
7495 16016 1
7747 19618 69
7748 19618 2
908 908 8019
7749 7749 11
7750 19618 1
5868 19618 102
5566 568 1
357 19618 43
7751 7751 36
7752 19618 2
7519 14905 1
7753 19618 5
6736 9406 1
7754 19618 3
7755 7755 35
778 12245 7
1503 14864 1
7756 7756 45
4042 12754 1
7757 16305 1
619 882 4
7758 19618 1
7759 19618 1
7760 7760 24
7761 19618 1
7762 7762 8
86 86 5560
7763 7763 4
7764 46 1
4034 9692 1
7765 7765 4
2578 19618 1
7766 7766 8
891 19618 46
7767 19618 8
7768 7768 194
7769 19618 2
7770 7770 53
7771 19618 2
7772 12865 1
3154 3154 136
7773 7773 9
7774 19618 1
4635 4635 30
7775 7775 2
7776 7776 53
5660 11196 1
449 19618 5
723 10320 1
1504 14293 1
4121 18343 5
7777 7777 63
7778 739 4
7779 19618 8
7780 19618 22
7781 7781 7
7782 15557 1
7783 7783 43
7784 7784 222
7785 19618 10
7786 7786 102
7787 1250 2
7764 7764 783
7788 19618 19
7789 17498 1
5709 19618 65
7790 7790 539
130 15395 12
1969 3011 1
196 12603 2
7791 16183 2
4988 4988 6
7792 7792 12
7793 19618 1
7794 19618 1
409 19618 251
6260 6260 110
3720 11900 1
7795 19618 1
7064 7064 1198
6176 9993 1
1504 2869 4
7796 10811 1
4989 6574 1
6550 257 2
7797 16604 1
7798 19618 1
4503 4503 40
814 6454 1
3212 8334 1
7799 7799 31
7303 7303 921
2739 2739 47
7800 7800 10
7801 7801 97
7802 7802 35
7803 7803 25
7275 19618 10
7804 7804 9
7805 19618 24
2513 19618 17
1853 19618 277
7806 19618 1
7529 7529 8
1852 7621 4
7807 19618 167
5637 4392 1
7624 7624 107
7808 19618 118
7809 7809 217
2508 2508 23709
7810 7810 123
6680 19618 235
7811 7811 6
2351 19618 56
2001 2001 45
7812 19618 2
7813 7813 50
2454 4468 5
7814 7814 29
2921 2921 523
6533 19618 4
7815 7815 77
1661 3556 1
7816 19618 1
7817 15583 1
2161 2981 1
7818 19618 1
4781 16645 2
2538 19618 3
6680 434 1
7819 19618 1
7820 14707 1
7821 19618 30
7822 19618 3
7823 7823 575
1424 8814 1
2703 2703 452
7824 12280 1
7825 7825 86
7826 19618 20
844 844 14426
7827 19618 9
7828 7828 32
7829 16274 1
5281 19618 4
7830 7830 71
7831 7831 124
7832 15312 1
7833 19618 1
7834 15303 1
7835 7835 7
1172 9662 4
1731 4195 1
7820 1926 2
7836 7836 6
7837 19618 2
3074 3074 317
6328 19618 1
7838 19618 1
7839 5364 1
4625 19618 2
7840 19618 4
7841 7841 113
7842 19618 10
7843 19618 4
7844 19618 12
7845 6615 1
6608 2155 3
4722 3895 2
1633 1633 17
7846 19618 1
7847 7847 24
3648 3648 156
3871 12730 1
7848 19618 2
4689 19618 92
3427 7657 2
7849 19618 1
7850 7850 6
7851 19618 2
3794 3794 8081
1077 1077 2225
7852 7852 73
1725 18090 1
2842 9925 1
1486 18936 7
7853 7853 481
3950 16579 1
7854 19618 1
3660 6835 1
7855 18489 2
7856 7856 1020
6825 13561 2
7857 19618 1
2781 2781 6293
6376 18834 5
7858 16800 2
707 707 484
7859 7859 8
1297 13946 2
2224 11345 1
7860 4629 2
7861 7861 8
5146 2090 1
7862 19618 3
6539 3603 1
5453 5453 32
7863 19618 1
1852 10858 3
7864 11115 1
7865 19618 1
7866 7866 457
2926 2926 9045
3970 4984 1
388 14668 1
7867 19618 4
5133 139 1
648 8503 2
7868 19618 2
7869 19618 1
7870 19618 1
7871 8924 1
492 7429 1
7872 7872 71
7873 19618 2
523 11957 4
7874 19618 1
4274 4274 97
7875 7875 21
7876 7876 616
3993 19618 1
4014 4282 1
4092 3944 1
2499 11022 2
746 13180 1
5601 2930 2
2425 13211 1
7877 7877 63
7878 7878 215
7879 19618 1
1806 10730 1
7880 7880 21
7881 19618 1
7882 2187 1
7883 7883 199
2331 2331 521
7884 7884 5
7885 19618 3
1265 13087 2
7886 7886 54
7887 7887 325
7888 7888 1
7889 19618 6
7890 19618 1
4119 5501 1
7891 19618 1
7892 19618 3
1519 2251 3
2377 9790 1
1182 8302 1
7893 7893 65
1450 19618 305
3578 18799 1
7894 19618 254
7895 7895 211
7896 7896 3
7897 4331 1
2861 16538 1
7898 7898 15
4045 4045 11
7899 7899 8
3871 11118 1
7900 1387 1
7901 7901 953
2659 2659 119
1376 14949 2
7902 19618 3
6282 6282 195
7903 19618 1
4098 7674 1
62 19618 1
7904 7904 2
7905 7905 55
7906 7906 4
7907 7907 442
3288 9885 2
4029 19531 1
5599 19618 1
7908 19618 6
7909 7909 65
7910 19618 5
7911 19618 1
7912 7912 2
753 4867 1
7913 7913 345
7914 16345 1
7915 7915 146
5915 18582 1
7916 7916 1004
7917 7917 2847
7918 7918 19
3696 3696 170
809 4690 1
4470 877 3
5769 5769 238
4851 19473 1
6274 6274 82
3771 3771 1077
4864 19618 1
7919 19618 1
7920 19618 2
3275 11305 1
7921 16933 1
7922 3271 1
7603 7603 10
7923 9889 1
7924 19618 7
7925 15474 1
7926 19618 3
7927 1783 1
7928 19618 5
7929 17746 1
7930 7930 1
7931 16134 1
1540 1540 9
171 2902 11
2949 17694 1
7361 9741 1
7932 7932 8
7181 7181 63
194 11195 3
5562 19618 7
7933 7933 89
2916 12956 1
7934 19618 9
7935 19618 3
5627 3139 1
7936 7936 1060
1299 19618 22
3126 17172 1
535 535 35
495 18400 2
6017 2992 1
3056 3056 1648
4989 12082 1
7937 4799 2
1806 18327 1
7938 19618 3
572 572 8
4468 17544 1
1523 4826 3
3170 4352 5
2653 15211 1
7939 19618 8
7940 7940 14
7941 19618 1
7061 8928 1
7942 16719 1
409 12341 4
7943 19618 1
7944 19618 3
7945 19618 1
7946 7946 100
866 2028 1
2215 2215 1356
7947 7947 570
4886 13487 1
7948 19618 1
1989 1989 230
829 14470 10
7949 19618 1
7950 14880 1
7951 7951 36
2123 19618 1
7952 19618 1
7953 19618 1
7954 19618 2
3334 7282 1
7955 19618 2
6337 715 1
7956 7123 1
7957 7957 101
7958 19618 1
1896 13713 1
7041 10711 2
1504 11590 4
7959 19618 1
943 19618 182
2229 3739 1
7960 7960 269
7961 7961 281
7962 19618 29
7963 7963 35
7964 7964 63
7965 19618 1
4333 19618 15
2537 8061 1
1786 10407 1
7966 7966 3159
7967 7967 186
7968 19618 1
3215 3215 12200
7969 7969 103
6792 15138 1
7970 19618 8
7971 4416 1
7972 7972 4702
4203 788 1
7973 19618 1
7974 7974 25
7975 7975 44
6976 19618 2
3233 19618 18
6170 2929 1
5399 5399 585
2135 2135 375
3548 19618 9
7976 7976 5
6759 15803 1
6915 9695 1
3914 3914 18
7977 19618 1
7978 7978 165
7979 19618 2
7980 11310 1
7981 7981 79
7982 7982 3
7983 7983 164
7984 11940 1
7985 7985 7
277 10613 3
7986 19618 1
1389 16674 3
7987 19618 5
1491 10930 1
2341 11933 1
7988 19618 4
1559 19618 10
7989 19618 1
3663 9528 2
7990 19618 2
7025 7025 1
7991 382 1
7992 19618 1
7993 19618 37
7994 19618 5
7995 19618 3
6731 5935 5
533 13480 1
7996 19618 1
7997 7997 1
3126 7207 1
7998 19618 1
965 5889 3
7999 17542 1
7743 19618 1
8000 8000 20
8001 8001 88
3008 19618 8
8002 19618 7
8003 19618 7
8004 19618 2
8005 19618 5
8006 18974 1
8007 19618 1
8008 8008 3
2869 9823 1
8009 8009 20
8010 6779 1
4758 19618 7
2267 19618 5
4461 6081 12
8011 8011 292
8012 19618 1
8013 19618 1
5604 19618 6
8014 17954 1
8015 8015 232
8016 19618 1
8017 19618 1
8018 19618 1
8019 8019 41
8020 8020 4
8021 8021 121
6504 18822 1
8022 8022 200
8023 8023 49
8024 16047 1
8025 8025 193
8026 8026 1129
8027 19618 9
270 18315 1
7832 7832 61
8028 19618 11
8029 8029 183
4731 4731 10
8030 19618 1
8031 19618 10
8032 8032 18
673 19618 1
8033 19618 2
7914 8701 1
8034 8034 24
8035 8035 5
2618 18027 1
3681 3124 1
648 13146 1
8036 8036 76
8037 19618 39
8038 8038 1
8039 11002 1
4891 17207 1
8040 12967 1
8041 2297 1
4766 19618 7
8042 18565 1
4978 4978 528
961 252 4
4121 11395 1
8043 19618 2
938 938 6148
8044 8044 29
8045 19618 1
3938 13220 1
324 13008 1
8046 19618 5
8047 1548 1
8048 19618 1
8049 19618 1
1679 19618 67
714 16426 1
8050 1065 1
5510 19618 9
1081 1596 1
2955 6968 1
8051 8051 1
8052 19618 1
8053 11973 2
8054 19618 22
7244 19618 1
4182 19618 3
8055 8055 22
8056 8056 1
5606 15111 4
8057 10223 1
8058 12456 1
6837 6837 89
8059 8059 292
8060 8060 109
8061 8061 42
8062 19618 12
8063 19618 1
8064 8064 5
8065 16188 1
8066 6825 2
7618 10543 2
2228 2669 4
8067 8067 22
8068 8068 156
8069 19618 3
8070 8070 9
1960 10788 1
3183 16189 1
3922 9914 1
8071 18997 1
8072 19618 1
4989 12550 1
2009 14745 1
8073 8073 59
4749 4749 5
8074 8074 84
8075 19618 3
8076 19618 1
1472 1472 41
8077 19618 2
8078 8078 3
4960 10540 2
4647 13810 1
2818 2818 265
6931 6931 1949
6503 11833 1
8079 8079 127
8080 19618 8
8081 8081 2
8082 19618 3
8083 19618 4
8084 13334 1
8085 8085 271
5150 240 1
8086 19618 1
4047 19618 82
6718 6718 1521
4925 19618 6
8087 8087 93
8088 19618 1
1695 8263 1
4760 4760 48
8089 19618 3
8090 8090 96
7096 19618 11
8091 8091 296
8092 19618 3
8093 19618 1
8094 19618 2
1987 16758 1
8095 19618 1
8096 19618 3
8097 19618 2
5639 14602 1
1039 16077 1
8098 8098 45
8099 19618 1
8100 19618 4
8101 8101 178
8102 8102 4
8037 1813 1
8103 19618 1
3850 19618 7
8104 19618 4
8105 8105 10
8106 18113 1
8107 19618 2
677 677 3497
8108 8108 18
8109 19618 1
425 12528 3
8110 8110 275
2175 18416 1
5734 19618 51
7557 12040 1
6191 6191 7
8111 19618 1
7621 15325 2
8112 19618 1
8113 8113 3
3575 19618 229
7690 19618 8
5740 7349 1
522 13440 8
8114 8114 240
8115 19618 1
8116 12540 1
8117 8117 2
8118 19618 1
2022 13831 1
124 13753 1
5191 364 2
3647 3647 331
8119 8119 105
7790 19618 14
8120 2307 3
8121 19618 21
8122 19618 1
3889 6417 1
2622 15976 2
8123 19618 1
8124 19618 37
870 9838 1
8125 19618 3
8126 5527 1
2284 19618 3
3833 1340 1
1556 1971 1
8127 8127 84
2486 16774 1
8128 8128 298
8129 19309 2
8130 8130 1930
8131 8131 185
8132 11894 1
8133 14763 1
7333 7333 21
501 4202 6
1106 19019 1
8134 13463 1
8135 19618 1
8136 19618 1
8137 19618 8
6434 9804 1
8138 8138 1087
759 759 61
8139 8139 472
4165 13035 1
8140 19618 3
390 10235 1
3712 3712 5
8141 8141 6
3839 19618 128
8142 8142 5
8143 670 1
8144 8144 28
8145 8145 307
8146 19618 2
8147 19618 1
6503 6503 1969
8148 8148 38
8149 16407 2
6480 10816 1
8150 8150 3
1762 12364 1
5107 19618 27
3027 19618 1
8151 19618 1
1715 783 1
635 19618 1
4652 3932 1
8152 19618 3
8051 19618 1
8153 16542 2
8154 8154 641
8155 19618 1
6176 9095 1
2773 8645 4
3889 19618 13
1355 1355 6
8156 8156 40
8157 19618 2
8042 4186 1
8158 19618 7
4109 4109 18004
8159 7143 1
8160 19618 1
8161 19618 1
8162 8162 18
8163 8163 68
8164 19618 1
8165 19618 1
6188 19618 86
8166 19618 1
8167 19618 2
1743 1743 168
8168 8168 462
1308 2153 1
1661 16150 1
8169 8169 87
7778 5462 2
8170 19618 1
8171 7854 1
1309 19618 2
8172 19618 5
4397 4397 598
6558 6558 1985
1571 1571 233
3243 2363 1
8173 19618 1
8174 8174 44
653 14303 1
8175 19618 1
519 519 2487
5512 4585 1
8176 8176 7
8177 8177 48
8178 8178 3
2781 19618 168
8179 8179 4
8180 15706 3
2047 2047 157
5627 5627 714
2770 19618 428
4787 4787 27
5229 5229 227
359 16267 1
8181 19618 1
7069 7069 1440
3187 3187 6665
8182 8182 150
6731 14059 1
8183 8183 26
2725 2725 106
8184 8184 33
8185 8185 18
8186 19618 13
4550 18522 1
8187 8187 6
1725 11854 1
6814 2382 2
8188 19618 1
7619 7619 180
6071 6071 1247
8189 19618 1
8190 19618 6
8191 19618 1
105 14103 1
2223 2223 195
8192 8192 15
2083 19618 3
8193 8193 243
4732 14398 2
8194 8194 302
393 393 168
3961 19618 2
8195 19618 1
8196 12256 3
8197 19618 1
5500 13912 1
900 10937 1
8198 10391 1
8199 12701 1
5022 5022 368
8200 8200 464
1022 277 8
8201 8201 19
8202 19618 16
8203 13646 1
6565 6565 25
8204 19618 3
1498 19618 2
8205 19618 9
8206 8206 16
8207 7965 1
8208 19618 4
1239 17235 2
8209 19618 8
8210 19618 1
505 2041 2
2718 291 1
3086 8435 1
1278 1278 54
5174 19618 3
8211 19618 12
359 4716 3
8212 8212 48
8213 19618 4
3982 18278 1
8214 3729 1
8215 8215 5
8216 16946 1
8217 14054 1
8218 19618 1
2594 9775 1
8219 19618 11
5255 5255 8610
8220 19618 5
5143 5143 404
8221 8221 40
8222 19618 1
8223 4464 1
3071 6048 2
8224 8224 298
8225 8225 175
3315 3315 39
8226 17971 1
8227 14571 1
8228 8228 21
4485 8025 1
1156 2209 4
8229 19618 19
8230 4324 1
8231 19618 1
8232 8232 19
8233 8233 1
8234 19618 2
8235 8235 129
8236 7395 1
8237 19618 1
1658 1658 440
8238 19618 1
8239 9311 1
2140 2140 178
1013 7312 1
4508 19618 107
8240 8240 118
8241 19618 16
683 5706 3
8242 3734 1
5204 3335 1
7923 6309 1
8243 8243 184
8244 19618 1
8245 19618 1
8246 19618 6
8247 19618 2
1876 4102 3
3372 15196 1
8248 8248 460
8249 19618 7
4135 19618 2
1862 3535 1
6320 15080 2
8250 8250 198
2603 5287 1
3970 3970 2344
7787 14638 1
8251 8251 9
1234 19618 5
8252 19618 5
1725 3634 2
2114 5826 1
680 8878 2
8253 19618 1
8254 19618 1
8255 19618 1
8256 19618 15
8257 19618 1
7429 7429 127
8258 19618 1
1051 13643 1
8259 19618 1
8260 19618 3
8261 4528 1
8262 19618 7
8263 19618 1
8264 19618 76
8265 19618 1
3816 15365 2
8266 19618 1
8267 19618 4
8268 11683 1
4913 19618 5
8269 19618 1
1477 4685 1
3927 3927 2
8270 19618 1
6024 19618 12
8271 16738 1
7156 7156 457
8272 14475 1
8273 8273 38
8274 8274 3
8275 8275 11
4420 3432 1
8041 17586 2
8276 8276 18
8277 19618 4
2260 2260 2236
5937 5211 3
8278 8278 199
7921 284 11
561 15603 1
8129 15873 1
8279 19618 1
921 5430 2
8280 8280 170
1770 17832 1
778 16970 1
8281 9126 1
41 9709 1
7561 15393 1
2771 17239 2
1335 5146 2
8282 19618 9
8283 8283 136
8284 8284 92
8285 19618 3
8286 8286 38
997 997 46
8287 16743 1
4811 4811 1659
8288 8288 474
8289 19618 1
105 7069 6
8290 8290 4
3528 2667 1
735 9355 1
8291 8291 15
4458 4458 1785
8292 5237 1
4459 414 1
8293 19618 1
8294 19618 1
8295 19618 2
3165 19618 1
8296 11962 1
4147 7313 1
8297 19618 1
8298 19618 6
8299 19618 1
4328 2031 1
5898 5898 9
1729 7179 1
8300 19618 1
7280 18431 1
8301 19618 1
8302 8302 132
7928 7928 249
8303 19618 5
8304 15166 2
5964 5964 81
6892 7603 1
8305 8305 88
8306 19618 1
72 12592 1
8307 19618 19
154 154 334
3850 3850 276
8308 19618 4
8309 19618 13
8310 6281 2
1663 1663 7052
8311 19618 10
5407 9400 1
720 16046 1
6399 7145 1
5494 5494 18
8312 19618 1
8313 1969 1
4029 18169 1
8314 19618 23
250 15562 1
8315 19618 2
5809 19618 5
5590 6334 1
25 25 10802
8316 8316 61
8317 8317 31
8318 8318 1613
7041 13563 1
8319 19618 2
8320 12992 1
8321 19618 1
437 437 2107
8322 19618 2
3421 19618 2
1148 7094 1
6947 3288 1
3228 19618 130
8323 19618 5
8324 8324 666
2612 12412 1
1026 11428 1
8325 10746 2
2885 19618 87
8326 8108 1
8327 19618 3
1966 1966 2202
6176 6387 1
6628 10590 1
8328 19618 1
8329 8329 3
7352 19618 6
1784 16650 1
5528 3259 1
8330 8330 1261
8331 8331 291
8332 738 1
8333 8333 93
82 19618 1
8334 8334 4
8335 2698 1
5765 19618 925
8336 15490 1
8337 19618 1
2405 1087 1
6171 8994 1
8338 19618 3
5170 7595 6
1050 5628 1
8339 759 1
1330 1330 29
8340 491 2
8308 8308 211
8109 8109 26
8341 9396 1
5365 13219 1
180 1973 1
4401 8557 3
3447 3486 2
8342 8342 9
4506 2113 1
1170 9368 1
5274 19618 93
435 435 108
8343 19618 2
8344 8344 42
5365 5365 1005
8345 19618 1
8346 8346 30
8347 19618 2
6691 19618 12
8348 19618 1
8349 19618 1
794 2439 1
145 19618 191
8350 19618 1
8351 14898 1
2497 6189 1
8352 13031 1
3664 3664 8
657 19400 1
29 614 2
3759 19618 4
8353 19618 1
8354 19618 2
8355 8355 119
8356 8356 25
1176 17525 1
803 6366 1
8357 19618 2
1428 1428 45834
8358 8358 43
585 14344 1
8359 8359 19
8360 8360 44
4293 11764 1
8361 19618 1
8362 19618 4
829 3364 1
8363 19618 2
8364 19618 4
7690 8728 1
6097 19618 3
904 16695 2
8365 8365 83
8366 19618 1
3217 19618 38
3111 8552 2
1022 3677 3
5191 15555 1
8367 19618 3
8368 8368 13
8369 19618 2
8370 19618 2
8371 19618 2
7171 19618 1
8372 8372 283
5038 2081 2
6067 6067 999
8373 8373 1
8374 19618 1
8375 19618 3
6876 6876 23791
8376 8376 55
6305 6359 1
2846 19618 114
3578 11636 2
8377 19618 8
8378 12867 1
6745 6745 530
8379 19618 2
1105 4583 1
8380 8380 1260
8381 8381 965
8382 19618 4
8383 8383 184
5739 14611 1
7175 17633 1
8384 8384 48
8385 8385 11
2545 2545 44
8386 19618 19
8387 8387 101
14 14 532
7483 19618 1
8388 19618 11
8389 8389 21
6399 12372 2
8390 8390 21
1725 13190 1
8391 19618 1
2906 2906 5776
8392 19618 45
8393 19618 2
8394 19618 4
8395 8395 95
8396 19618 1
8397 15143 1
8398 19618 1
4001 19618 406
3702 13906 1
1590 1590 713
8399 19618 1
8400 8400 1
8401 19618 2
2154 14823 1
3827 19618 26
7510 6332 1
8402 8402 25
8403 19618 1
2383 6107 3
8404 18940 1
8405 8405 168
5318 19618 1
8406 19618 1
8407 11585 1
8408 8408 27
8409 8409 57
8410 19618 1
8411 19618 1
648 19223 1
8412 19618 1
453 5689 3
5009 5009 71
1036 8006 1
8413 9671 2
3287 18695 1
8414 19618 16
2717 19618 2
8415 19618 12
6175 6175 4
563 19618 26
8416 8416 211
8417 8417 9
7296 19462 3
8418 19618 1
8419 19618 41
593 19618 1
2457 2457 115
8420 975 1
8421 2076 5
8422 3894 1
8423 8423 14
8424 8424 741
7922 17983 1
8425 19618 1
8426 19618 7
8053 5087 1
2872 2872 12
8427 3070 1
4961 19618 47
8428 8428 3669
4462 4462 24199
8429 19618 1
8430 19618 10
8431 19618 2
8432 19618 1
8433 8433 8
8434 19618 1
8435 19618 2
8436 19618 1
8437 19618 2
2467 3996 1
8438 19618 45
3266 19618 6
8439 19618 38
8440 41 2
8441 8441 301
1748 13861 2
2239 15404 2
8442 103 1
2237 2237 12
8443 19618 1
8444 8444 2002
7850 19618 1
5772 5772 159
6652 19618 2
8445 19618 1
8446 8446 56
7062 19618 1
3720 19618 49
8134 8134 487
8447 19618 45
1759 1759 10
10 19618 12
2226 19618 1
3921 8494 1
8448 8448 4
8449 19618 2
8450 10356 1
8451 19618 1
8452 19618 3
7591 19618 2
1458 6056 1
6947 6947 6079
1648 4902 7
8453 8453 19
8454 19618 1
8455 11266 1
6066 9154 2
8456 19618 3
680 12666 2
8457 19618 3
882 2344 6
8458 19618 5
8459 19618 1
8460 8460 59
8187 19618 1
8461 19618 4
8462 10698 1
8463 12459 1
3503 11087 2
8464 8464 356
8465 19618 4
7145 19618 12
5500 13770 1
202 13762 2
2768 5268 1
333 333 780
8466 8466 52
8467 8467 78
6186 506 1
4222 5578 1
3273 4694 1
8468 19618 1
8469 19618 1
8470 426 1
1201 19618 29
1354 15923 1
8338 8338 108
5445 5445 31
8471 19618 2
8472 8472 1
125 7481 1
8473 8473 3
1064 1064 76
8474 8474 8
3642 9524 1
2212 3217 2
8475 19618 1
8476 19533 1
577 8808 1
8477 19618 1
8478 19618 1
4600 5788 1
8479 8479 32
8480 19618 1
8481 19618 6
615 10159 1
8482 19618 1
8483 19618 1
8484 8484 24
2639 3504 2
7791 7791 364
8485 8485 9
6580 896 2
577 19618 181
8486 2489 1
3590 19618 24
6102 19439 2
5879 5879 488
8487 19618 1
7757 19618 48
8488 19618 1
6374 6374 1
844 5140 3
8489 8489 40
4304 19618 59
8490 19618 1
8491 19618 1
8492 19618 1
8493 8493 18
3681 12799 1
8057 19504 1
317 128 1
8494 8494 1
634 2943 2
8495 19618 7
8496 19618 1
602 17406 1
7094 19618 103
6163 7055 1
3689 8570 1
8497 19618 2
8498 8498 14
8499 19618 3
4558 4558 609
2769 14674 1
8500 19618 1
196 13988 1
8501 19618 2
8502 19618 1
2351 16651 2
8503 8503 124
7786 10215 1
1059 362 1
8504 8504 47
8505 8505 30
4881 5026 1
8506 19618 2
8507 19618 2
1081 371 1
6510 17839 2
8508 6786 1
8509 8509 17
2676 2676 6
3717 19618 1
8510 19618 8
8511 19618 1
3167 19618 1
4120 4120 9
8512 8512 102
8513 8513 59
8514 19259 1
8515 8515 23
8516 8516 70
8517 8517 19
2842 16862 1
5450 8809 1
2869 2869 1391
8518 19618 9
8519 19618 2
8520 11440 1
8521 19618 1
8522 19618 27
8455 19618 23
8523 19618 1
776 13041 1
1574 19618 1
8524 19618 1
8525 19618 1
5593 2946 1
5422 11242 2
8526 19618 3
3878 13817 1
8527 19618 1
3250 4411 1
8528 6322 2
1851 17797 1
8529 19618 1
8530 19618 2
8531 19618 3
1430 1430 5
3707 3707 43
8532 8532 23
8533 8533 81
8534 19618 28
6926 6926 10
2351 13064 1
8535 19618 4
8536 16722 1
8537 5955 1
2583 19618 51
8538 8538 23
8539 19618 7
8540 9247 1
8541 8541 65
8542 19618 1
8543 19618 1
5417 3066 5
8006 8006 41
5673 10084 1
8544 8544 19
1919 17061 2
8545 8545 18
8546 14719 1
8547 8547 68
7067 19618 1
8548 19618 1
8549 19618 1
8550 8550 2
23 23 3012
8551 19618 9
620 620 5
1812 19618 1
4113 16855 2
8552 19618 2
4716 18166 2
8553 19618 8
8554 8554 141
8555 8555 690
8556 19618 1
8557 8557 351
5276 5557 1
4497 19618 74
8558 19618 1
8559 19618 1
6070 19618 4
8560 8560 93
1783 6605 1
921 921 11194
5901 5901 340
8561 19618 6
8562 19618 15
8563 19618 1
5935 15791 1
8564 19618 1
8565 8565 36
155 13648 1
3019 19618 1
8566 19618 5
24 13595 1
8567 8567 11
1891 1891 48
4972 19480 2
8568 19618 5
3196 19618 22
8569 8569 7
4287 18179 1
8570 8570 9
8571 19618 3
8572 19618 1
5541 5541 993
8573 8573 32
2073 1045 1
8574 19618 1
8575 8575 4
1614 3633 1
8326 17006 2
8576 8576 230
8577 19618 1
8578 8578 33
2682 19570 1
2274 12942 1
8579 8579 28
4066 8515 1
7781 19618 1
5082 5082 236
361 7430 1
406 2175 10
1354 18174 3
8314 8314 900
8580 8580 61
8581 19618 2
8582 8489 1
884 884 1151
2133 19618 85
8583 19618 6
5814 522 3
417 1717 1
8584 19618 2
8585 8585 40
8539 8539 166
3483 13544 3
4001 10989 5
3835 3835 8
6914 18772 1
1438 18903 1
8586 19618 1
4188 19618 269
8587 19618 1
8588 3038 1
896 896 20764
2178 5548 1
6489 3078 1
8589 19618 5
1631 13429 4
6682 6682 280
1711 1123 1
8590 19618 5
8591 8591 209
8592 19618 1
8593 19618 1
3015 19395 1
7297 19618 2
8594 8594 2
3444 7604 1
8595 8595 16
2096 1977 2
6510 16270 1
630 19618 1
8596 8596 37
2 2017 3
7865 7865 6
8597 8597 2
8598 8598 14
8599 19618 1
8600 12861 1
2664 2664 924
8601 16109 1
8602 19618 1
8603 19618 1
8604 18776 1
6353 19618 1
8605 8605 63
8606 8606 17
8607 8607 643
8608 19618 6
8609 12883 1
8610 19618 1
8611 8611 51
3023 5474 2
8612 6614 1
8613 19618 1
2661 6707 1
4759 19513 2
8614 19618 2
8615 8615 152
1683 19618 6
1931 4938 2
4147 6970 1
8616 19618 2
653 19618 49
8617 8617 61
8618 19618 1
8619 8619 30
8620 19618 1
2861 2861 51143
7716 2725 2
1307 1307 646
8621 8621 45
5060 19618 4
916 19618 10
8622 13557 1
4001 6530 2
8623 8623 218
5888 5888 595
8624 8624 1
2703 2445 1
8625 8625 32
8626 19618 9
287 1104 3
2862 1874 1
809 809 6794
8627 19618 1
1815 18509 1
8628 8628 267
6087 484 1
8629 17421 6
6085 10722 1
8630 19618 1
8631 19618 1
8332 8391 1
8632 19618 1
8633 19618 20
5417 13597 1
1915 19618 6
8634 19618 1
8635 8635 69
8636 19618 1
8637 8637 10
8638 8638 101
8639 8639 50
731 8989 2
8640 19618 1
8641 8641 6
8642 19618 4
4526 11475 3
3813 19618 7
3545 3545 9
8643 10458 1
7047 19613 1
7803 19618 1
8644 8644 86
8645 8645 1737
8646 8646 8
8647 19618 2
8648 9325 2
829 205 13
3924 19618 45
8649 19618 15
8650 19618 1
8651 8651 18
8652 19618 2
8653 15353 1
5136 1380 1
8654 19618 11
8655 19618 1
6811 17114 1
8656 8656 32
8657 8657 1023
8658 8658 94
8659 8659 127
5634 19618 4
8660 8660 63
8661 8661 304
5615 5615 274
295 1878 1
8662 8662 120
5572 14586 1
8663 19618 1
2965 5693 1
8664 19618 1
8665 19618 6
173 11248 1
8666 16384 2
8667 14492 1
8668 8668 149
8669 19618 1
2560 14860 1
8670 19618 1
8671 8671 8
8672 19618 1
4858 19618 89
8673 8673 12
8674 8674 390
8675 18127 1
8676 19618 1
8677 19618 1
3125 19618 1
8678 15944 1
8679 19618 1
5814 14014 1
3168 19618 1
8680 19618 3
5606 9724 1
8681 19618 96
8682 19618 1
8683 19618 2
5746 4228 2
4189 4189 1355
6886 14687 1
8684 16991 1
8455 4263 1
8685 8685 610
1561 19618 58
5714 5650 1
3065 12066 5
1331 3763 1
178 3180 2
6157 19618 2
8686 19618 3
5407 7724 1
1870 13880 6
8687 8687 38
7088 7088 697
8688 8688 2
23 19618 87
564 564 52
8689 8689 47
3501 3501 58
1748 1748 6472
8690 19618 1
4520 1121 2
4847 12057 1
8691 19618 1
8692 19618 1
479 479 425
8693 8693 167
8661 12011 1
8694 19618 1
3440 19618 8
8695 15454 1
1896 12249 1
8696 19124 1
8697 15204 1
8698 12431 1
8699 8699 21
3945 19618 22
128 18375 1
8700 8700 875
8701 19618 1
4462 5617 4
8702 8702 626
1359 1470 1
2205 17741 1
8703 15685 1
8704 19618 1
3660 17131 1
8705 8705 2649
8706 19618 1
2081 2081 13
8707 410 1
8708 19618 145
8709 19618 8
4141 16931 1
8710 19618 1
8711 19618 1
8712 8712 346
3612 3612 15230
1243 2722 13
8713 10682 1
8714 8714 126
4118 13122 1
8715 19618 3
2214 13463 1
2669 16920 2
8716 19618 1
8717 1107 1
4273 11308 1
987 987 2458
8718 19618 36
4722 2433 1
8719 19618 1
1649 13179 1
8720 19618 3
8721 8721 238
1278 7640 1
8722 8722 9
309 4858 2
8723 19618 3
7877 19618 3
653 621 1
5138 17365 1
4113 18837 1
8724 4813 1
6006 6006 83
8725 8725 8
8726 19618 84
8727 8727 77
7895 19618 3
8122 8122 23
8728 19618 1
1873 11677 1
8729 8729 26
4002 5197 1
1067 12958 1
8730 8730 39
8731 19618 1
7361 7361 167
8732 8732 12
8733 8733 229
8734 8734 536
8735 19618 7
88 1213 1
8736 19618 1
1881 19618 34
6015 6015 2098
8737 8737 18
8738 8738 72
4293 15897 1
5246 5246 8
8739 8648 1
753 17973 1
2369 5114 2
8740 19618 1
1954 216 1
8741 19618 1
8742 19618 1
1452 19618 208
6068 6068 219
8743 8743 71
8744 8744 41
8745 10665 1
4887 4887 9
8746 4523 1
8747 8747 183
8748 19618 7
1914 8413 1
1142 5031 2
8749 19618 12
8750 19618 3
8751 8751 313
8752 19618 1
7325 7325 661
8753 19618 2
2487 3886 1
8754 19618 1
2530 2803 1
8755 19618 3
8756 10723 1
8757 19618 2
8758 8758 78
288 19618 105
8759 19169 1
8760 8760 2
8761 19618 1
8762 19618 2
3467 17087 1
8763 19618 2
8764 8764 139
1054 1054 38
8765 8765 2
2223 5288 1
8766 8766 15
3028 9147 1
7925 9997 1
8767 8767 66
7894 12131 1
8768 4905 1
2185 16957 1
8769 19618 6
8770 19618 45
8771 19618 1
7464 7464 48
8772 19618 8
8773 8773 13
8774 8774 8
8775 3627 1
7321 7321 673
8776 8776 135
8777 19618 1
8778 8778 15
8779 5775 1
3617 114 1
8780 19618 5
6555 6555 7
3964 5438 2
6369 5500 1
3909 13768 1
2955 17558 1
8781 19618 14
8782 19618 2
936 18292 1
929 2996 4
186 186 1738
1160 19618 2
3557 19618 6
8783 19618 8
8784 19618 1
5278 5278 1619
3766 3766 147
8785 19618 1
5998 19618 1
8786 3936 1
556 16655 1
4716 13348 2
8787 19618 7
8788 8788 154
4514 7384 1
8789 19618 69
5274 14667 3
8790 19618 3
5849 5849 17
8791 8791 5
8792 19618 8
8793 19618 3
8794 19260 1
8795 19618 1
8796 19618 8
8797 8797 9
4461 11272 1
8798 11378 1
8799 19618 1
765 19618 23
8800 19618 1
3650 19618 1
8622 19230 1
5966 4285 1
3099 19618 17
3065 14063 1
8801 8801 23
8802 19618 24
4038 1688 1
5491 5491 55
1294 249 7
8294 8294 7
2333 19618 2
8803 19618 1
8804 19618 1
3448 3448 8
8805 19618 16
8133 8445 1
8806 8806 65
8807 8807 28
8808 6593 1
5548 5548 55
8809 8809 68
621 13561 8
8810 8810 42
8811 19618 2
8812 8812 74
8813 8813 2
2277 8337 1
5868 16122 1
7006 7006 9
1794 1794 485
8814 19618 1
8815 19618 1
7856 10072 1
8816 19618 19
8817 15545 1
2802 19618 122
4338 4338 891
8818 8818 3
7082 7082 27
8819 11368 1
8820 8820 5
8821 8821 18
4167 8750 1
8822 8822 2
2663 19618 133
465 19618 4
24 14481 1
6332 6332 10
8823 8823 18
8824 8824 4
8825 19618 6
8826 19618 1
8827 5722 1
8828 19618 1
4415 3731 1
8829 8829 31
8830 8830 93
1512 19618 1
675 19618 152
8831 19618 5
130 2336 12
278 19618 6
8832 19618 5
8833 19618 1
4449 11149 1
1714 19085 1
8834 5002 2
735 15031 1
8835 19618 8
8836 8836 15
370 370 55
3361 11573 1
8837 8837 1
3299 4135 3
8838 8838 2
8839 19618 20
8840 8840 344
2093 2093 2
8841 8841 548
8842 17387 1
8843 19618 1
197 17220 3
8844 10579 1
8845 19618 14
8846 19618 1
3273 436 1
8847 8847 12
4519 18134 2
8848 11149 1
8849 19618 2
8850 734 1
3488 15322 1
468 19618 16
8851 19618 8
8852 19618 189
8853 8853 32
2426 2262 2
8854 18773 1
8855 19618 1
8856 8856 14
7362 7362 374
2032 5200 1
7069 11329 1
2997 19618 4
8857 8857 58
220 6258 1
8858 27 1
8859 15847 1
5888 10787 1
2617 13171 4
8860 8860 65
8861 19618 1
8862 19618 1
8863 8863 26
8180 7124 1
8864 8864 7
8865 9442 1
8866 8866 17
184 2401 1
3352 2736 1
8450 3801 1
8867 19618 1
8868 2998 1
6983 9168 1
8869 19618 2
3623 3623 12
8870 19618 5
7073 7073 215
8871 8871 34
8872 8872 40
6008 10400 1
4481 19618 183
8873 8873 9
8874 8874 177
8875 3779 1
5606 1656 2
8876 8876 13
8877 8877 3
8878 19618 56
8879 12269 1
8330 12768 1
8880 19618 1
1881 17438 1
5672 5672 2120
5509 18204 1
8881 8881 6
8882 16835 1
8883 3449 1
4630 7921 5
8884 8884 4
8885 8885 11
753 753 20290
1112 3044 1
8886 8886 38
6521 6521 1109
2550 2550 10
8887 8887 2
8888 8888 15
7617 19550 1
8889 8889 21
3876 19618 1
8890 19618 2
8891 8891 19
8892 19618 5
4921 9877 4
8893 18126 1
8894 8894 226
5191 7139 2
8895 19618 1
317 18855 1
8896 8896 77
3668 3668 474
8897 8897 1
1895 9094 1
184 12362 1
1779 14815 2
8898 8898 86
1725 12743 1
5819 5819 7
5730 4453 2
8899 19618 1
1226 10935 2
512 1278 1
8900 7966 1
6261 9619 1
8901 19618 1
8902 8902 44
8073 19618 2
8903 19618 1
8904 19618 2
6618 19618 1
8905 19618 2
8906 8906 3762
7917 6581 1
8907 8907 71
7641 19618 10
8858 8858 1980
5654 6911 1
3305 8442 2
806 19618 1
8908 19618 1
8909 8909 47
8910 8910 39
507 6158 1
8911 19618 5
7633 19618 28
8912 9477 1
295 17296 2
8913 13036 1
8351 19618 5
8914 19618 3
809 1586 2
8915 19618 13
4049 12407 1
8916 19618 3
8917 19618 3
8918 8918 384
1919 10365 1
8919 8919 43
5945 19618 30
8920 8920 13
8921 19618 1
8922 8922 5
5654 115 2
8923 19618 3
6190 5626 1
8924 8924 31
8925 19618 2
4906 19329 1
7845 4232 1
2829 2829 16
6480 19618 116
8926 6407 3
8927 3865 1
4381 833 4
8928 8928 216
741 12564 2
8929 19618 1
8930 19618 1
8931 19618 2
8932 8932 86
8933 8933 2
5855 18929 1
8934 8934 8
8935 19618 1
6825 15645 5
8936 13394 1
8937 8937 278
4271 4271 25
269 269 37
8938 7406 2
2615 11249 1
8939 19618 1
2482 2781 2
8940 15328 1
8941 8941 8
8942 19618 1
241 10853 3
5771 19618 43
8943 8943 32
8944 8944 127
7106 3166 1
2448 4012 1
3215 17713 2
450 19618 28
8945 8945 334
6354 6354 20
7778 15922 1
2170 19618 2
8946 13711 1
8947 19618 1
8948 19618 1
3746 433 1
3860 3860 10
8537 12816 1
7855 16389 2
5506 5506 5
8949 19618 1
358 16460 2
8950 19618 5
8951 8951 27
8952 8952 698
8953 8953 11
8954 8954 7
2910 2910 20
4198 4198 51
8955 19618 1
8956 2821 3
7409 6735 3
2395 12263 1
8957 19618 1
1048 358 1
5979 6465 1
8958 1639 1
3806 19429 1
8959 8959 227
1879 1879 173
8960 19618 1
3273 19049 1
8961 8961 32
8962 13524 1
8963 19618 8
5737 5737 14
8964 4087 1
8965 8965 41
3062 2484 4
8966 8966 18
2885 13293 2
8967 2563 1
8968 8968 58
8969 9072 1
8970 8970 19
8971 10973 1
8972 19618 5
8973 8973 251
8974 8974 20
8975 16009 1
4049 16673 1
1784 7296 1
6783 19618 3
8976 13943 1
8977 19618 1
657 6883 1
5980 19618 1
1171 11741 2
1214 17084 2
8978 19618 1
8979 19618 1
8980 8980 14
7768 19618 6
619 7242 1
4461 4461 40108
8981 19618 11
8268 6289 1
8982 19618 3
6814 19618 57
8983 16386 1
8984 15846 3
5001 6961 1
8985 19618 1
648 8663 1
3926 18556 1
8986 8986 13
1241 1241 14
8987 8987 12
4983 4983 680
1875 19618 7
8988 19618 1
2088 12597 1
8989 19618 2
1138 1138 865
8990 8990 11
707 14486 1
5617 7245 1
8991 8991 993
1646 1646 194
8992 19618 18
8993 19618 1
814 7631 2
8994 19618 1
2449 2449 194
1989 18827 2
5532 19618 1
8995 8995 553
8996 8996 69
8997 19618 1
2398 19618 8
6728 19618 2
8998 19618 1
212 7464 2
962 962 13
224 5502 1
1258 10551 1
6757 16562 1
8666 8666 3547
8999 8999 57
25 12896 2
2667 2667 611
9000 9000 14
9001 9001 50
3867 19454 1
9002 9002 4
5478 5478 112
9003 9003 127
9004 19618 2
8739 14597 2
2163 9450 1
6623 15953 1
9005 19618 1
9006 19618 4
8453 19618 2
9007 9007 75
791 17612 1
376 8793 3
3748 19618 2
3620 15489 1
7450 7450 4
9008 7345 1
908 6539 1
9009 9009 328
9010 19618 1
9011 9011 1
1216 1216 4512
9012 18735 1
9013 19618 1
6978 6978 213
9014 18005 1
3173 3687 2
461 6755 1
3920 16104 1
9015 19618 2
1746 9444 1
1424 6244 1
9016 19618 1
4820 3542 1
9017 19618 2
9018 19618 1
2909 8290 1
9019 19618 1
8341 8341 228
4202 16439 1
9020 9020 18
9021 19618 9
9022 9022 274
1604 1604 6109
7522 19025 1
1593 19618 1
9023 9023 72
1491 1491 2098
2386 12159 1
3871 10963 1
9024 9024 578
9025 9025 322
9026 19618 5
2588 19618 21
9027 9027 68
9028 19441 1
3327 3327 723
711 19618 1
9029 16071 1
4157 13916 1
170 7969 1
4339 2140 1
9030 19618 1
9031 19618 1
9032 19618 2
2277 7796 1
8946 19618 24
39 13956 1
9033 9033 61
9034 19618 5
612 1904 1
9035 12047 1
9036 19618 2
9037 19618 1
3796 3507 1
9038 19618 1
5966 5966 65
9039 19618 1
9040 2048 1
9041 19618 1
9042 13895 1
8252 8252 245
9043 19618 1
9044 19618 1
9045 9045 276
6275 14663 1
3581 19618 4
9046 13039 1
7252 14084 1
9047 19618 57
9048 9048 1366
8835 8186 1
3513 7869 1
2917 2917 641
9049 9049 42
4199 14639 1
9050 9050 431
9051 10932 2
9052 9052 976
9053 19618 1
4497 4497 3121
6628 18693 5
3627 7692 1
1139 12635 1
9054 8736 1
7393 7393 847
6580 19618 151
9055 19618 12
9056 19618 3
7688 2004 1
9057 19618 1
9058 19618 1
9059 19618 1
9060 19618 7
9061 11391 1
9062 19618 3
244 13448 1
6169 19618 72
8085 8691 1
9063 9063 106
6580 19512 2
4261 14001 1
9064 19618 1
9065 9065 1
7089 7089 974
9066 19618 16
8740 8740 14
6870 6870 102
1308 9103 2
9067 19618 2
6214 6214 50
4109 8272 9
9068 19618 3
5767 19618 254
9069 19618 1
9070 19618 1
9071 9071 43
9072 19618 1
7474 4956 3
2503 19618 10
5204 433 1
9073 9073 68
9074 19618 48
9075 14424 1
7929 13942 1
9076 9076 5
4415 5431 1
1114 9996 1
950 15327 1
3573 7269 1
9077 19618 1
7544 7544 695
9078 19618 1
6470 3576 1
273 17837 1
9079 9079 10
9080 9080 23
9081 19618 1
9082 19618 2
9083 13317 1
8106 4164 1
9084 19618 56
9085 15509 1
9086 9086 371
1648 17104 1
9087 18058 1
9088 9088 139
9089 19618 1
9090 9090 37
9091 9091 135
9092 9092 3
9093 19618 1
8332 14179 1
9094 9094 70
9095 7675 1
7974 11019 1
9096 19618 8
9097 9097 1965
6538 10144 1
4946 4946 123
9098 16117 1
8253 8253 8
892 892 121
9099 19618 5
9100 9100 7
9101 9101 74
9102 19618 1
9103 19618 2
4665 9018 1
4649 4649 2
9104 19618 8
109 14257 1
9105 9105 175
1372 1218 14
9106 19618 23
9107 19618 1
9108 19618 3
7216 2974 2
8525 8525 43
2100 15252 1
4459 8521 1
9109 19520 1
3393 19618 2
4502 11356 2
9110 9110 34
9111 19618 1
9112 2629 1
9113 19618 47
4845 4845 84
217 15593 1
8818 19618 1
621 10358 27
1306 18775 1
9114 10782 1
9115 19618 8
9116 19618 1
9117 5662 1
9118 19618 1
9119 19618 1
9120 19618 1
791 6845 1
7896 19618 1
9121 19618 1
9122 9122 275
9123 19618 1
8912 19618 2
1005 19618 32
9124 19618 2
2186 2186 6085
6724 19618 1
1764 19618 1
9125 16240 1
7589 14117 1
9126 19618 1
3312 7632 1
9127 9127 34
9128 15278 1
9129 12957 1
9130 19618 6
9131 19618 1
9132 19618 1
650 6238 1
3319 3319 2861
5252 19618 9
4829 19618 6
2505 17878 1
3519 109 3
8116 19618 2
3947 3947 1870
1105 1270 1
3419 19618 2
9133 19618 14
9134 19618 1
6986 9146 2
4256 879 1
9135 6955 1
4475 9315 1
6219 6219 58
9136 9136 44
9137 19618 6
9138 9138 18
9139 9139 39
4956 15832 1
8055 19618 1
3515 12752 1
145 8406 1
9140 1076 1
9141 9141 18
9142 19618 11
4463 19618 5
9143 19618 1
9144 19618 1
9145 9145 19
1719 19618 120
293 234 6
9146 7802 1
9147 18377 2
8414 8414 305
9148 9148 36
9040 9040 646
5601 16194 1
9149 9149 416
2773 9048 4
9150 19618 2
1222 14871 1
3012 19618 3
9151 670 1
9152 2116 3
584 19618 9
355 355 6831
9153 9153 5
9154 19618 2
9155 19618 2
3271 3271 82
9156 9156 2
9157 14358 1
9158 9158 36
4186 3744 1
9159 19618 1
659 5733 1
406 3442 9
5738 19618 1
1122 1607 1
9160 10957 1
9161 9161 133
2219 2219 1922
2004 668 1
1981 19493 1
9162 9162 309
2505 10633 1
9163 19618 6
9164 9164 317
5294 5294 9
6722 19618 2
8478 8478 18
9165 19618 1
9166 19618 2
9167 19618 2
1625 1625 3997
1622 9225 1
117 7155 1
602 13520 1
3346 3346 18601
697 2779 1
9168 9168 49
9169 9169 18
3683 19618 4
9170 19618 1
9171 19618 2
891 6714 2
9172 9172 107
9173 9173 2
7383 13371 1
3287 5416 1
9174 19618 1
9175 9175 632
7331 19618 1
9176 7416 1
1720 4321 4
618 19618 58
9177 19618 1
9178 9178 38
9179 6338 1
9180 5512 1
9181 19618 5
9182 10626 1
2434 18423 2
7671 16497 1
9183 19618 2
9184 9184 43
6909 5664 1
9185 19618 5
3868 19618 36
7423 7423 324
9186 19618 1
6542 7966 1
9187 7585 1
9188 19618 1
3460 19618 1
2866 2866 69
9189 19618 1
354 354 3234
9190 19618 5
9191 19618 1
9192 19618 20
9193 19618 40
4182 4182 60
9194 15200 1
8066 2462 5
130 11089 1
1795 19618 6
9195 19618 2
9196 9196 26
1725 1394 1
76 19618 66
9197 19618 24
3616 3616 1916
9198 19618 10
5120 5120 31
3473 3473 826
5937 19618 91
9199 9199 4
9200 15046 2
2020 19618 2
9055 9483 1
2819 8051 1
4124 4124 112
9201 10081 1
9202 19618 1
9203 9203 19
415 12923 1
7698 19618 2
9204 19618 4
2419 78 1
7585 1052 1
9205 19618 5
9206 19618 1
9207 19618 4
7288 162 1
9208 19618 39
4961 14921 1
9209 19618 2
1290 724 1
9210 19618 1
9211 14099 1
9212 9212 16
9213 8616 1
9214 19618 1
6945 19618 8
1053 445 1
9215 19618 7
9216 9216 383
7303 19618 21
9217 19618 2
1074 4220 1
9218 9218 23
1155 1155 36
9147 19079 3
4343 19618 3
4065 4065 3818
9219 19618 2
1881 16165 1
9220 19618 1
4159 18060 2
9221 9221 8
9222 9222 26
9223 19618 1
9224 9224 649
6848 6848 5
1527 16680 1
344 11557 1
9225 9225 2
9226 19618 2
6429 6429 2763
9227 6958 1
5123 18807 1
9228 6944 1
9229 9229 27
9230 19618 2
6228 15330 1
1495 16514 2
9231 9231 3
9232 4692 1
9233 19618 7
6399 5034 1
3608 19618 46
4279 19618 928
5450 3976 1
9054 9054 207
9234 9234 5
9235 9235 4
3297 3297 207
9236 19618 5
9237 1224 1
2186 605 4
513 513 1
9238 11140 1
9239 19618 3
7092 15640 1
9240 9240 45
3947 13743 1
9241 9241 81
9242 9242 4
2802 13245 1
9243 3577 1
9244 19618 1
2751 2606 12
8868 19618 77
9245 19618 4
9246 9246 259
2494 2203 8
5673 7226 13
9247 9247 42
9248 19618 3
6690 7065 3
9249 19618 1
5607 10340 4
2161 2302 1
1648 7252 4
9250 19618 3
7456 17899 1
9251 9831 1
4319 2345 1
9252 19618 4
9253 19618 74
9254 9254 14
9255 19618 1
7397 19618 1
9256 9256 105
1283 19618 5
9257 19618 7
8913 15528 1
9258 19618 1
790 13495 8
9259 13783 2
6792 5599 1
3742 1992 2
9260 19618 1
9261 19618 1
9262 9262 147
9263 19618 1
9264 19618 14
9265 9265 21
5941 8046 1
9266 19618 1
4174 5488 1
6858 16411 1
8016 6066 1
6603 15406 1
1376 9912 1
9267 9267 32
9268 9268 72
1297 19618 313
9269 9269 50
3589 10679 1
1501 13024 1
2017 2017 99
7452 4621 1
7543 19618 12
3467 1360 2
823 13806 1
2882 2882 610
1788 11976 1
9270 16955 1
9271 9271 5
7173 7173 564
9272 19618 2
9273 19618 2
710 15078 2
2482 3670 1
9274 9274 21
9275 19618 2
1477 6859 1
1364 17204 1
9276 10561 1
9277 19618 1
3141 8261 1
9278 2427 1
9279 19618 3
9280 138 1
9281 19618 2
9282 9282 46
9283 9283 354
9284 10479 1
9285 19618 1
8113 16936 1
3296 19618 1
5875 250 1
6176 18047 2
9286 13873 1
9287 19618 1
650 6327 1
9288 9288 4
6524 19618 22
9289 19618 2
4085 19618 1
9290 19618 2
4428 4428 301
9291 9291 339
7193 15480 1
2568 3441 1
207 19618 1
5335 17293 1
9292 9292 52
1735 19618 1
1 1043 1
9293 9293 231
9294 7508 2
9295 19618 5
5677 5677 377
9296 19618 1
5937 6740 1
4041 19618 1
1719 19054 2
9297 19618 1
9298 19618 3
2639 2639 5583
9299 19618 6
2482 10630 2
4009 4009 322
9300 5715 1
2582 19618 8
9301 9301 48
9302 9302 9
9303 9303 44
9304 19618 2
7942 19618 7
4722 8709 2
9305 9305 49
3741 7881 1
6824 6824 89
1919 14979 3
6808 6808 3250
9306 19618 2
4180 18365 1
3618 14678 1
7177 7177 14
2861 12386 5
9307 19618 8
8582 8582 244
6836 6836 2967
9308 19618 3
4847 8165 1
9309 9309 2410
3776 19618 111
1307 16096 1
9310 9310 5
5503 10780 1
6876 9673 1
9311 19618 5
9312 9312 6
5418 5418 318
9313 17895 1
9314 19618 1
9315 9315 421
7931 7931 37
5743 1438 3
2005 18521 2
9316 19618 4
1548 5609 12
622 622 3645
9317 9317 35
8705 12408 1
9318 19618 1
3885 15511 1
4576 4576 2504
9319 3236 1
9320 19618 33
9321 19618 2
9322 9322 9
9323 9323 43
9324 9324 16
9325 9325 293
7961 15317 1
9326 19618 2
9327 18342 1
921 14929 3
9328 12062 1
9329 9329 533
261 4421 2
7614 7614 283
6480 4809 1
9330 9330 5
9331 9331 950
9332 3266 3
9333 9333 454
1770 9760 7
9334 9334 477
4715 2791 1
9335 9335 42
9336 9336 2
8336 19618 13
2132 239 2
9337 9337 8
450 108 2
9338 11061 1
1730 1730 57
8316 19618 2
9339 14902 1
1612 4058 1
4634 18548 1
409 8707 3
9340 9340 216
9341 19250 1
9342 9342 31
4934 4934 20
1236 2571 2
5300 11210 1
9343 6805 1
8330 5048 1
9344 19618 2
3776 15064 1
6648 6648 148
3193 19618 20
9345 9345 233
6326 1948 2
9346 19618 4
9347 9347 365
8534 17576 1
9348 1730 1
2610 11892 1
3585 8636 1
2217 2217 26
5730 17988 1
844 10184 3
9349 19618 1
2314 19618 11
243 17197 3
9350 19618 6
9351 19618 1
4023 720 1
9352 15881 1
9353 19618 1
9354 19530 1
9355 19618 12
1225 8059 2
9356 1633 1
9357 16582 1
9358 19618 1
4911 19618 3
1895 4479 4
1527 9661 1
3380 3380 664
2949 17464 1
4513 4127 1
9359 19618 2
9360 10239 1
6640 19618 1
9361 18960 1
7894 15079 2
3243 19618 3
8044 19618 1
9362 9362 140
943 9298 1
5851 10271 1
7277 7277 94
4881 18668 1
831 14804 1
9363 9363 170
1573 19618 32
9364 19618 14
3675 15885 1
9365 10201 1
9366 12385 1
3899 19618 1
5131 9011 1
9367 19618 30
9368 19618 1
9369 18057 1
9370 19618 14
5328 4961 1
9371 19618 1
7934 7934 274
9372 19618 3
2490 5789 1
5589 15279 1
4676 10415 1
9373 19618 5
6156 16527 1
9374 9374 158
3468 17417 1
9129 9129 9
9375 19618 5
4461 6326 16
9376 19618 1
9377 9377 206
1134 4024 1
1792 8831 1
8220 8220 105
6581 19618 1
1491 17535 1
7286 7286 2980
9378 19618 3
2366 2663 4
9379 19618 1
9380 9380 42
9381 9381 20
3708 8359 1
9382 19618 5
2811 6915 3
3127 19618 2
9383 9383 4
5407 12907 1
9384 19618 6
4253 19618 5
7653 3155 6
9385 9385 16
4722 17531 1
9386 2025 2
1189 9848 1
9387 18654 3
3593 3593 346
4665 11628 1
3466 3466 9470
9388 19618 1
3433 3433 301
8805 11987 1
9389 755 1
5462 2070 1
9390 9390 30
9391 9391 464
3171 19618 1
9392 9392 107
5121 13207 4
9393 9393 16
1572 7348 2
9394 19618 7
9395 19618 12
1218 17008 3
2104 19618 40
9396 9396 17
921 8162 1
3578 1514 1
148 18290 3
4060 594 1
9397 9397 17
3084 17788 1
9398 19618 1
9399 19618 1
659 7785 3
6495 13398 2
9400 9400 37
8428 14862 2
9401 19618 12
4963 18573 3
9402 19618 3
9403 19618 2
9404 19618 3
527 6446 2
1770 11479 1
6495 1320 1
6736 16262 1
6183 6183 48
6431 6431 28
1261 9941 2
404 404 427
9405 2282 1
9406 1559 1
7645 7645 11
5595 5595 77
9407 9407 233
9408 9408 61
3520 2882 2
9409 19618 1
243 11984 1
2240 8107 2
9095 9095 3146
2988 14527 1
9410 12315 1
9411 14177 3
6613 19618 29
8883 8883 831
9412 7740 1
9413 13296 1
7863 7863 21
7559 12848 2
7408 7408 136
4065 12336 1
3284 19618 1
3520 5906 1
9414 9414 13
9415 19618 1
9416 9416 159
1367 15431 1
2946 19618 4
9417 9417 134
9418 19618 1
5971 19618 93
958 958 308
9419 19618 1
9420 9420 181
491 17067 1
9421 19618 3
8143 19618 28
9422 19618 22
9423 9423 254
9424 18039 2
9425 19618 12
8619 19618 1
390 2741 1
9426 19618 2
6977 19618 2
8825 3692 1
9427 9427 26
9428 9428 77
3409 19618 9
1944 13461 1
2546 17158 1
1162 19618 122
9429 9735 1
6588 6588 1255
1829 14200 1
701 1150 1
9430 19618 36
5280 5280 41
590 5044 1
863 1792 1
35 7567 1
202 3227 2
106 17978 2
9431 1028 1
5419 3420 1
4591 18907 1
4315 11680 1
6706 19618 1
5468 8560 1
3652 3652 233
9432 5655 1
7855 6136 3
9433 9433 44
7086 1866 1
880 9778 1
287 12960 2
5249 5249 160
5490 12358 2
5180 9811 2
2214 1967 1
9434 9434 26
9435 9435 44
4618 9215 1
222 5262 1
9115 6742 1
9436 9436 7
9437 19618 1
6413 13981 1
4196 2237 1
4439 4439 3263
5321 3000 1
9438 9438 2
2878 19618 1
9439 19618 1
9440 9440 453
121 19618 1
9441 15000 1
1351 1351 1280
8392 8392 1650
9442 4177 1
9443 19618 1
3970 4317 1
5094 10317 1
9444 19618 31
3309 14983 2
1428 3172 1
5032 19475 1
375 3097 1
9445 9445 52
2786 18816 1
2432 19618 3
9446 19618 1
9447 19618 51
2804 19521 4
634 19618 267
9448 19618 4
5606 14829 1
8961 10274 1
9449 19618 1
797 16950 1
9450 19618 2
9451 19618 17
6376 8606 1
1679 13975 1
9452 6468 1
171 19546 2
890 3720 10
9453 19618 1
9454 9454 139
9455 16705 2
309 1462 1
9456 9456 28
9457 19618 1
9458 11470 1
1261 19618 6
9459 19618 1
9460 10944 1
1698 6011 1
9461 19618 2
9462 9462 11
9463 19618 1
7808 17835 3
9464 13262 1
9465 19618 1
9466 5899 1
1592 1592 1
9467 19618 1
9468 19618 2
2556 11341 2
9469 9469 51
9470 9470 4
8283 19618 7
9471 9471 4
9472 9472 105
9473 9473 34
9474 19618 11
9475 1588 1
9476 9476 10
9477 19618 1
9478 9478 39
9479 9479 7
1341 7044 1
9480 19618 5
8984 19618 35
437 19618 57
863 14882 1
9481 9481 33
4002 18650 1
9482 9482 5
8221 19618 1
9483 10923 1
648 11320 1
6004 587 1
4936 9152 1
9484 9484 567
9485 19618 17
9486 19618 4
9487 19618 1
9488 19618 1
5909 8100 1
8971 2023 1
9489 19618 1
9490 9490 174
9491 19618 1
9492 9492 1
3047 2753 1
9493 11343 1
9494 19618 1
9495 19618 6
9496 7670 1
9497 19618 2
9498 9498 16
4131 8672 1
9499 8436 1
2456 18731 1
1342 13175 3
9236 9236 427
9500 19618 2
9501 9501 42
205 16803 4
68 16605 2
7032 11506 2
9502 12858 1
6694 6694 60
9503 19618 4
9504 19618 4
9505 19618 1
9506 19618 2
9507 89 1
5890 5890 9
9508 19618 1
2528 14818 1
3682 8477 1
9509 19618 1
3015 12002 1
6991 6991 95
9510 3913 3
9511 9511 319
9512 19618 3
964 964 7170
9513 19618 4
9514 19618 1
9515 12762 3
9516 9516 708
3385 10976 1
9517 19618 1
2166 13319 2
988 988 36
9518 19618 2
9519 8580 2
9520 9520 158
9521 9521 74
9522 1348 1
9523 9523 3
9524 19618 1
8406 8406 21
6064 19618 14
7619 316 1
168 9645 1
9525 19618 1
1372 5959 1
9526 19618 1
2308 19182 3
9527 19618 14
9528 19618 7
9529 9529 53
9530 19618 1
9208 233 2
7560 7560 9
9531 9531 334
6042 6042 11
6358 12855 1
6375 11412 1
9532 19618 1
5309 16897 1
4689 15060 1
4659 19463 2
2798 2798 27
2496 8913 3
3905 3905 65
4461 16776 1
9533 9533 190
9534 14557 1
9535 19618 1
9536 9536 240
2852 2852 2
1700 1700 49
3513 5233 2
7212 5839 1
9537 9537 30
9538 5842 3
4049 4049 18630
7029 19618 1
7824 7824 410
9539 19618 1
7572 7572 46
9540 10942 1
7216 1253 1
9541 9541 174
9542 19618 1
6309 3513 2
1413 1413 130
9543 4178 2
9544 19618 2
9545 19618 4
9546 19618 2
4956 4956 671
9547 9547 7
2332 16879 1
9548 3368 1
9549 19618 1
9550 5411 2
7036 200 1
1821 5784 2
9551 9551 264
9552 19618 1
9553 9553 773
9554 19618 4
3667 19618 2
1779 1013 5
9555 19618 1
4339 4339 2864
1439 3341 1
9556 9556 132
3818 3818 60
9192 10992 1
9557 19618 2
9558 19122 1
3766 13674 1
9559 9559 94
2521 19618 13
9560 9560 74
3964 20 1
9561 19618 43
9562 19618 4
9563 19618 6
3833 7892 3
9564 19618 7
9565 9565 20
8126 5367 1
7539 773 3
9566 19618 2
9567 19618 6
8569 19618 1
9568 9568 1073
853 853 3
9569 17963 1
9570 19618 1
9571 19618 1
9572 9572 49
9573 19618 1
9574 19618 1
9575 9575 197
9576 19618 3
3237 14785 2
9577 19215 1
15 7647 1
6836 10322 2
837 19618 82
9578 19618 6
9579 19618 1
8622 15259 1
9580 1180 1
9581 9581 94
9582 19618 11
9583 1928 2
5746 19431 1
9584 9584 38
9585 19618 1
9586 19618 4
5675 19618 1
9587 14545 1
9588 19618 3
9589 9589 58
7516 9896 2
9590 19618 2
9591 19618 1
3275 17448 1
1996 11740 1
9592 9592 146
871 8899 2
9593 9593 160
7247 987 1
6731 6731 11178
9594 19618 1
6372 6372 239
9595 9595 2058
1722 1401 2
9055 7589 2
9596 16094 1
5556 586 1
9597 9597 8
4109 10142 3
6099 19434 3
4932 12192 1
9598 19618 1
4907 19618 22
9599 9599 631
9600 19618 1
4910 19618 2
9601 9601 30
9602 19618 3
9603 9603 47
1932 13341 5
9604 19618 34
2879 19618 4
8983 17738 1
4250 10602 1
9605 19618 46
2920 2920 3
9606 19618 1
9607 3770 1
9608 19618 1
6757 2109 2
964 19618 188
5628 13607 1
9609 19618 25
9610 9610 11
9611 16552 2
9612 19618 1
4469 4469 10
4898 4898 6
468 14302 1
6272 6272 53
3834 7277 1
9613 9613 15
1495 19618 28
9614 9614 156
3538 16318 1
3467 11874 1
4890 4890 2272
9615 9615 142
9616 19618 1
6033 19618 1
1726 601 1
7038 19618 46
7922 5129 1
9617 19618 1
5800 16251 1
9618 19618 6
5749 16632 1
102 102 415
8844 54 3
9619 19618 3
4960 4967 2
9620 9620 96
9621 9621 164
9622 19618 2
4582 5828 1
515 515 148
1660 8774 2
9623 19618 1
6786 6786 344
9624 9624 6
9625 19618 11
4540 4540 750
4304 2210 1
723 9759 3
6136 6136 1
9626 19618 1
9627 19618 1
7252 7252 6344
7868 7868 94
9628 9628 1
9629 9629 1318
9630 19618 1
9631 19618 1
746 460 2
4204 4204 253
4508 17802 1
9482 4465 1
7646 7646 21
890 1560 7
5013 5013 43
7140 10689 3
9632 19618 3
9633 19618 2
9634 18455 1
241 16508 1
1762 15523 1
4437 15985 12
9635 19618 8
9636 9636 86
9637 9637 26
9638 9638 76
9639 9639 40
5739 16294 1
659 7853 1
8844 12309 2
9640 9640 457
2163 11692 1
9641 19618 1
9414 19618 1
9642 19618 1
9643 19618 3
1649 12227 1
9644 19618 57
8848 4508 1
2666 959 1
4297 13632 4
9645 9645 1
388 12217 1
4201 14536 1
9646 7644 2
9647 19618 1
8700 19618 23
9648 9648 26
9649 12352 1
3839 12588 2
9650 19618 2
54 15201 1
9651 9651 85
1687 8810 1
9652 416 2
3834 15225 1
9653 14287 1
1740 1740 190
2566 6227 2
9654 19618 1
462 13268 2
9655 360 2
9656 19618 14
1344 19618 5
6271 19618 1
9657 9657 3
9658 19618 6
1203 8638 2
5275 19618 1
4434 10350 1
9659 19618 1
7247 16519 1
9660 9660 11
26 13040 4
9661 11078 1
2490 2490 10281
9662 9662 468
9663 9663 140
9664 19618 1
1715 5265 1
9665 9665 26
9666 14938 1
4468 3516 1
2930 18500 1
9667 19618 7
9668 9668 280
5589 2050 1
9669 11394 1
9670 19618 5
9671 19618 2
1049 4582 2
9672 19618 2
9673 19618 2
3528 3528 4091
9648 19618 1
1212 1212 976
3373 12975 1
2686 2686 479
9674 9674 421
9675 19618 7
3794 11955 1
9676 19618 4
9677 9677 2
9678 19618 4
9428 19542 1
2306 19618 1
9679 19618 2
5019 19618 29
9680 9680 2566
9106 6220 1
9681 19618 1
9682 19618 1
9683 9683 136
9684 9684 26
9685 9685 12
4847 14867 1
4798 19618 4
1421 15524 1
8246 9021 1
2632 5551 1
659 19618 102
9421 9421 82
9686 9686 21
9687 17766 1
3965 13538 1
3573 12900 1
3112 3112 387
2768 2768 2674
9155 9155 85
5149 19618 1
9688 19618 9
9689 19618 1
9690 7370 1
9691 7598 1
3377 17123 1
8165 8165 7
4159 19618 99
9692 9692 109
9693 9693 480
9694 9694 137
7535 19618 18
6526 6526 1689
2112 2112 22
3807 3807 512
2085 14336 1
9695 19618 30
8440 8634 1
9696 9696 268
2157 15835 2
9697 19618 3
9207 9207 84
9698 19618 1
840 19618 33
7412 16163 1
6460 6460 149
395 6796 1
3252 19618 64
9699 9699 23
1361 6661 1
1876 10399 1
9700 19618 1
9701 9701 1
9702 19618 4
2519 2519 8
372 17566 1
181 181 2855
1650 3162 1
3330 11099 1
9703 19618 2
2309 19618 5
9029 9029 2094
9704 9704 54
9705 19618 3
1226 19618 7
9706 19618 2
9707 19618 1
9708 19618 3
7011 2762 1
9709 9709 171
3745 3745 5621
6552 6552 12
9710 9710 32
2239 16342 1
6983 43 1
2383 19618 49
9711 19618 8
7519 5173 1
9052 6990 1
9712 19618 6
9713 19618 2
9714 6598 1
4563 14645 2
890 9046 1
2524 7889 2
8457 8457 102
2913 17608 1
7384 6657 1
5414 5414 12
9715 14165 1
9605 1857 1
9716 19618 1
6549 6549 104
9717 9717 8
9718 9718 3
1834 10405 3
6335 6335 127
9719 19618 13
9720 10449 1
7147 8135 1
9721 19618 1
9722 9722 102
9723 9723 143
9724 9724 53
9725 9725 279
9726 5843 1
9727 19618 5
9728 19618 7
9729 19618 1
2478 19618 18
9730 19618 1
6933 3588 1
9731 19618 2
9732 19618 1
7487 7487 51
830 2052 1
9733 19618 1
2200 19618 1
2247 2247 1298
9734 9734 531
9735 19618 1
4109 18444 1
1804 14847 2
9736 19618 1
2255 3972 7
9737 18581 1
9738 19618 56
1391 1391 50
9739 9739 396
9740 19618 1
4166 6566 1
4458 14392 1
2406 2406 6
9741 9741 202
4190 19618 9
3826 8430 1
9742 19618 1
1565 1565 302
3273 19618 255
8427 8427 49
2961 19618 12
1103 9486 1
2593 2593 397
9743 9743 27
8322 6106 1
9744 19618 1
9745 19618 2
9746 8593 1
5255 19618 231
9747 19618 10
9113 9160 1
6093 12342 1
2985 19618 6
8002 8002 159
9748 19618 3
9749 9749 37
9750 9750 1851
9751 9751 54
2384 5440 3
9752 9752 14
8588 19618 56
9753 9753 11
9754 9754 45
9584 19618 1
7505 19618 1
9755 9755 8
4579 3181 1
8839 11770 1
3319 19618 75
9756 9405 1
1103 312 1
9757 19618 10
2157 1666 1
6725 19618 6
9758 19618 4
6715 6715 13
9759 19618 3
4846 4846 86
9760 9760 655
9761 19618 2
9762 19618 1
9763 19618 1
9764 9764 27
9765 9765 48
7758 7758 53
287 18999 1
9766 9766 200
9767 9767 268
9768 19618 2
9261 9261 1
7094 6966 3
7212 19618 33
9769 19618 4
9770 16767 1
9771 9771 472
9772 19618 1
9773 10729 2
9774 9774 24
7541 7541 126
9775 19618 3
8955 8955 7
7538 7538 270
2807 15919 1
5962 5962 74
4348 5033 7
9776 19618 2
2939 2939 410
1433 19618 2
3283 232 1
6623 2703 2
9777 9777 175
8842 8842 6471
5277 5277 244
9778 19618 1
6051 1828 5
5215 19618 1
9779 19618 1
459 19618 1
9780 19618 22
6149 6149 52
9781 19618 2
9782 9782 5
773 18957 1
2255 15069 1
288 288 5584
4047 8976 4
9783 19618 1
5806 19618 36
1444 19618 103
259 19036 2
9784 9784 113
9785 9785 8
2482 18900 1
9786 9786 19
9787 19618 21
9788 19618 17
9789 9789 1138
9790 19618 1
9791 9791 22
9792 6588 1
9793 9793 546
9794 19618 3
4131 10587 1
9795 19618 2
1174 19618 6
9796 19618 1
9797 17796 1
3185 4632 1
9798 19618 1
9799 19618 1
6830 6830 2
9800 19618 1
5804 13415 1
9801 19618 2
7406 19618 35
2630 10515 1
5313 8497 2
9802 19618 1
6451 6451 227
9685 19618 1
8199 14322 2
9803 9803 17
5643 6007 1
9804 9804 76
9805 19618 1
374 8518 1
3897 13668 1
9806 19618 2
2132 5279 2
9807 19618 1
670 10607 2
9808 19618 3
9809 19618 11
9810 19618 3
9811 19618 7
9812 19618 1
9813 19618 1
9814 9188 1
9815 9815 5
2768 19618 77
9816 9816 212
8729 7284 1
9817 19618 1
6320 7219 1
5477 19618 2
9818 9818 126
1436 9466 1
766 11675 1
9063 19618 2
9819 14012 1
9820 19618 1
9821 19618 2
832 1308 11
426 426 7866
3921 6202 2
9822 19618 2
1354 1354 11110
9823 9823 43
9824 19618 1
9825 19618 1
9826 19618 1
5273 16678 1
4186 1611 1
4818 19618 13
9827 15636 1
4287 4287 14483
6750 19618 2
4382 19618 12
5029 5029 1809
173 173 645
686 7441 1
5336 5336 225
2617 15518 8
9828 2304 1
3000 19618 6
9829 19618 17
8296 8296 120
1312 12386 1
9830 19618 5
9831 19618 2
9193 4726 2
7383 5871 1
282 19618 1
9832 9832 3
9669 19618 7
8399 8399 22
9833 9833 5
9834 9834 18
9835 19618 1
901 15408 5
195 5404 2
9836 9836 28
3349 1759 1
9837 19618 1
2665 18814 1
1209 4803 1
9838 19618 14
9839 9839 43
5696 17142 1
9840 19618 2
8046 8046 125
6969 19618 1
9841 9841 10
9842 19618 5
9843 19618 1
9844 19618 2
5763 10800 3
9845 19618 2
3334 19618 63
9846 19618 2
780 16041 1
9847 19618 6
7318 15229 1
2673 19618 2
9848 19618 4
4014 7601 2
477 13699 1
8962 8962 36
9283 15396 1
3718 19618 17
8930 8930 13
9849 19618 2
105 12397 5
4024 4024 25
9850 19618 1
8522 8522 692
9315 19618 11
2628 7534 1
5269 5269 53
2487 19618 50
2804 19618 175
1452 1725 2
4188 8601 2
9851 9851 647
6758 6758 132
9852 9852 1
9853 19618 1
9854 19618 1
409 7992 1
9855 9855 7
9339 11508 2
9856 19618 5
9857 9857 85
9858 9858 41
4110 12189 1
9859 2014 1
961 18133 1
5231 16400 1
9860 19618 1
9861 2400 3
6106 1675 1
2758 19618 249
9862 9294 1
5028 17496 1
3913 8589 1
54 19618 8
1114 1114 1352
9863 19618 1
9864 19618 6
1452 2701 3
4248 9062 1
9865 9865 11
9447 18656 1
9866 19618 8
7612 990 2
6078 479 1
7706 9271 1
7793 7793 14
9867 9867 46
5226 5226 266
2501 2501 55
9868 19618 1
914 6688 1
695 16046 1
4397 19618 16
414 414 852
4665 206 3
4250 19618 5
9055 9055 513
9869 19618 7
522 19618 661
9870 19618 1
9871 9871 370
9872 9872 6
2842 14744 1
9873 9873 11
9874 18452 1
9875 6863 2
9876 19618 6
339 4634 3
4097 4097 15
9877 2632 1
4960 19300 2
9878 19618 2
9879 19618 1
9880 19618 4
2727 2727 1730
2344 16108 1
1293 5685 3
4862 4862 92
735 17073 1
2203 2394 1
9881 19618 3
123 6264 1
355 19595 1
9882 9882 113
2669 19618 147
641 19619 1
1067 8575 1
8759 2284 1
4015 19618 3
9883 18013 1
9884 19618 5
9885 2505 1
9886 9886 56
7971 7971 6
8893 15689 1
5824 5824 26
3479 3479 67
4348 19618 468
2529 10452 1
8296 19618 3
9887 19618 4
9888 19618 1
1718 1718 5
9289 9289 69
9889 19618 1
1868 7401 2
9890 9890 221
8840 4081 1
8715 8715 71
5869 5869 154
9891 9891 1
9892 1489 1
9893 9893 373
9894 19618 1
169 169 1
7469 14420 1
9895 19618 5
9348 19618 1
1093 9049 1
5756 19618 2
9896 4678 1
2032 4399 1
7741 7741 41
7219 1199 1
4507 19618 1
214 214 67
4605 4605 94
7280 14743 1
9897 19233 1
5048 5048 2566
1579 10832 1
9898 3263 1
6156 6156 9525
8052 8052 7
5472 19618 12
9899 19618 2
4459 4459 2356
9900 19618 1
9901 9901 4533
9902 17984 1
2296 19618 40
9903 19618 2
2026 2026 994
6970 6970 50
9904 9904 148
9905 9905 32
9906 7556 1
9907 9907 93
3660 2861 18
9908 17425 4
7980 16872 1
9909 9909 2
9910 19618 1
1747 1747 16
2091 2091 6
9911 9911 22
9447 1234 1
1107 1107 65
6432 19618 1
9912 19618 1
9913 14010 1
9914 9914 14
248 19618 5
3622 3622 194
9915 11364 1
9916 9916 14
9917 9917 37
2369 4016 1
6591 4288 1
9918 19618 2
178 178 7023
9919 19618 1
4279 3490 1
3538 15273 1
3960 3960 11
7086 3524 2
6647 19618 1
9920 9920 3
9921 9921 18
9922 9922 60
3466 19618 268
9923 17291 2
9924 19618 26
9925 19618 1
7129 19618 4
9194 19618 2
9926 9926 5
6534 6534 1066
2075 12505 1
9927 19618 1
8963 8963 218
4696 4696 107
6493 19618 2
9928 12096 1
9929 9929 212
9930 19618 2
2536 2536 13
9931 19618 1
9932 9932 72
7923 16030 1
9104 5397 1
145 9511 2
5159 18685 4
9933 9933 135
543 543 302
3970 14389 1
1342 1773 1
9934 9934 1
9935 19618 5
9936 19618 1
3342 3342 71
8894 6711 1
1452 2026 4
9937 9937 351
9938 19618 6
5198 10212 3
890 3587 1
9939 19618 1
6916 18861 1
9940 19618 2
3498 19618 61
377 18076 6
2240 5544 1
9941 9941 193
4159 13051 3
9942 19618 1
3121 3121 20
2239 18037 1
1022 49 2
7251 7251 37
9943 19618 8
9944 9944 1592
9945 9945 7
5800 18482 1
9946 9946 61
9947 9947 9
1873 19618 119
1707 1519 20
2426 19618 215
9948 19618 4
8657 14276 1
661 661 5
9949 19618 1
552 11071 1
9950 9950 14
8171 8171 187
7293 9067 1
8789 6235 2
2844 2844 304
9951 19618 1
5223 2886 1
4613 19618 8
3629 16 1
391 4129 2
2130 1572 8
4131 17754 1
9952 19618 1
536 17108 1
9373 9373 168
1600 1600 5
1715 489 1
6815 19618 2
1153 17059 2
12 5159 2
8969 3933 2
9953 8864 1
9954 19618 3
7925 4647 1
1326 16979 1
7776 19618 1
9955 19618 1
9956 19618 1
9957 19618 81
3503 5133 3
13 12881 1
2157 16054 1
9958 19618 11
3832 5336 2
1896 12812 1
6886 13556 1
9959 9959 153
1552 6807 1
6235 19618 23
9960 19618 1
9961 9961 197
9962 19618 1
5155 17711 1
8776 19618 2
8913 4213 1
9963 19618 1
3541 19618 1
4578 4578 33
9964 19618 6
2615 19618 105
5872 18144 1
9965 9965 15
9966 9966 38
3023 3023 8900
9313 19618 11
6679 19618 1
2244 16151 2
3797 18902 1
3862 19585 1
7427 4618 3
5223 5636 6
9967 17789 1
9968 19618 1
9969 19618 2
714 12212 1
9970 19618 1
9971 8901 1
9859 19618 33
1389 467 3
7301 19618 1
9972 19618 51
9973 9973 37
9974 9974 66
9975 9975 6
3672 19618 1
8520 8520 1790
2701 10801 1
9976 19618 2
9977 19618 1
6178 6178 8
9978 9978 27
4667 4667 50
3770 13368 1
9979 19618 29
1439 9179 1
9980 19618 1
3567 12163 1
9981 9981 89
9982 19618 1
9983 9983 38
428 2129 2
6429 4615 1
8875 8875 3187
2174 3381 1
2951 2951 23
2276 2276 8527
9984 9984 49
9985 9985 279
9986 19618 2
3215 19310 3
7557 7557 1102
1536 18487 2
9987 6900 1
9988 4672 1
3558 19618 1
686 1443 2
9704 18995 1
9989 19618 2
9990 9199 1
9908 461 5
9991 9991 1
2556 19618 55
2026 15417 1
2842 17838 1
6409 11811 1
1504 3164 3
925 19618 2
4942 18965 1
4133 19618 22
9992 19618 1
2891 2891 18457
9561 7704 3
9993 9993 350
6429 18625 1
392 392 182
2859 2859 268
9994 19618 8
5038 19618 111
2615 2077 2
7965 7965 23
9995 19618 40
9996 19618 1
5518 19618 1
9997 14523 1
1049 19618 118
9998 14077 1
9415 9415 83
9908 19618 190
9999 19618 1
2031 14907 2
10000 10000 27
10001 19618 8
6164 18523 1
10002 19618 1
10003 14198 1
2210 2210 1
269 19618 1
10004 19618 1
10005 10005 29
9271 19618 1
4222 19618 288
7925 7925 3468
10006 10006 46
10007 10214 1
3871 9144 1
10008 19618 3
10009 10009 25
4201 19618 6
9735 12235 1
8230 8230 52
10010 19618 1
2132 10453 2
10011 19618 30
7996 7996 11
426 3668 1
5193 19618 1
10012 10012 472
9571 9571 7
10013 19618 1
7337 8771 1
5094 19618 339
10014 19618 2
10015 10015 326
1794 12671 1
2718 6513 2
2871 11346 1
105 105 8875
4352 4352 1150
10016 10016 71
10017 10017 1
10018 19618 2
6015 8744 1
10019 10019 322
10020 19618 14
825 825 1327
10021 14531 1
10022 10022 21
5146 5146 1241
466 7974 1
1161 19618 5
10023 19618 4
7568 7568 165
10024 4149 1
10025 19618 3
8236 11227 1
10026 10026 121
10027 19618 1
250 7200 1
10028 19618 7
8965 19618 1
10029 19618 1
202 4753 2
10030 19618 1
10031 10031 19
10032 2626 1
10033 19618 1
10034 19618 1
6066 4757 1
8190 19197 1
10035 10035 57
10036 10036 6
10037 10037 1
10038 10038 52
10039 10039 1242
9106 9106 872
10040 19618 1
10041 19618 1
291 291 617
9737 9737 1626
10042 19618 1
10043 10043 72
10044 19618 2
7383 1453 4
1973 19618 1
1285 19618 95
7510 11664 5
10045 10045 44
10046 19618 3
10047 19618 1
10048 19618 20
1505 9526 1
3399 3399 1235
10049 10049 782
1444 4638 1
5761 3921 2
1496 19618 50
5899 15639 1
3950 5800 1
10050 19618 2
3427 13199 2
9180 19618 2
312 15623 1
10051 10051 15
9243 9243 39
10052 19618 1
9492 19618 1
24 19618 143
10053 10053 2
739 3521 1
10054 10054 16
10055 19618 1
10056 19618 4
9193 9193 1788
9485 9485 464
1154 5861 1
10057 19618 2
10058 10058 7
10059 19618 3
2935 2935 347
10060 19618 1
3352 19618 49
5361 5361 1901
2352 7863 2
10061 19618 3
4995 18908 1
10062 13626 1
6876 2921 6
10063 10063 68
6009 19618 99
10064 10064 257
9341 4490 2
10065 3573 1
10066 19618 9
10067 19618 3
10068 10068 101
1322 1322 4514
10069 19618 2
10070 16847 2
1336 2485 1
1558 19618 1
1099 12764 4
10071 10071 152
2731 6353 1
1458 19618 236
10072 19618 47
244 772 1
10073 10073 48
10074 10074 1305
4499 17546 1
1218 1218 30011
10075 19618 1
10076 10076 101
8090 19618 2
10077 19618 1
7899 19618 1
10078 19618 2
1169 3818 1
4768 3925 1
220 5770 3
8476 9803 1
10079 10079 4
10080 10080 2
10081 3912 1
10007 5558 1
1770 14154 6
6171 6171 51
2086 7300 1
1041 8198 1
10082 10082 52
317 9705 1
10083 19618 1
3917 1662 1
8185 19618 1
10084 10084 31
10085 19618 1
10086 2339 2
10087 19618 1
7426 19618 6
10088 10088 23
10089 4682 1
10090 10090 642
10091 18674 1
10092 10092 17
10093 4459 1
10094 6247 1
613 613 176
10095 11309 1
1438 3454 1
10096 10096 293
10097 12266 2
4942 19618 56
2387 2387 18
10098 10098 17
5593 4991 1
5002 19618 59
3178 3178 45
1233 1233 34
5593 439 1
10099 10099 25
8994 8994 25
2996 8630 1
10100 19618 9
10101 10101 81
3015 18847 2
9428 742 1
10102 19618 1
2988 9479 1
5189 19618 1
10103 10103 30
897 9329 1
10104 10104 44
10105 6750 1
10106 10106 162
2277 18161 1
5875 19618 131
4511 19618 18
10107 19618 1
6619 6619 6
10108 19618 2
1648 1648 9430
2551 19618 1
10109 19618 2
10110 19618 1
10111 10111 126
10053 17679 1
10112 19618 1
10113 19618 1
2630 19618 332
3839 13939 7
10114 10114 1049
171 5985 8
3236 5373 4
10115 10115 32
2452 11911 2
5361 11217 1
8353 8353 12
10116 19618 1
10117 10117 25
250 18428 2
2003 15743 1
10118 19618 1
10119 17974 1
1077 12217 1
10120 19618 1
10121 10121 27
10122 19618 4
10123 10123 25
3462 12436 3
4781 8569 1
10124 19618 2
6513 421 1
10125 19618 1
4025 6139 3
10126 18218 1
10127 19618 16
10128 19618 1
10129 10129 42
3275 17356 1
1725 8235 3
4344 4344 73
2665 2665 287
9902 14410 1
10130 19618 1
3112 19618 9
10131 19618 6
10132 19618 2
8842 12347 1
6594 19618 1
6044 9772 1
6815 6815 30
10133 10133 81
10134 10134 12
4192 2515 1
10135 10135 45
622 9876 1
5971 15542 2
7706 5418 4
2759 17257 1
834 15838 1
2546 4634 1
10136 19618 2
514 1437 1
10137 10359 1
3588 19618 308
1622 11678 1
10138 10138 59
10139 10139 32
10140 15310 1
10141 10141 29
1873 4957 2
10142 19618 3
7644 7644 9
10143 10143 10
10144 19618 8
539 17252 2
206 19618 4
10145 19618 1
10146 10146 13
9074 18164 2
6571 15697 3
10147 19618 7
10148 19618 1
4961 4961 1945
8262 8262 294
3488 3488 2643
10149 19618 5
9345 9657 1
10150 19618 10
10151 10151 165
10152 17051 1
10153 19618 1
10154 10154 2
10155 10155 95
1725 10799 1
5053 9030 1
9974 19618 3
5475 5475 108
10156 969 1
8931 8931 46
10157 14116 1
5820 19618 49
4703 16039 1
4669 5215 1
31 19618 17
10158 19618 1
10159 10159 153
10160 19618 1
10161 19618 1
2906 9664 1
9596 13017 1
10162 10162 19
2252 2252 108
7007 17325 1
10163 19618 5
5001 5001 296
3373 5660 2
1501 11916 1
10164 19618 3
7725 14115 1
5170 4255 4
324 14328 1
482 19618 4
10165 10165 149
10166 19618 3
10167 19618 1
10168 19618 1
10169 19618 1
10170 19618 2
3050 3050 45
10171 10171 146
7753 7753 114
7354 19618 2
10172 10172 482
10173 19618 4
5063 5063 405
9319 19618 70
2926 4462 4
10174 19618 2
4519 7241 1
10175 10175 5
10176 19618 1
10177 19618 1
10178 5978 1
509 13733 1
2781 9376 1
6611 6611 79
10179 13843 1
3359 1801 1
5509 14065 1
539 15627 1
10180 19618 2
9409 9409 8
10181 19618 129
10182 19618 1
3071 7477 5
10183 8609 1
10184 10184 125
10185 19618 1
6305 10311 2
10186 10186 6
4202 7642 1
10187 17190 1
10188 10188 41
4428 19618 6
10189 10189 10
10190 19618 1
5968 19618 3
10191 10191 18
10192 19618 4
938 3180 4
10193 19618 2
10194 19618 8
10195 10195 283
10196 10210 1
6206 6206 401
10197 19618 1
2029 10362 1
10198 19618 1
7525 6060 2
10199 19618 1
10200 8602 1
10201 10201 4
3218 3218 3644
10202 10202 16
7286 18699 1
562 562 69
5654 15573 1
2810 3229 1
10203 19618 3
10204 19618 1
10205 8311 1
4481 14223 2
1895 1895 5774
8041 10655 3
9081 14734 1
3612 4222 6
10206 19618 1
1245 11116 1
5832 18434 1
10207 11165 1
10208 10065 2
1039 1039 10144
4778 13567 1
4001 7543 1
5852 5852 34
4322 5148 1
559 4486 1
10209 19618 2
6780 19618 9
3831 19618 3
8842 14164 1
8831 8831 125
10210 10210 81
1649 7002 2
10211 10211 1059
10212 4691 1
10213 19618 25
8153 12373 4
10214 10214 141
5357 19618 2
515 19618 2
8759 19159 3
4520 4520 3232
10215 19618 1
8440 13062 1
10216 10216 156
2277 782 3
10217 19618 3
10218 19618 2
1643 19618 1
2949 1409 1
7522 19618 21
5463 15055 1
10219 19618 1
6637 19618 22
10220 10220 12
3628 3628 27
10221 19618 5
5885 15376 1
6501 8578 1
9957 9957 3153
2953 2953 903
491 491 549
1245 15473 2
4654 3174 2
10222 19618 14
7559 15703 2
6456 6456 25
10223 19618 1
1122 9583 8
10224 16232 1
10225 19618 5
5048 3723 1
6584 6584 50
629 19618 1
10226 3977 1
2643 4547 1
2718 5760 1
6602 4881 1
10227 10227 219
10228 19618 1
10229 10229 11
1246 10563 2
3259 985 1
10230 10230 26
10231 19618 4
4028 6080 1
3398 16634 1
8798 19618 20
10232 10232 101
10233 19618 2
8446 19338 1
1950 8326 5
8582 19618 7
10234 19618 1
2591 2591 41
10235 19618 1
10236 10236 117
10237 10237 260
2040 2040 2
10238 19618 1
3228 12636 1
816 12887 1
5514 19618 1
2689 14263 1
10239 19618 4
9970 9970 13
10240 10240 377
2454 2424 1
7363 11048 2
9575 19618 4
10241 3163 1
3287 6627 5
10242 19618 5
1862 6253 5
10243 19618 2
10244 10244 2
10245 19618 4
4224 5504 1
10246 9828 1
722 722 2
10247 19618 1
3042 19382 1
5692 18154 1
10248 10248 59
10249 10249 42
277 17828 1
1650 1650 7604
3206 8383 3
672 19618 3
10250 10250 207
8848 19618 43
3343 3343 932
224 14890 1
1800 14141 1
9339 11015 1
659 10195 2
4380 4380 11
10251 19618 1
8100 8100 143
2268 5128 1
10252 18838 1
10253 19618 2
5972 15013 2
10254 19618 2
10255 10255 7
10256 19618 1
10257 10257 21
2618 17265 1
10258 10258 42
2161 12125 1
10259 10259 83
2184 16146 1
10260 10260 39
7721 7721 110
1045 19618 28
1656 17029 1
10261 19618 2
1762 10396 1
23 1707 2
675 9350 1
6610 11324 3
10262 19618 1
3002 9824 1
7917 4836 1
8794 11306 1
9386 3978 1
10263 10263 386
10264 19618 1
10265 1579 1
9188 9188 2
3555 17622 1
10266 19618 12
2670 17951 3
10267 19618 1
6304 4696 1
8066 7920 2
10268 19618 1
7714 2556 1
5253 5253 440
10104 19618 2
4422 13961 1
2586 19618 76
5206 2142 3
10269 10269 83
3602 19618 13
3237 15653 2
495 15301 3
10009 19618 1
10270 10270 86
9944 7354 1
10271 19618 1
10272 19618 4
8474 19618 1
1959 1959 10
9391 19618 12
801 5909 3
9997 7884 1
10273 19618 1
10274 19618 1
10275 10275 663
9653 9653 2685
10276 10276 2
2907 19618 5
10277 10277 257
10278 17211 4
10279 10279 1627
6155 19618 5
10280 10280 77
5810 5248 1
8179 19618 1
7632 19618 2
1502 13126 1
10281 19618 1
5423 13421 1
1209 4957 1
5881 226 1
8325 8325 240
1451 7262 2
9097 13460 1
900 12646 5
8893 4785 1
77 77 22
4576 859 2
1954 1260 1
10282 10282 7
10283 4460 1
390 14162 1
10284 10284 9
2630 10525 1
10285 10285 34
6825 6825 23472
10286 19618 1
10287 19618 1
8537 8537 188
10288 18563 1
391 4606 3
10289 10289 30
10290 19618 1
10291 10291 30
9024 19618 10
4367 4367 179
5628 19618 3
10292 19618 1
3135 5445 1
10293 19618 1
1483 11051 1
10294 3604 2
10295 19618 1
10296 7099 1
10297 10297 5
4634 5667 1
8888 19618 1
7406 5371 1
10298 19618 1
10299 19618 2
4379 19618 7
7704 9980 1
10300 19618 3
6259 19618 2
1957 10067 1
187 6505 3
10301 19618 22
4345 16109 1
10302 19618 1
1226 16874 1
88 14587 2
5664 5727 1
6399 14812 1
10303 19618 1
1243 8239 2
1259 1259 149
10304 19618 3
3646 19618 24
10305 19618 20
10306 10306 859
3093 6254 1
6046 18281 1
10307 19618 1
5997 19407 2
10308 10308 265
10309 19618 2
10310 10310 51
10311 4727 1
9179 19618 6
2991 5827 1
10312 19618 1
6370 1491 1
723 19618 157
2820 2820 7320
10313 1128 2
10314 10314 1211
6744 6744 60
10315 16668 1
6603 683 2
10316 10316 26
10317 10317 63
10318 19618 1
4783 3049 1
10319 19618 1
6176 12870 2
3925 11714 1
10320 19618 5
3737 16815 1
7663 19618 1
874 3849 1
10321 10321 36
9869 9869 298
2305 4334 3
10322 19377 1
869 19618 10
9354 19618 7
10323 10323 111
10324 19618 31
2682 19618 7
6947 10466 1
2029 19592 1
2669 10114 1
6878 6878 79
2318 2318 2
7092 7092 2627
10325 10325 81
10326 19618 2
5935 16450 2
10327 10327 229
10328 10173 1
317 12272 1
1134 17514 1
6008 6008 1829
10329 19618 5
9540 19618 20
10330 10330 104
10331 10331 23
10332 19618 2
2031 1650 1
3586 19618 22
901 19618 168
10333 19618 1
10334 19618 1
5705 5705 1389
10335 11690 1
10336 10336 35
10337 10337 30
10338 10338 288
1245 15193 1
10339 11033 1
10340 19618 4
10341 9916 1
10342 10342 287
8514 10879 2
10343 10343 38
10344 11049 1
8913 8285 3
7318 3354 1
10345 19618 9
466 17938 1
5566 16354 1
8057 3911 1
10346 19618 1
7011 6172 1
1926 3724 2
4462 10248 1
10347 10347 40
10348 10348 494
2007 19618 241
1368 19618 5
8208 8208 179
2214 2214 513
967 967 124
7033 7033 15
10349 7950 1
10350 19618 1
10351 10351 9
1220 7391 1
7820 7820 1224
241 1126 3
1863 14299 1
10352 17133 1
7807 17991 3
10353 19618 1
10354 10354 1067
647 10355 1
7807 8681 2
6821 11800 1
949 19618 9
10355 19618 2
10356 10356 81
3085 14455 1
5048 19618 56
7821 17885 1
3305 3305 2387
10357 10357 13
10358 19618 27
10359 10359 72
405 19618 7
3430 19618 3
1253 2674 1
10360 19618 3
10361 10361 70
3351 16070 1
610 16396 1
1222 19618 239
1095 13950 3
3947 13769 1
10362 10362 62
10363 10363 1085
10364 10364 58
10365 10365 275
6258 5246 1
1163 1163 5417
9397 19618 1
10366 10366 873
4001 2918 1
1697 19618 1
3805 3805 190
10367 10367 15
8413 453 2
7596 19618 71
10368 19618 1
10369 19618 1
123 7195 1
3251 10705 1
10370 19618 17
10371 10371 50
3760 19618 1
8845 6520 1
6941 19618 1
4701 19618 1
10372 10372 36
10373 8966 1
5607 19126 1
1606 19618 1
6433 6433 100
491 3501 1
10374 19618 41
8128 12822 1
445 19618 11
10375 10375 22
796 796 19
5534 19618 3
10376 19618 1
544 4339 2
7684 19618 1
5575 5575 232
1997 5819 1
10377 4561 1
10378 19618 2
8074 158 1
10024 10024 249
10379 19618 2
10380 11351 1
10381 19618 7
9998 4035 1
6807 19618 1
10382 10382 67
234 16046 1
10383 10383 11
10384 19618 2
6443 8410 1
10385 10385 2
6973 19618 7
5358 19618 2
10386 12839 1
2861 6792 5
10387 19618 1
5233 18045 1
4461 13224 9
10388 19618 4
10389 19618 11
2772 4206 1
10390 19618 8
10391 10391 117
10392 14278 1
10393 19618 6
10394 10394 48
10395 19618 1
10396 19618 2
984 984 202
4616 1642 1
4600 4600 2429
3273 5057 3
10397 17858 1
10398 18398 1
10399 10399 52
10400 19618 1
10401 17674 2
10402 10402 110
3615 3615 1946
10403 19618 2
10404 19618 1
3838 13378 2
10405 10405 10
9758 9758 59
10406 10406 24
6062 19618 5
1258 14679 1
10407 974 1
3120 3120 96
8733 8631 1
1421 2824 1
7115 19618 1
10408 19618 1
7207 19618 21
7542 7542 37
8269 8269 9
10409 19618 1
3065 11457 1
10410 10410 1
10411 19618 1
10412 19618 1
10413 14934 1
2369 8405 2
10414 19618 6
10415 10415 25
10416 10416 183
10417 5952 1
3319 6906 1
1986 1570 3
10418 10418 266
1077 120 1
4989 5820 1
2333 2333 27
1760 4994 1
10419 19618 3
5161 5161 209
5138 2037 1
5654 3135 1
10420 19618 1
3362 4116 1
9733 9733 14
10421 10421 13
10422 10422 137
615 10473 1
8580 19618 2
8645 3448 1
6795 6795 779
10423 10423 27
10424 19618 1
5798 8084 1
6398 6398 113
224 17311 13
9264 5995 1
2906 15512 2
7956 7956 426
8911 8911 153
7366 7366 523
6686 6686 61
358 5424 1
10425 19618 1
1327 555 1
5374 12076 1
345 5518 1
10426 10426 179
10427 19618 3
10428 10428 3
10429 10429 7
10430 19618 1
10431 10431 11
10432 19618 1
10433 10433 149
900 19618 260
3502 8377 2
834 6846 1
7925 39 1
10434 19618 1
6772 356 1
10435 10435 39
10436 10436 18
2105 19618 2
10437 19618 2
7187 2986 1
2797 9140 1
6906 4388 1
10438 7050 2
10439 10439 466
8711 8711 21
4335 19618 61
7112 19328 1
5030 5030 12049
550 19618 1
1926 4605 1
10440 10440 97
8450 11009 1
10441 19618 2
10297 19618 1
2009 2009 5408
10442 10442 40
1521 1521 290
1572 1572 8012
10443 10443 49
298 15948 4
10444 19618 1
10445 10445 8
377 9856 1
6169 3375 2
4657 4657 1941
10446 10446 4
5329 14049 1
10447 11508 1
10448 10448 89
10449 10449 169
2341 2341 4271
1222 3735 1
10450 10450 3
10451 10451 93
5593 11553 2
1008 1446 1
1594 13102 1
431 9373 2
10452 19618 1
5170 4646 3
10453 19618 13
10454 10454 1187
8704 8704 2
10455 10455 54
6353 6353 55
5685 9228 1
8964 19618 17
6366 19618 26
10456 19618 7
1017 18738 1
4025 19029 3
10457 10457 79
10458 19618 1
6966 19618 7
4627 4627 1
10459 1189 1
10460 10460 5
2015 9169 1
10461 10461 70
7725 19618 22
779 17008 2
10462 19618 1
10463 19618 1
10464 10464 76
10454 183 1
3882 6038 1
10465 3515 2
10466 10466 379
3943 2009 1
10467 10467 379
10468 19618 1
9179 9179 255
10469 10469 9
10470 8941 1
2261 3848 1
10471 10471 20
1912 1912 34
791 8953 1
237 237 249
10472 10472 27
3619 7174 3
1213 19618 2
2118 19618 47
10473 10473 3
10474 10474 27
3352 5942 2
10475 10475 422
10476 10476 65
10477 19618 2
9787 15728 1
10478 19618 2
10479 19618 9
10480 10480 43
10481 19618 1
10482 10482 92
10483 10483 36
10484 5903 1
10485 19618 3
3818 19618 1
7198 7198 67
10486 18345 1
10374 19138 1
10487 10487 20
8330 19618 27
10488 10488 86
3800 19618 2
10489 19618 1
10490 19618 1
10491 10491 475
2053 11222 2
9687 9687 158
10046 10046 50
3619 1237 1
10492 19618 1
10493 10493 21
5235 5235 100
6646 6646 348
10494 10494 332
4781 18766 2
10495 19618 2
2614 768 1
7878 13058 1
8365 19618 2
10496 19618 1
10497 19618 4
10498 10498 9
9401 15886 1
2007 7302 4
6030 6030 44
10499 900 12
10500 10500 145
6181 6181 980
10501 19618 2
10502 19618 2
10503 19618 2
10504 10504 176
10505 5797 1
9773 9589 1
10506 19618 1
7507 7507 165
258 19618 1
9936 9936 29
833 2426 5
10507 10507 3
425 7693 1
10508 19618 10
5085 10168 1
7446 7446 231
8364 8364 95
10509 10509 21
10510 10510 89
10255 19618 1
9620 19618 3
5027 19618 10
10511 12162 1
10512 10512 17
2155 15007 1
4312 19618 29
7075 7075 45
9923 19618 21
10513 19618 2
10514 10514 42
10515 10515 63
10516 10516 18
261 743 1
5088 15400 1
9875 19618 132
1597 19618 66
7423 19618 8
10517 10517 49
10518 19618 2
10519 19618 2
367 19618 1
705 8952 5
10520 19618 21
10521 19618 15
10522 19618 7
68 14641 1
10523 19618 3
10524 10524 79
9959 19618 8
4952 19618 1
1773 9551 2
10525 19618 1
2496 15463 4
10526 10526 193
8149 19618 3
10527 10527 143
404 2580 1
2490 16252 2
2277 340 1
10528 19618 1
344 4911 2
10529 19618 10
7381 19160 1
10530 2602 2
7047 7047 1184
10531 10531 4772
7592 19618 2
7403 7403 15
5422 9274 1
10532 19618 24
4454 19618 2
10533 10533 70
10534 10534 143
10535 10535 302
9617 9617 61
10536 19618 4
10537 19618 2
10538 10538 128
10539 19618 1
10540 19618 8
8675 19618 8
10541 19618 2
10542 10542 842
300 19371 1
1809 19618 239
10543 16003 1
10544 9288 1
10545 10545 4
10546 10546 389
5740 281 2
10547 19618 1
8186 5954 1
10548 19618 1
10549 2644 1
3236 11442 2
201 8113 1
741 7548 2
9387 9387 3301
8941 19618 1
3958 3958 566
9042 8833 1
10550 19618 7
10551 10551 2
1139 14483 1
943 11707 2
902 9911 1
10552 19618 1
10553 19618 2
3082 19618 2
7121 7672 2
10554 10554 23
10555 10555 87
10556 19618 1
10557 10557 567
10558 10558 56
1929 11198 1
10559 19618 1
4014 6766 1
2497 7776 1
1729 1273 1
9293 19618 8
5874 1119 1
9254 19618 1
3936 19618 16
3437 7832 1
352 12182 1
10560 19618 2
3660 8078 19
4157 7615 1
10561 10561 82
4241 4241 180
88 5863 2
10562 10562 11
10563 19618 2
10564 10564 17
10565 19618 2
306 19618 2
249 19618 43
6051 16437 8
6524 11570 1
10566 19618 8
6795 19618 15
1761 1761 2210
355 9155 1
2380 2380 28
10567 19618 2
10568 10568 1
10569 19618 28
6247 14885 1
4460 19618 1
10570 19618 1
10571 10571 263
10572 10572 120
10573 10573 61
3156 15161 1
10574 10574 68
10575 19618 1
8138 4477 1
7213 19618 134
7474 10031 1
10576 19618 1
10577 19618 29
1793 19618 2
3069 16260 3
10578 19618 1
10579 19618 1
5188 5188 38
5303 8838 1
10580 10580 662
7557 1261 1
9554 9554 121
8687 19618 2
1939 18993 1
8808 19618 20
10581 10581 263
7384 19618 1
2524 6447 1
3836 8041 1
2207 2207 27
6988 6988 31
10582 19618 1
10583 16594 1
3299 13582 3
10584 10584 22
10585 10585 27
1247 7070 1
4484 4484 276
539 2318 55
3555 16063 1
10586 19618 3
10587 10587 7
10588 8064 1
10589 10589 102
7830 19618 3
6008 12005 1
10590 8524 1
10591 19618 1
10592 19618 2
10243 10243 25
10593 19618 1
2630 7469 3
9851 19618 22
3710 3710 4
8705 18618 2
10594 19618 1
293 18165 1
251 10372 1
10595 19618 1
8863 19618 1
10596 10596 25
10597 10597 73
10598 10598 20
10599 10599 9
739 11136 1
10600 10600 42
10601 19618 1
1311 5288 1
10602 10602 33
10603 10603 34
4143 19618 465
105 10604 5
10604 19618 91
10605 12787 1
4505 4505 14
10606 19618 2
680 19618 73
4020 6798 1
10607 10607 19
9954 9954 160
10608 19618 1
3708 19618 41
4485 4862 2
10609 19618 1
7347 14485 1
3720 2331 1
4990 4990 13
7281 4576 2
10610 19618 2
4519 17863 1
9998 4850 1
2255 1500 4
69 19618 1
9433 19618 2
7595 13747 1
8641 19618 1
10611 13306 1
10612 19618 1
8199 12102 1
756 2535 1
935 935 309
10613 19618 3
10614 19618 8
10615 10615 1263
10616 10616 53
10617 10617 27
3737 3737 36616
10618 10618 67
1268 14340 1
5798 6231 1
3612 18906 1
10619 9774 1
246 19618 1
211 19237 3
10620 19618 7
10621 10953 1
10622 10622 156
9200 17099 1
303 6072 1
2005 12200 2
10623 10623 120
10624 19618 78
10625 10625 10
10626 19618 1
2421 2421 367
10012 19618 16
3663 19618 130
10627 19618 1
10628 19618 2
10629 18846 1
4338 5793 1
7530 7530 5
10630 10630 1416
3885 19618 43
10631 10631 30
9801 9801 100
10632 10632 4
1858 1858 25
10633 10633 482
10634 19618 1
4140 3321 1
3603 11053 2
10635 10635 1153
2198 19618 330
612 10812 2
261 2919 4
905 3860 1
1375 1375 58
10636 10636 20
5508 5508 950
10637 10637 1101
372 569 1
3727 16289 1
4596 4596 180
10638 16889 1
10483 19618 1
6593 5160 1
10639 19618 3
10640 10640 297
10641 14042 1
7399 19618 1
10642 19618 2
999 999 432
277 19618 197
10643 19618 13
4020 4020 231
10644 19618 1
7401 4882 1
10645 19618 2
10646 19618 1
4768 19618 212
3069 16179 5
10647 12951 1
10648 10648 24
10649 10649 48
2797 4240 1
10650 10650 123
10651 10651 4
1485 10968 2
8138 19618 29
4287 9688 1
10652 19618 6
10653 19618 8
10654 19618 4
10655 12726 2
2448 2448 1685
10656 10656 10
4109 18367 1
3681 3681 606
244 244 1495
424 4733 4
4772 19618 2
10657 10657 1305
1049 5305 1
10658 19618 1
10659 10659 7
10660 19618 3
10661 10661 54
10662 10662 296
5180 8129 1
6604 6604 147
67 18669 1
10663 10663 47
6832 11257 1
10664 19618 1
4444 4444 499
10665 10665 30
1511 6692 1
10666 10666 45
5692 19618 62
10667 19618 5
595 595 442
10668 19618 5
221 4681 4
10669 10669 18
5160 19618 2
1522 10442 1
1950 19351 3
10670 19618 2
987 6626 1
10671 19618 1
7503 3213 2
10672 19618 2
9452 2855 1
10673 19618 1
10674 10674 21
7688 7688 420
10675 19618 1
1491 17392 1
10676 13600 1
7154 7154 240
9797 19618 15
1104 19618 26
10677 19618 1
10678 19618 1
2643 19618 12
6197 6197 1137
10679 19618 26
9430 618 1
1442 4264 1
921 11180 1
10680 19618 10
10681 10681 36
10682 10682 6
10683 19618 5
8357 8357 31
1502 5582 1
9889 9889 4
7120 19618 25
10684 19618 11
10685 8270 1
10686 6732 2
921 18659 1
6101 19618 7
4924 4924 64
10687 10687 80
10688 9701 1
1752 19618 52
10689 19618 7
2996 19618 72
4215 4215 32
10690 10690 10
3807 19618 12
1933 12774 1
867 19618 1
10605 19618 12
9140 9140 1251
3466 2873 3
10691 19618 4
2244 4843 3
10692 19618 2
10693 19618 1
10070 19199 1
1483 2183 1
10694 5883 1
1990 19618 6
6643 16805 1
10695 14893 1
436 16230 1
6046 10864 2
4377 4377 89
978 18088 1
10696 19618 18
10697 6769 1
5563 19618 1
10698 19618 1
6637 678 2
10699 19618 1
10700 6270 1
2905 19618 1
10701 18143 1
10702 10702 1
1419 19618 2
3597 3597 78
828 828 2000
1349 18195 1
2891 19618 451
10703 12240 1
7888 19618 1
10704 19618 3
2280 2280 158
662 19618 9
17 19618 1
5481 13923 1
10705 19618 1
3570 10517 1
2300 2300 4058
259 3956 2
2789 16278 1
4110 16974 1
10706 19618 1
588 19618 3
2680 2680 12
5409 3007 4
1806 16794 2
10577 10577 1232
277 277 7770
10707 19618 1
339 15103 1
10708 10708 18
5830 5830 563
10709 10709 7
3770 3550 1
10710 10710 194
10711 19618 4
10712 3042 1
10713 19618 2
10714 19114 1
10715 10715 169
10716 10716 5
6139 6139 724
1496 1496 2095
10717 10717 141
779 1396 1
10718 17290 1
10719 10719 26
10720 19618 1
10721 19618 2
10722 10722 39
6166 11056 1
10723 19618 4
6776 19618 1
10724 10724 103
10725 10725 170
9740 9740 14
9864 9864 221
3531 3531 1009
10726 19618 6
10727 19618 1
1361 17775 1
10728 19618 1
10729 3301 1
10730 10730 16
10731 19618 1
4548 19618 1
10732 19618 1
8250 15604 1
10733 19618 1
1001 3309 1
10734 19618 1
7363 14264 1
10735 19618 1
705 9484 3
10736 19618 4
10724 19618 4
10737 19618 1
6642 6642 344
10738 19618 5
10739 19618 1
10740 10740 12
10741 1908 1
115 10103 1
6703 6703 1
10742 19013 1
10743 19618 8
7078 19618 2
10744 19618 2
1322 2219 2
10745 11627 1
10746 9905 1
3674 19618 35
312 13300 3
1031 19618 120
2361 19618 66
5121 17735 3
2384 16357 1
10666 19618 2
7381 12337 1
10747 19618 1
10748 19618 1
10749 11311 1
1855 4986 1
10750 2744 2
7559 7782 2
10751 10751 3
10752 10752 20
9955 9955 8
10753 19618 6
1639 2595 1
2586 15410 1
10754 19618 1
4510 4510 36
7108 8791 1
10755 19144 1
9429 5531 4
10756 10756 446
10757 19618 2
3871 2938 1
2618 3598 1
10758 19618 18
3588 4335 5
3140 3140 613
3755 3755 32
10759 19618 2
10760 6547 1
10761 19618 1
9493 9493 338
10762 10762 5
5687 5687 98
1896 11777 8
10763 19618 1
1285 1285 4601
10764 10764 56
10765 19618 1
866 10410 2
3766 13685 1
10766 19618 1
6335 19618 5
10767 10767 106
10768 10789 1
5409 18872 3
10769 10769 5
10770 19618 2
1828 15183 5
10771 10771 24
9343 9343 22
10772 19618 1
10773 19618 1
4468 7319 3
8914 8914 56
10774 19618 1
6436 13269 1
5798 749 2
2424 2424 83
794 136 1
10775 10775 32
4235 4789 1
2614 16535 1
2175 12467 2
5057 1547 4
5528 5528 893
5842 3702 1
10776 10776 271
1575 4838 1
10386 19618 1
2537 11554 1
1784 8150 1
4377 19618 4
3295 18227 1
10777 10777 2
10778 19618 13
10211 11620 2
10779 15605 1
10780 10780 437
10781 10781 63
10782 19618 1
10783 19618 1
4698 19618 1
10784 19618 4
3578 3333 2
10785 19618 8
1170 6564 1
2699 2699 4
10786 10786 137
9128 19618 3
1250 1250 12
10787 10787 10
10788 10788 51
1048 4878 1
10789 10789 12
9882 17765 1
8081 19618 1
3173 19618 79
10790 19618 1
10791 19618 2
10792 19618 4
2895 1153 1
9957 477 3
10793 10793 250
10794 19618 1
1527 1265 2
10795 19618 3
10796 15681 1
8174 19618 3
4084 4084 1035
10797 17173 1
10798 19618 1
5019 1275 1
10799 10799 213
10800 18103 1
6792 6792 14844
1291 1291 26
1547 14366 1
7223 19211 1
4438 4438 42
10801 10801 15
3827 8304 1
10802 19618 1
10803 10803 140
9429 2152 1
2455 19618 2
5043 7078 1
10804 10804 1
8971 19618 6
10805 10805 67
10806 19618 2
10807 10807 585
10808 10808 158
8834 5081 2
1790 1790 6
10809 4539 1
3965 19618 15
10810 10810 4
3441 10229 1
3323 19618 7
10811 19618 1
10812 19618 2
4812 386 1
10813 9717 1
10814 10814 785
10815 19618 1
9514 9514 2
3018 18386 1
74 7474 1
10816 19618 1
10817 10817 144
10818 19618 2
1725 3845 5
10819 10819 17
10820 19618 3
1077 17261 1
10821 10821 4
10822 10822 90
9283 8852 3
8085 19618 2
2533 16868 1
10823 10823 81
478 19618 127
4972 3647 3
10824 19618 8
10825 19618 4
1257 19618 50
10579 10579 8
1183 1183 57
10826 10826 8
4689 17272 1
3946 19618 1
10827 10827 1
4817 14944 1
10828 10828 539
10829 10829 177
10830 19618 6
1075 1075 38
1148 1148 4782
10831 19460 3
7521 1245 1
995 19618 40
10832 10832 48
10833 19618 1
8960 8960 4
10834 19618 1
7359 7359 13
9489 9489 51
1701 13021 1
5714 5714 214
8756 8756 204
10835 7244 1
10836 10836 707
1609 14544 1
6610 3416 3
3066 205 4
10837 10837 169
10838 3683 1
10839 10839 59
10840 10840 4
10841 19618 1
10842 10842 76
10843 10843 9
3410 3410 589
10844 19618 1
10845 19618 1
9550 14589 1
8778 19618 1
3907 19544 2
10846 10846 87
10847 10847 6
6713 12017 1
10848 10848 1
10849 4144 1
3773 3773 910
943 8355 1
10850 19618 2
10851 19618 2
618 6587 4
2282 19618 8
3726 16175 1
10852 19618 2
6367 6367 1
10442 19618 1
10853 10853 14
10854 10854 15
10103 19618 1
9724 9784 1
3559 3559 301
29 1673 1
10855 19618 1
10856 10856 894
8506 8506 28
4659 6901 1
4647 10925 1
6306 19618 1
7047 14277 2
3503 19618 169
10857 19618 1
9339 19618 59
6908 400 1
10858 10858 82
9632 12543 1
1050 17914 1
8926 8926 1264
10859 12485 1
2670 9962 1
10183 5491 1
10860 19618 11
7355 7355 771
6372 3930 1
10861 19618 1
1046 12914 1
1761 10644 1
10862 19618 2
10863 19618 1
2949 16656 2
125 9758 3
5510 12466 1
7962 7962 1087
2478 9112 1
10864 10864 32
10865 10865 57
10866 10866 53
7821 7821 1157
10867 10867 356
10868 19618 1
8705 15403 2
5216 19618 4
10869 10869 22
621 638 1
10870 10870 3
10871 19618 2
6528 5704 1
10872 14175 1
10873 10873 162
3372 17121 1
10874 10874 91
1385 19618 1
2114 17926 1
3377 5278 4
4279 12386 3
10875 10875 105
10876 19618 1
9418 18364 1
10877 10877 91
10878 2640 1
10879 19618 3
2638 19499 1
10880 19618 1
10881 19618 1
10882 19618 1
6484 19618 2
288 3840 1
3578 12230 1
10883 7397 1
10884 10884 11
10885 19618 1
10886 10411 1
3680 19618 25
10887 19618 1
5231 17459 2
8277 8277 45
10888 10888 1
10889 10889 2
5673 19001 1
704 19618 2
10890 10890 4
10891 10891 37
9206 5105 1
10892 19618 1
10893 19486 1
8054 19249 1
10894 10894 2
184 5470 1
10895 10895 474
10896 10896 102
4618 13272 1
10657 19618 33
10208 19425 1
2154 5637 1
3727 3727 545
10897 10897 41
5094 9609 4
10898 19618 2
10899 19618 23
1980 2603 1
2834 2975 1
6742 6742 721
5709 6010 2
10900 19618 75
10901 10901 155
10902 9089 1
10903 10903 20
10904 18658 1
9142 9142 383
9701 19618 1
3455 3455 52
4261 9580 3
10905 10905 81
10906 19618 8
5417 19618 163
9538 16756 1
6071 12767 1
10907 10907 24
1575 13340 1
3066 19618 66
6218 3048 1
10908 19618 1
2098 2098 733
1671 14429 1
10909 19618 6
10910 16697 1
3201 19618 121
10911 10911 22
10912 19618 1
648 5858 1
211 1654 2
9412 15348 1
10913 19618 2
2155 7562 1
10914 10914 10
10915 19618 17
10916 19618 2
5740 13404 1
10917 10917 500
10918 10918 2
8678 8678 53
2492 11376 1
5037 19618 31
1074 7306 2
2007 3798 2
10919 10919 3
8158 8158 261
3228 15928 1
9074 15336 2
10203 10203 66
10920 1648 1
3305 9330 1
10921 10921 2
10922 10922 98
4407 19618 18
1428 5260 6
10923 10923 27
10924 10924 25
5851 19618 19
10925 19618 8
7655 7655 46
10926 10926 16
10927 19618 1
6164 4086 1
4403 10015 3
10928 4669 1
3467 19355 1
10929 18335 1
10930 19618 1
10931 19618 1
10932 10932 397
10850 10850 10
10933 10933 18
10934 10934 2
10935 10935 155
10936 10936 33
10937 19618 11
1898 1898 5789
10938 19618 1
9880 9880 145
10939 16611 1
8489 19618 2
9815 19618 1
10940 5018 1
6513 9752 1
10226 19618 34
10941 10941 35
185 12668 2
10942 10942 10
10943 10943 79
7285 19282 1
9050 19618 10
5303 16812 1
10944 10944 24
873 19618 16
7110 19618 4
6115 19618 1
10945 10945 114
10946 19618 6
10947 19618 1
10948 19618 5
10949 10949 30
3574 3574 93
10950 12394 1
5625 6444 1
10951 10951 30
10952 17218 1
3794 19171 1
5568 5568 444
10953 19618 1
10954 10954 1
712 5334 1
10955 19618 2
1577 1577 5411
10922 19618 4
10956 10956 1611
10906 10906 184
10957 19618 4
3905 3981 1
10958 10958 158
10959 10959 20
10960 10960 11
9030 9030 8
10961 19618 15
9095 4167 2
1528 11162 1
10962 19618 27
10154 19618 1
4807 15858 1
9896 9896 880
2543 1696 2
1721 19308 1
10963 19618 6
1550 19618 11
10964 19618 1
10965 10965 1109
10966 16452 1
750 19618 2
3337 19618 24
4905 4905 2428
10408 10408 11
3073 5931 1
10967 15586 1
4884 4191 2
10968 6788 1
10969 10969 62
2389 19618 3
10970 19618 2
3403 4664 1
6896 6896 479
1950 4095 3
7196 7196 2216
3270 15920 1
10971 10971 160
10465 10465 2221
1761 65 1
6168 6168 19
10972 10972 84
3058 19618 25
3092 3092 119
7854 7854 58
10973 10973 742
2630 2895 6
10974 19618 2
10975 19618 1
10793 19618 7
2294 11142 2
10976 19618 1
5229 13451 1
10977 10977 70
2754 2754 381
10978 10978 4
9991 19618 1
1464 14688 1
1824 19618 98
10979 19618 5
1958 19618 19
1408 12460 1
5142 19618 1
10980 10980 24
663 663 187
10981 10981 13
5673 14749 6
10982 16924 1
10983 19618 1
8308 17416 1
10984 19618 1
10985 19618 1
10986 790 1
10987 19618 2
195 19618 257
5752 246 1
10988 10988 102
224 481 22
2073 3284 1
10989 19618 5
3457 3293 1
10990 19618 1
5381 19618 9
10991 10856 1
9259 2486 1
10992 19618 1
4381 3110 6
10993 9236 1
10994 10994 128
1692 19618 8
2261 15298 1
10995 19618 2
10888 19618 1
86 12753 1
7821 11172 1
7456 19618 12
2227 19093 1
3063 3063 441
10996 19618 9
10997 19618 1
10998 19618 1
10999 19618 1
6413 6413 408
1904 754 1
2374 19618 8
6429 1710 1
11000 11000 287
1799 19618 1
9416 19618 5
11001 11001 30
11002 11002 21
1 7171 1
3217 18408 1
11003 11003 58
8629 94 5
9147 17160 1
11004 11004 7
11005 11005 1
1240 19618 8
35 8353 1
1774 1774 51
2049 19618 29
211 211 5956
11006 19618 2
11007 19618 1
5 5 21
11008 11008 90
11009 11009 754
11010 11010 141
4647 19066 1
11011 11011 416
11012 11012 16
11013 19618 1
1440 1440 34
11014 19618 1
4763 5308 1
11015 11015 124
11016 11016 853
11017 19618 1
7305 19618 1
11018 644 1
4110 10008 3
11019 11019 35
11020 11020 132
11021 11021 52
11022 11022 40
9841 19618 1
4626 4626 99
8718 833 1
7202 17579 1
182 10260 1
7496 19618 1
5316 192 1
1176 2526 1
4434 4434 6120
4316 4316 24
11023 19618 6
11024 11024 5
7427 716 1
10522 10522 178
11025 19618 3
192 13688 1
5531 5531 4342
186 19618 52
3225 19618 5
11026 2861 1
6103 6103 4
11027 5989 1
11028 19618 4
11029 11029 51
6534 19618 31
11030 11030 10
11031 14855 1
11032 11032 111
11033 6690 2
6908 6908 2077
11034 11034 75
11035 11035 588
11036 19618 2
3629 5747 2
11037 19618 2
11038 19618 3
9692 19618 3
11039 19618 9
11040 10377 6
11041 19618 1
339 3962 1
3525 952 1
1335 19618 75
406 14825 1
10410 19618 3
5278 19618 40
4902 4902 2243
11042 11042 445
1817 1817 3387
11043 11043 743
11044 19618 1
11045 11045 914
11046 5435 1
11047 19618 3
11048 19618 2
11049 11049 7
2143 18122 1
11050 19618 1
7938 7938 121
11051 11051 70
11052 11052 1
2271 13614 1
6528 3991 1
10179 10179 884
2923 17390 2
11053 11053 65
11054 19618 3
11055 19618 1
5945 5945 943
11056 11056 77
4616 4616 1677
11057 11057 27
11058 13214 1
148 19618 1063
11059 19618 1
11060 19618 1
11061 19618 2
7268 19618 1
11062 11062 160
6340 6340 34
771 771 11
7014 4050 1
345 7847 1
11063 19618 1
11064 19618 1
11065 19618 1
11066 11066 26
1287 11532 1
11067 11067 177
11068 11068 13
6445 5920 3
11069 11069 221
8012 8012 23
7787 7787 3580
6814 14694 1
11070 19618 7
3399 14274 1
9296 9296 26
11071 11071 558
7521 11279 1
5171 14174 1
11072 11072 9
11073 19618 1
8196 6945 1
4847 10228 1
1048 12289 1
2412 19618 3
7621 12153 1
6757 14210 1
11074 1566 1
3022 6871 1
11075 5754 1
844 3436 1
4570 4570 1
10785 10785 348
4793 4793 6
11076 13926 1
2712 19618 12
11077 19618 10
11078 11078 2
11079 19618 1
11080 19618 2
11081 11488 1
11082 11082 27
1746 14220 1
4311 4311 49
11083 11083 29
11084 11084 469
11085 19618 3
2276 7107 3
11086 11086 8
10196 19618 16
11087 19618 7
11088 19618 6
1457 19618 12
2185 18652 1
6295 19618 1
6538 12494 1
4297 220 2
6129 10135 1
7813 19618 1
9259 3300 5
11089 11089 4
11090 19618 1
7820 12913 1
1335 8247 1
11091 11091 142
8555 5272 1
4565 4565 760
11092 10129 1
11093 19618 5
11094 19618 25
2497 19618 98
11095 14314 3
11096 19618 8
5692 17892 1
11097 11097 36
4989 14778 1
1828 17527 1
6527 19618 3
11098 19618 3
11099 19618 5
9185 9185 146
11100 19618 1
4496 3594 1
1887 19618 98
9107 9107 13
3676 19618 160
11101 11101 184
4942 17445 1
5970 17407 2
2533 19618 11
2883 2883 166
2199 9978 1
11102 19618 1
10895 19618 9
11103 11103 17
11104 11104 98
2366 16167 9
3741 19618 24
8110 14517 1
7380 15677 1
11105 19618 4
11106 11106 2373
11107 19618 11
914 17144 3
11108 19618 2
11109 19618 2
1660 12891 1
11110 11110 270
11111 11111 168
753 19618 583
675 675 6312
3629 8008 1
395 4438 1
5296 5296 29
11112 19618 2
4433 4433 7
3622 15289 1
139 12484 1
11113 11113 29
11114 9503 1
10841 10841 9
11115 19618 1
824 9388 1
11116 11116 56
2417 2417 592
4903 18258 1
11117 19618 34
10722 19618 1
4279 250 2
11118 11118 2
7778 12870 1
11119 19618 2
11120 11120 228
11121 19618 1
5798 14633 1
8878 15005 3
4261 1734 8
11122 11122 13
2334 13130 1
1752 10157 3
9596 9596 2505
11123 19618 1
377 14942 1
11124 11124 2
11125 11125 126
11126 19618 1
11127 19618 1
1999 1999 293
1169 6645 1
11128 19618 2
2255 2255 16642
11129 15499 1
7279 19618 3
11130 19618 2
11131 11131 767
1664 8714 3
9630 9630 2
905 2467 1
7349 7150 1
11132 19618 1
11075 19618 2
11133 11133 10
11134 19618 1
2493 2493 12
11135 19618 1
11136 19618 4
3023 19618 215
4963 19522 2
11137 19618 2
6240 6240 103
11138 19618 1
11139 11139 39
1218 2259 1
196 3958 1
11140 11140 44
11141 11141 588
7937 19618 48
2942 19618 4
1260 1260 33
6575 18035 1
11142 11142 44
11143 4212 1
11144 19618 1
11145 7793 1
5726 1212 1
6586 14347 2
9475 9475 1612
11146 19618 3
1001 1001 4055
11147 11147 2
1869 11901 1
2811 19618 57
11148 11148 220
11149 11149 230
11150 11150 2
2459 19618 1
71 13442 1
790 8501 1
2939 15547 1
5767 16865 4
11151 11151 93
11152 19618 1
10749 19618 3
6488 6488 109
11153 19618 1
2589 17292 3
2203 17439 1
8161 8651 1
11154 14773 1
5954 1860 1
11155 19618 1
11156 19618 3
11157 19618 1
11158 11158 8
1343 19618 1
10629 5766 1
11159 19618 6
2537 18624 1
11160 6524 1
746 15584 1
1841 19618 2
11161 7738 1
11162 19618 10
6409 6409 773
11163 19618 2
1970 19618 13
11164 19618 2
10553 10553 16
11165 11165 984
5088 13579 1
11166 19618 1
11167 11167 3270
11168 11168 9
60 1625 2
9892 9125 1
11169 11169 201
1344 19253 1
11170 19618 2
11171 11171 62
3270 3270 151
11172 11172 111
11173 11173 77
3199 14693 1
5935 19618 142
11174 19618 3
647 19618 60
3913 13308 1
675 44 1
11175 11175 267
288 14427 2
2802 14649 2
9361 9361 576
7845 16465 1
11176 19618 55
11177 11177 159
409 5699 4
11178 1000 4
648 16429 1
735 148 65
5180 13508 1
9987 494 1
11179 19618 1
11180 19618 1
10336 19618 1
11181 15673 1
3808 7768 1
2276 6290 1
4331 14683 1
11182 12919 1
11183 11183 24
1046 19618 1
10458 10458 2
11184 17972 1
11185 19618 8
11186 8230 1
11187 11187 32
11188 11188 139
11189 11189 10
11190 19618 4
9625 9625 397
11191 3681 1
7437 7437 178
11192 11592 1
11193 19618 1
11194 19618 1
11195 19618 24
8307 8307 518
11196 11196 4
11197 19618 1
8484 19618 1
11198 11198 15
11199 11199 28
4108 16575 1
1539 2044 1
7911 7911 22
11200 11200 25
1761 19618 77
4894 3551 1
11201 19618 2
10401 10401 1237
11202 11202 6
1810 19618 2
3488 17704 1
11203 19618 1
11204 19618 1
11205 19618 2
621 12926 1
1527 13527 1
11206 19618 3
11207 11207 3
5665 5910 1
8191 8191 4
8624 19618 1
11095 14393 1
11208 19618 1
11209 19618 16
8106 19618 47
8196 8196 1921
5234 19618 105
6156 2494 9
10691 10691 311
11210 11210 19
4579 4579 3417
166 9300 1
11211 11211 549
11212 19618 2
108 19618 3
11213 11213 14
11214 11214 34
11215 11215 729
5166 1916 5
1689 1689 460
11216 11216 47
2643 11182 1
6369 9377 2
11217 19618 10
7119 227 1
8298 6186 1
10155 19618 2
7921 18166 2
8098 19618 3
3351 19618 1
7927 7927 90
2537 3941 3
11218 19618 22
6352 15848 1
7428 1309 2
357 5353 1
8924 19618 1
1902 18173 1
8629 3799 1
11219 11219 201
3565 9446 1
6946 6946 102
11220 11220 64
4984 19618 122
11221 19618 2
6689 6689 25
648 5259 1
2814 19618 2
2245 2245 44
6712 17924 2
6384 5269 1
8352 19618 34
8428 16461 2
11222 19618 2
11223 19618 8
6393 19618 1
10611 10611 350
11224 11224 25
11225 11225 696
11226 1323 1
9624 19618 1
4256 4256 5520
4509 19618 3
11227 19618 1
1618 1618 113
11228 17145 1
194 19105 4
11229 11229 788
808 2117 1
11230 11230 20
10144 19275 1
6520 6520 8
8383 19618 5
5544 13550 1
7183 7183 25
2130 10648 1
10129 19618 2
11231 19618 1
9773 19618 43
547 19618 1
5063 15860 1
11232 11232 307
9450 9450 88
8071 19618 24
3150 3150 263
11233 19618 1
11234 19618 1
11235 19618 2
11236 11236 7
11237 17338 1
6734 19618 2
1752 12129 1
11238 19618 1
11239 11239 10
11240 2696 1
11241 19618 3
11242 17015 1
9809 8746 1
29 14727 1
5101 5101 194
11243 11243 2
11244 19618 1
11245 19618 1
10577 16567 1
11246 19618 3
4227 19332 1
6710 10306 3
11247 19618 1
6984 19618 1
11248 19618 1
11249 11249 276
4797 4797 928
4766 10977 1
7098 10617 2
4526 9695 7
11250 19618 4
11251 19618 1
250 13523 1
11252 19618 1
3776 2137 2
1725 5401 2
3656 19618 1
11253 3338 1
11254 19618 1
11255 11255 54
11256 15825 1
4222 3088 1
8852 4096 5
11257 19618 1
11258 19618 1
11259 4139 1
3827 8146 2
11260 11260 805
11261 19618 4
11262 11262 10
11263 19618 1
2320 7771 2
11264 4041 1
5088 7739 1
11265 19618 2
887 887 19
354 18980 1
5591 5591 4
11266 19618 18
7845 19618 19
11267 12214 1
1685 16135 2
2466 3753 1
2696 19618 22
7860 11409 1
11268 19618 1
453 720 6
11269 11269 5
5196 18160 1
4004 4004 24
11270 6801 1
2484 2484 681
11271 19618 1
6132 6132 1375
508 508 205
425 17412 1
11272 19618 1
2702 2702 25
8262 8345 1
4131 17126 1
4943 3085 2
4579 19618 94
4068 1161 3
11273 19618 5
7860 7860 3231
2009 3488 3
11274 11274 7
11275 19618 1
528 12944 1
3187 14788 1
11276 19618 42
11277 19618 60
11278 11278 440
462 19618 125
11279 19618 1
6309 6309 1159
451 12387 3
10563 10563 38
11280 11280 32
5868 6662 1
2240 2240 2861
11281 11281 279
10895 19470 1
11282 19618 3
11283 11283 93
11284 11284 8
11285 19618 2
7820 6217 1
5730 5219 2
11286 19618 24
11287 11287 14
11288 11288 159
11289 9743 1
3570 1239 5
11153 11153 87
11184 57 1
11290 3666 1
1567 10151 1
1551 1551 14
11291 11291 775
3442 14509 2
615 17643 2
11292 19618 1
11293 11293 16
11294 19618 1
1902 19618 21
5975 5975 6
11295 12355 1
11296 17644 1
8053 14941 1
3183 12899 1
11297 19618 1
11298 19618 4
11299 19618 1
1772 1772 299
4550 19618 52
9553 5755 1
1661 1661 1250
11300 19618 16
10878 16723 1
11301 11301 12
11302 19618 27
7720 7720 17
6597 7173 1
11303 19618 2
1920 1920 20
585 5937 2
4133 6894 1
11304 19618 9
11305 19618 2
5137 5137 124
11306 11306 41
11307 11307 34
1311 2928 1
11308 19618 1
7596 7596 3203
11309 19618 8
11310 19618 1
11311 1256 1
11312 11312 3
6266 19618 1
2132 4781 2
288 14707 1
2114 6147 1
11313 11313 101
11314 19618 1
10423 19618 3
6025 6025 8
11315 19618 1
390 398 1
11316 11316 5
11317 2850 1
11318 578 1
11319 19618 1
4096 4096 46
929 10938 1
1876 18492 1
3399 19618 36
4296 13302 1
11320 11320 499
615 8313 1
11321 11321 311
461 295 5
753 10439 6
4477 4477 41
4938 4938 31
11322 11322 12
11323 11323 77
6945 6061 1
3506 19618 3
7011 19618 32
2958 19618 3
7392 7583 1
11324 19618 16
1236 6677 1
8852 5673 2
11325 19364 1
11326 19618 1
8913 14514 2
11327 19618 3
357 357 1392
3868 8089 1
11328 19618 1
76 8869 2
11329 19618 1
11330 19618 3
11331 19618 5
1661 16571 2
11332 19618 1
11333 11333 3849
11334 19618 77
11335 19618 1
3001 4075 1
1093 19005 1
2802 9868 1
11336 11336 24
11337 11337 65
4342 19618 1
11338 11338 22
11339 19618 3
3273 13606 6
1889 13892 1
11340 11340 10
11341 19618 1
10528 10528 10
11342 11342 47
1059 5678 3
1996 19618 5
3035 11546 1
11105 10702 1
11343 19618 1
11344 11344 4
5123 5123 1714
7863 5042 1
11345 12406 1
11346 5494 1
9596 13330 1
11347 19618 10
2487 18157 1
11348 10553 2
9719 8145 1
6387 19618 2
3578 720 23
11349 11349 55
11350 11350 28
11351 19618 1
11352 12063 1
4857 6455 2
9499 17161 1
199 19618 4
904 7073 6
11353 16227 1
6138 19618 29
8186 8186 507
11354 19618 1
1162 9989 2
11355 19618 1
7917 15788 4
7419 19618 6
11356 19618 2
1780 19618 1
912 6761 1
11357 11357 20
8247 8247 60
11358 19618 1
770 1518 1
1168 19618 1
5914 1584 1
11359 11359 82
11360 11360 131
11361 19618 1
1236 10281 1
11362 423 1
11363 19618 1
637 637 800
908 14494 1
7548 7548 150
4858 9057 1
11364 11364 51
11365 19618 2
7993 13702 1
11366 19618 9
11367 11367 213
5401 5401 19
1878 1878 6
10181 16563 1
8974 19618 1
10499 13528 4
155 4141 14
7212 18161 1
9556 9858 1
11368 11368 18
7096 6178 1
5171 11158 1
2143 19618 99
7280 19618 46
11369 19618 1
9787 1463 1
5335 12334 1
8665 8665 113
5743 524 1
1287 19618 23
11370 11370 20
4580 4580 8
7929 2610 1
11371 11371 14
1398 19618 1
6480 15764 2
11372 19618 1
6049 19618 17
11373 12648 1
11374 11374 67
1389 207 1
11375 8144 1
11376 11376 27
11377 11377 71
11378 11378 140
256 256 1075
11379 2614 1
756 756 22
11380 3156 1
11381 11381 34
11382 11382 84
11383 19618 3
11384 19618 8
10107 10107 20
6761 6761 895
11385 19618 1
358 5583 2
11386 13962 2
8162 19618 2
11387 19618 2
11388 11388 30
11389 19618 1
6369 6025 1
6265 19618 75
11390 19618 6
4028 19618 21
11391 11391 55
4869 4869 11
3037 18235 1
11392 11392 9
3320 19618 10
11393 11393 471
3112 16560 1
1163 1552 1
9728 9728 316
190 190 221
2188 2188 38
11394 19618 1
11395 19618 2
11396 19618 1
11397 11397 385
11398 19618 1
11354 11354 8
11399 14332 1
1916 9198 1
5855 3547 1
9319 17101 1
980 19618 50
11400 19618 1
11401 11401 14
11402 11402 1439
10734 10734 52
11403 19618 2
11404 11404 59
11405 19618 1
1114 19618 39
2155 13927 1
11406 11406 496
5315 5315 109
11407 11407 74
4266 18370 1
1105 13425 3
11408 11408 16
248 17213 1
6616 6616 44
10447 18749 1
7291 12363 1
11409 19618 1
11410 11410 14
11411 19618 2
11412 19618 15
11413 9084 1
11414 19618 2
8173 8173 2
5994 947 1
1187 19618 52
441 13620 2
11415 19618 1
11321 19618 8
11416 19618 1
621 1741 1
8470 19618 24
1784 19618 1390
5039 19248 1
489 489 190
11417 19618 5
3661 2547 1
11418 11418 12
2993 2993 60
11419 11419 873
2456 9122 1
11420 11420 9
5030 4423 3
7336 19618 2
235 8988 1
4325 4325 423
461 3174 5
2583 1244 1
11421 11421 23
11422 19618 2
7293 1020 1
4227 4227 488
1220 5066 1
11423 11423 18
2434 16509 4
11424 11424 71
11425 12711 1
5554 5554 29
9580 7488 1
5902 15644 1
5029 12044 1
11426 17164 1
1049 10185 1
4960 1644 2
5152 3272 1
11427 11427 63
3701 19618 13
6375 9149 2
11428 11428 67
7843 7843 132
11429 11429 236
6532 229 1
11430 11430 31
617 19618 1
11431 19618 1
11432 19618 2
11433 19618 1
448 448 2
5504 5504 675
11434 11434 448
11435 11435 87
11436 19618 1
425 7104 1
7317 7317 317
11437 19618 3
11438 11438 60
11439 19618 14
11440 19618 1
11441 11441 442
11442 19618 10
3215 11663 1
11443 19618 3
1096 2561 2
11444 14456 1
4071 4071 5
9891 19618 1
11445 11445 43
539 2218 1
5238 5238 13
11446 11446 19
11447 11447 188
9166 8491 1
4747 19618 1
6127 16699 1
514 514 735
11448 11448 12
3797 15966 7
11449 19618 1
11450 19618 1
11451 19618 5
4304 2223 1
1809 18555 4
3373 17320 5
9475 1798 1
1773 9883 3
11452 11452 102
11453 11453 37
11454 13532 2
11455 18549 1
6757 9246 2
11456 19618 6
2155 19618 126
11457 11457 203
11458 19618 27
11459 19618 1
339 289 1
221 221 12188
2307 16350 1
544 2426 4
11460 19618 9
11461 19618 1
920 18958 2
11462 11462 20
4960 4960 4657
4309 4309 31
11463 19618 4
11464 19618 1
11465 11465 632
2276 19112 3
11466 19618 1
11467 19618 4
11468 19618 1
1486 2586 6
7804 18611 1
2494 15773 1
6490 19618 1
7709 19618 14
11469 2083 1
4647 4647 745
11470 11470 112
428 428 5428
11471 19618 1
11472 11472 14
10127 10127 404
11473 11473 23
10703 19618 2
442 19618 6
11474 9690 1
9255 9255 28
2685 19618 1
11475 19618 3
11476 19618 4
7916 19618 20
5950 12708 1
810 810 27
11477 19618 1
6937 6937 33
11478 11478 202
1009 19618 1
5358 5358 97
11479 19618 7
11480 11480 33
3679 3679 491
11481 15121 2
4851 6552 1
502 4052 12
7579 7579 235
11482 19618 1
2568 6522 1
3139 3139 5
6197 3493 1
4873 19618 9
11483 19618 7
11484 19618 1
348 348 128
11485 19618 1
9318 9318 2
11486 11486 4
6603 13113 2
8520 7410 1
11487 19618 3
2588 18736 1
9493 19618 10
11488 19618 2
11489 11489 1572
2205 5063 1
11490 12380 1
4897 19618 25
2653 4538 2
11491 19618 1
11492 19618 8
11493 19618 1
6892 4779 1
11494 19618 24
5423 5423 1452
11495 19618 2
11496 11496 367
11497 2440 1
11498 19618 1
2273 7001 2
1614 14384 1
5067 5067 37
11499 9880 2
11500 10999 1
11501 19618 5
11502 5464 1
4109 14974 7
11503 19618 10
11504 11504 591
11505 19618 1
11506 11506 160
645 645 56
37 11452 2
1631 8028 5
11507 11507 13
10497 10497 92
4033 1513 1
11508 18410 1
11509 19618 2
11510 19618 2
11158 19618 1
11511 19618 3
11512 19618 2
11513 11513 6
11514 19618 1
11515 11515 56
11516 19618 1
4631 4631 118
641 7022 1
4431 12204 1
11517 11090 1
7412 19618 22
4966 9827 1
3718 3718 913
11518 11518 170
4222 11226 5
406 10724 4
11519 11519 21
11520 11520 291
2298 15798 2
6009 6009 3446
11521 19618 6
11522 11522 33
11523 11523 6464
4891 12046 1
3553 3553 82
11524 19241 2
2114 19618 313
2974 8956 2
11525 11525 46
11526 11526 110
8454 8454 14
11527 19618 1
11528 19618 63
8964 8964 787
11529 19618 1
9522 9522 666
10541 10541 60
8079 19618 3
4600 18471 1
11530 11530 24
1899 1899 102
1661 699 1
7786 19618 3
1222 13238 1
1931 7860 1
11531 19618 2
9902 9902 6885
9998 8480 1
5287 5287 5
11532 11532 211
11533 19618 1
5006 19618 136
11534 9410 1
11535 3130 1
11536 11536 15
6932 19618 1
8379 8379 21
11537 19618 12
1114 13181 1
5018 19618 1
2630 14187 1
4680 4680 100
11538 7875 1
273 11950 1
8010 7623 1
11539 11539 7
6177 6177 9
11540 11540 94
11541 11541 93
59 8857 1
2566 19618 144
11542 11542 62
11543 19618 1
8703 19618 12
11544 19618 137
3732 3732 1107
11545 11545 83
11546 19618 1
11547 19618 2
1688 17731 2
11548 4043 1
11549 19618 2
11550 19618 1
11551 11551 821
11552 11552 154
11553 19618 2
4281 7912 1
11554 19618 1
3892 13653 1
6485 6485 5749
11555 19618 1
9039 9039 23
7328 19618 1
11556 19618 1
11557 11557 59
11558 11558 21
1856 1856 1260
11559 19618 1
5565 19618 5
11560 19618 3
11561 19618 1
486 1266 1
723 1496 1
10615 11808 1
11083 19618 1
9781 1617 1
4485 19579 3
4109 19618 472
3346 7452 3
9286 8199 1
11562 11562 253
11336 19618 1
11563 1366 2
11564 11564 214
11565 11565 5
8271 14497 1
3109 15904 2
11566 11566 166
11567 11567 59
11568 19618 1
1264 1264 4437
11569 19618 1
11570 11570 13
11571 19618 12
11572 11572 17
2769 19170 1
11573 19618 1
8240 19618 5
4989 16977 5
11574 11574 10
11575 2058 1
320 19618 1
11576 19618 1
11577 1369 1
11578 11578 63
11579 19618 2
912 4219 3
455 17229 2
11580 19618 1
5211 19618 9
5750 5750 2333
11581 19618 1
11582 8512 1
11583 19618 1
8858 15937 1
11584 19618 1
11585 11585 34
5072 17179 1
2772 18542 1
11499 17310 1
11586 11586 34
11587 19618 30
4060 4301 1
2022 2795 3
11588 11588 82
6426 7240 1
1136 7794 1
7449 7449 22
11589 19618 1
11590 4337 1
11591 19618 3
914 14954 1
11592 11592 2
9515 9515 433
11593 19618 1
10619 19618 8
11035 19618 15
11594 11594 22
11595 19618 6
8583 10693 1
6457 19618 20
11596 19618 1
1671 18320 1
11597 11597 38
11598 11598 23
11599 2423 1
340 6385 1
5123 19537 1
3236 19618 143
11600 8132 2
11601 19618 11
9961 19618 6
11602 11602 12
3069 9569 1
6170 6170 173
11602 19618 1
11603 19618 1
10593 10593 14
11604 11604 73
538 3274 4
4679 4679 1564
8434 8434 2
11605 11605 433
11606 19618 2
4254 19618 1
11607 1155 1
428 6167 1
11608 11608 16
11609 19618 3
11610 1895 2
11611 11611 188
6949 6949 129
11612 11612 16
11613 19618 3
11614 11614 269
11615 19618 1
9794 7303 1
11616 19618 2
11617 19618 1
2666 17479 1
3352 13084 2
11618 19618 2
2353 9130 1
11619 2306 1
11620 19618 2
985 985 2
3619 11782 1
8681 8681 3954
10443 19618 1
241 1307 2
2643 2338 1
1239 1010 3
11621 19618 63
11622 204 2
5288 5288 127
11325 19618 21
11623 19618 1
11624 19618 12
7964 19618 3
5742 19618 2
11625 2888 1
4141 13900 1
4822 19618 53
11626 19618 1
2890 19256 1
8203 17648 1
11627 11627 21
6713 6713 1002
7363 3348 1
11628 19618 1
5266 15884 1
5808 5808 4
7785 10588 1
11483 11483 204
1257 14784 1
11629 19618 3
293 4287 5
693 250 1
11630 11630 43
11631 19618 1
4109 245 1
8600 19618 6
7434 14279 2
9046 9046 35
5220 4306 1
11632 19618 5
4847 7108 1
753 17940 1
37 685 1
8421 19618 315
11499 9069 1
11633 19618 10
4324 8243 1
5330 5330 30
11634 11634 39
11635 19618 1
11636 19618 2
3926 3926 1319
1389 3966 1
11637 19618 2
11638 19618 12
1053 1053 655
7194 7755 1
6524 6524 869
6825 14499 1
3959 19618 11
11639 11513 1
7434 14026 1
11164 11164 39
287 2818 3
2906 11434 1
11640 11639 1
4473 19618 1
11641 17418 1
11642 19618 1
8582 13559 2
10621 10684 1
3228 14977 1
4811 7468 1
11643 19618 2
11644 19618 2
7323 3982 1
2499 2499 521
11645 11645 14
654 19618 1
11646 19618 3
11647 11647 51
9471 19618 1
11648 11648 43
1147 18813 1
11649 19618 4
7764 5044 1
2041 5764 1
11650 11650 502
2875 19618 1
11651 19618 1
11460 11460 243
11652 19618 10
11653 11653 6
1870 5224 1
8848 14895 2
2085 2085 658
11654 19618 1
9988 18533 1
10238 10238 19
11655 11655 89
9113 19389 1
3543 19618 10
11253 11253 18
11656 11656 6
1146 19618 13
6723 6723 95
8035 17451 1
166 6623 2
3287 8764 1
7922 19618 62
11378 3987 1
11657 11657 6
11658 11658 178
7086 7423 1
5914 2967 3
10621 10621 1019
4201 4201 390
4014 1498 2
2324 18498 1
4638 4638 84
11659 11659 321
11660 11660 519
11661 11661 32
11662 19618 3
3054 3054 739
2789 17482 1
3440 1727 1
6377 6377 72
11663 11663 6
2664 17718 1
10531 15780 1
8352 15156 1
1243 8895 1
11664 11664 114
11665 11665 9
4963 19618 134
2988 14025 2
11666 19618 1
11667 19618 2
8460 19618 2
11668 11668 1
11669 19618 1
6871 19618 1
11670 11670 17
11671 19618 3
4982 19618 1
4565 9007 2
11672 19618 18
4251 18585 2
11673 16140 1
11674 11674 11
221 19618 295
921 13925 2
1935 1935 1312
11675 19618 3
11676 11676 24
2332 1299 1
11677 19618 1
11678 19618 1
11679 11679 4
4519 14346 1
11680 11680 85
4400 19618 2
11681 16268 1
11682 11682 4770
7413 7413 18
1982 9754 1
520 3349 2
6231 19618 4
9278 5145 1
11683 5213 1
11684 11684 29
2537 2537 9523
4470 4160 3
6710 14887 1
11685 19618 4
10981 19618 1
2490 862 2
3653 3121 2
565 7845 1
11686 19618 1
11687 11687 15
11688 19618 3
1504 2308 1
2117 2117 7
9011 17187 1
11289 11289 96
11689 11689 11
250 11915 1
2643 10200 1
11690 19618 1
7390 6483 2
10415 19618 1
7258 7258 77
11691 19618 1
10542 15385 1
11692 19618 2
1953 1953 264
6954 8882 1
3466 4483 1
11693 11693 9
10884 19618 1
3715 19618 5
9580 9580 7791
10966 10966 691
1725 1725 13084
11694 11694 417
11695 8944 1
9510 11989 1
9096 17349 1
845 4078 2
11696 11696 28
7002 1533 1
2951 19618 1
8586 8586 137
11039 11039 332
11242 18852 1
8679 8679 1
11697 19618 10
5332 19618 1
11698 19618 1
11699 11699 9
2390 19618 39
3990 19618 1
11700 11700 141
964 14282 1
10749 6269 1
11701 143 1
11702 14793 1
5653 7982 1
7477 7594 1
676 8785 1
1953 17873 1
9874 9874 652
11703 11703 2
2192 2192 23
11704 11704 124
11705 11705 50
561 16166 1
1730 19618 2
7658 19618 6
11138 11138 6
2077 19618 6
2294 2294 161
11706 14023 1
11707 19618 9
11708 11708 149
8920 19618 1
11709 19618 1
9147 9147 3584
3224 19618 20
4334 11935 1
1350 19618 1
7820 19618 21
2861 14500 1
6947 19618 166
11710 11710 19
10183 45 2
658 19618 5
2765 12467 1
11711 19618 5
11712 11712 2
5413 5413 132
11713 11713 2983
4141 1784 2
5080 18818 2
7381 6595 1
5096 19618 9
3605 19618 7
8508 19618 22
11714 19618 7
11715 19618 6
11716 19618 3
11717 19618 1
11718 11718 24
11719 11719 236
2992 19618 1
11720 19618 1
11721 11721 317
11722 11722 1069
1672 3500 1
9086 14479 1
11723 19618 1
11428 19618 3
11724 11724 5
10335 4299 2
11725 1804 2
11726 14791 1
1067 18166 10
11727 19618 3
309 17581 1
9173 19618 1
11728 11728 6
4057 5593 2
9548 2473 2
2902 19618 53
9567 17348 1
11729 19618 4
9083 9083 354
4551 4551 2080
4474 116 1
2754 81 1
5057 826 3
4759 16306 1
6740 11112 1
11730 19618 1
9951 9951 1
29 19618 46
11632 10092 1
4224 15615 1
11731 19618 1
11732 19618 1
4894 4894 1184
11733 19618 2
11734 19618 5
10194 4928 1
11735 11735 24
11736 19618 1
9363 19618 6
4468 4468 5234
10183 16380 1
11737 19618 1
7609 7609 70
1561 8289 1
11738 19618 1
5048 488 1
8845 2896 1
11739 19618 6
829 14981 1
1538 7330 1
11740 19618 1
9147 1300 1
11741 19618 2
11742 5533 1
6319 19618 1
9413 9413 217
1429 19618 1
11743 19618 1
11744 19618 3
11745 19618 7
1148 6175 1
11746 19618 5
4065 10763 1
11747 19618 1
8261 4171 1
8805 19181 1
5590 15222 1
11748 11748 1
383 2793 1
3817 3817 7
3797 6169 9
11749 11749 3
11750 11750 53
4525 4525 12
7834 19618 13
4174 4174 1093
11751 19618 2
9885 648 1
11752 11752 47
11753 11753 79
8242 19618 5
11754 19618 1
2135 19618 8
11755 19618 2
7947 19618 15
2382 19618 13
634 16431 2
11756 11756 6
309 16625 2
5720 16158 1
11757 11757 133
11758 19618 3
1930 19618 1
3845 13872 1
5531 12569 2
11759 8 1
6962 6962 4290
11760 11760 2
1399 19618 1
737 12111 1
11761 11761 469
11762 19618 1
11763 19618 9
9538 19618 303
9325 14561 1
4685 16454 1
11764 11764 402
11765 11765 6
9944 17737 1
11766 11766 3
11767 11767 52
3503 2104 1
11768 19618 1
1792 19618 34
11769 19618 1
931 2826 1
6497 19618 11
2482 15911 1
7653 11347 4
11770 11770 6
1022 9957 2
11771 19618 5
5323 5323 337
11772 11772 20
11773 11773 3
11774 19618 8
11775 19618 6
11776 19618 1
4707 19618 18
11777 2861 2
1051 12398 2
11778 11778 26
2351 2351 1885
4025 13456 2
7756 19618 1
11779 19618 1
3920 19618 11
11759 15122 1
7173 15115 1
3683 19226 1
3840 6920 1
10239 10239 179
11780 19618 1
11781 19618 3
7340 12335 1
11782 11782 15
3316 19618 3
5456 19618 7
1428 9901 1
5177 5177 50
3910 19618 1
1754 14242 1
6212 19618 1
1732 1732 86
2211 13902 2
11783 16033 2
415 19618 7
1636 1636 25
11784 19618 2
2772 12018 1
2110 2110 192
59 12530 2
1326 19618 25
6326 6326 6245
244 16327 1
8050 19618 12
6743 5761 1
78 78 306
11785 6791 1
4083 19618 9
11528 18804 1
11786 19618 1
3111 4852 1
11787 11787 9
5807 5807 43
11788 19618 1
11789 13216 1
11790 19618 1
928 928 21
11791 19618 7
9224 19618 17
9596 19618 65
921 778 5
7406 14456 1
4778 696 1
11792 19618 1
1211 9673 1
10373 10373 316
106 15624 1
11793 19618 1
11794 19618 3
298 298 4193
9619 9619 58
11795 19618 2
8696 4706 2
11796 19221 2
2393 19618 11
11154 11095 1
250 5297 53
4479 15016 1
3526 14414 2
8995 4088 1
11797 19618 2
11798 19618 3
3702 3894 1
7820 18609 1
5360 14513 2
11799 19618 11
11800 11800 98
11801 11801 106
11802 19618 1
2203 1958 3
9094 19618 1
1003 1003 21421
3366 3366 618
929 5741 1
11803 18877 1
11804 10905 1
4768 16237 1
4634 6184 1
187 8741 1
11805 17669 1
4573 19618 2
11806 19618 1
11807 19618 6
4576 17985 1
11808 11808 70
2255 12287 2
10607 19618 2
10287 10287 2
11809 11809 18
8572 8572 21
4047 1095 1
7915 19618 7
11810 11810 45
2465 6954 1
11811 12284 2
8443 8443 8
11812 19618 7
10193 10193 43
11118 19618 1
11813 11813 1122
7200 19618 1
8752 8752 2
11814 19618 1
7054 7580 3
5928 813 1
8271 8271 96
11815 19618 1
11816 11816 95
11817 11817 33
11145 11145 28
11818 19618 1
1895 12704 2
3871 15597 1
8304 3662 2
11819 19618 1
866 19618 70
9842 13154 1
11820 19618 2
66 19618 3
11821 11821 119
11822 19618 2
1436 9974 1
1008 1008 3373
11823 19618 9
1825 19618 5
6847 6847 229
4201 9131 1
11824 19618 1
3478 19618 2
11825 19618 3
11826 11826 17
11827 11827 71
11828 19618 1
11829 11829 95
11830 19618 4
8718 8718 1340
11831 11831 135
6023 12581 1
2155 9008 1
1321 1321 216
11704 19618 3
11080 11080 91
11832 19618 1
11833 19137 1
1506 1506 68
6376 3452 1
1501 11686 2
8957 8957 6
11834 19618 2
11835 19618 1
11836 19618 5
11837 2939 2
11838 19618 1
3022 3022 5412
1176 2128 3
11839 11839 140
11840 11840 1248
970 2144 3
11841 720 1
11842 19618 1
9589 19618 1
8392 12127 1
1209 17850 1
11843 19618 4
2666 11657 1
11844 11844 27
3446 14005 2
11845 19618 4
10562 19618 1
11846 19618 4
11847 11847 4
4056 4350 1
11848 11848 3
8550 19618 1
6286 425 1
9929 8081 1
10461 19618 2
2379 19618 14
11500 19618 52
6426 11174 1
11330 11330 19
7363 13977 1
8392 16258 1
9650 9650 41
10348 9538 2
1931 1207 2
11147 19618 1
11009 19618 23
4081 4081 112
2202 2202 1
8868 14297 2
8239 18926 1
659 19465 1
11849 5130 1
8199 19003 1
5016 5525 1
212 12308 1
11850 15189 1
11851 2356 1
735 3732 1
3348 19618 2
11852 11852 172
8714 19618 6
625 625 31
6026 9263 1
10897 19618 1
11853 19618 2
11854 19618 1
3637 3637 73
11855 11855 15
1699 8173 1
439 351 1
5372 5372 239
3868 3868 1559
9807 9807 33
5845 19618 2
11856 11856 120
11857 8329 1
11600 11600 388
11858 11858 13
1290 2174 2
6711 19618 30
6353 2225 1
7839 19618 4
11859 11859 71
11860 11860 5110
11861 19618 1
11862 11862 8
11863 11863 2
2569 11591 2
11864 19618 4
11865 11865 12
11866 10975 1
11038 11038 17
11485 11485 6
11867 19618 1
11868 17887 1
11291 19016 1
4065 165 3
862 1100 1
10521 8824 1
4482 4482 70
11869 11869 13
4279 4279 34227
11870 11870 49
9969 9969 33
1405 18859 2
2076 14170 1
11871 19618 2
11872 19618 2
9609 9609 881
224 6133 1
10321 19618 2
11873 11873 257
1690 13322 1
11874 11874 2
1347 1347 1595
11875 19618 1
11876 19618 2
11877 11877 4
11458 11458 890
11878 11878 123
3589 12676 2
5914 8858 1
11879 9150 1
9052 19618 18
10511 3434 2
8248 19618 15
4894 9732 1
6036 19618 2
740 19618 1
11880 11880 17
11881 11881 5
5321 19618 7
9092 19618 1
931 12621 1
11882 19618 1
11883 11031 1
1815 15093 1
4599 19618 168
11884 19618 1
10067 10067 132
11885 18894 1
11886 19618 2
2217 19618 1
11887 11887 8
11888 19618 8
6710 7215 2
11889 8228 1
5616 5616 9
11890 19618 4
4603 145 1
11891 11891 441
7266 7266 55
11892 19618 3
11893 19618 5
11894 19618 333
433 10958 2
2308 10971 1
5016 13707 1
8681 5427 1
11895 11895 9
11896 11896 2
1707 14701 1
1051 19599 7
3001 7707 1
1475 302 2
11897 11897 755
10086 9197 3
2718 4060 4
9875 11688 3
11898 11898 5
11899 11899 3
619 12663 2
6975 1736 2
4616 4104 1
11900 19618 1
8741 8741 43
11901 19618 1
3663 9386 1
11902 4476 1
1082 13110 1
11903 11903 29
11904 6325 2
3677 477 2
11905 19618 1
11487 11487 125
11894 11894 12125
1548 7187 3
11906 11906 423
5937 1138 1
7228 7228 9
3503 12974 2
1377 12324 1
1162 12049 2
8708 17030 1
1483 19618 60
4905 3614 1
11907 19618 1
11908 19618 1
539 18616 1
1097 19618 21
1144 19618 1
1372 1207 1
11681 11681 352
7467 19618 5
5511 5511 347
11909 11909 19
11910 19618 2
5066 5066 39
11911 19618 2
7634 7634 88
2411 19618 5
5367 19618 148
8059 4234 1
4973 5448 3
10397 14894 1
11912 19618 3
11913 11913 280
7127 18552 1
8825 8825 193
2448 5562 2
11914 9032 2
6975 6975 2474
11915 19618 1
11916 1634 1
1308 5735 1
791 5526 2
6495 1846 2
3655 19618 4
4526 6153 2
558 19618 11
112 8498 1
9540 14601 1
11917 19618 4
10278 13757 2
890 10620 1
9917 19618 2
6256 19618 4
11918 19618 3
3956 3956 15
11919 11919 26
8063 8063 2
11920 19618 1
11921 19618 1
11922 11922 125
7561 19618 19
8243 19618 9
9219 9219 28
11923 19618 1
11924 11924 152
7189 7189 2
11925 19618 1
11926 19618 1
11927 19618 1
3215 7467 3
298 16422 1
11928 19618 2
1110 19618 1
3084 12892 1
10535 866 1
11929 19618 2
9125 9125 1350
11843 12241 1
11930 11930 618
3331 19618 21
9429 9429 8187
11931 19618 1
11932 14624 1
7003 7003 1174
11933 11933 7
11934 11934 107
11935 11935 13
11936 19618 7
4524 19618 2
11937 11937 69
11938 11938 182
11939 11939 837
4140 12763 1
1409 4260 1
7761 7761 3
11940 4978 1
11941 19618 3
433 15554 2
3585 19321 2
2593 2331 1
9702 9702 77
11942 15212 1
11943 8175 1
3853 13870 2
67 67 889
4657 11166 1
2967 1357 1
11944 11944 14
4932 4932 600
5030 6639 1
11945 11945 60
11946 11946 26
6781 12697 1
11947 11947 53
2902 16219 1
559 15246 1
11948 19618 3
5353 11157 1
11949 4481 1
3740 3740 41
5233 19618 1
9410 9410 92
3299 7910 5
11950 11950 97
1049 11400 1
11682 1221 2
11951 11951 1038
11952 11952 398
3639 3639 183
11953 11953 96
11954 19618 1
1220 4003 1
7447 12877 1
1802 19618 2
11955 19618 1
7539 8692 1
11956 19618 1
4634 4634 31971
11413 19618 6
2244 6374 3
8444 11322 1
4315 7335 2
6326 2967 1
8946 3846 2
11707 11707 316
11957 11957 10
11958 11958 45
8654 8654 418
8987 19618 1
150 14988 1
117 19345 1
11959 11959 1
11489 19618 36
11960 19618 1
1285 9123 1
11961 11961 2
11962 19618 24
1862 14572 2
5329 16145 1
11963 19618 9
11964 11964 17
201 10365 1
8967 8967 400
648 10959 1
9174 9174 23
7281 10689 4
1805 19618 2
11965 11965 26
11966 11966 67
6405 6405 11
11967 11967 13
10229 19618 1
11968 19618 1
3156 19618 42
552 7000 1
4684 4684 132
11969 11969 51
6510 19618 195
28 6937 1
11970 19618 1
7844 7765 1
11971 11971 5
5057 2121 5
6342 6342 37
11972 19618 1
11973 11973 235
1276 11873 1
8126 8126 3304
11974 19618 2
11975 11975 35
2384 19618 33
11976 11976 29
11977 9897 1
5314 19618 1
6876 1733 8
11978 11978 57
11979 19618 3
11411 13466 1
4963 9447 1
2398 13065 1
4603 6283 2
3739 3739 870
2159 19618 1
11980 4764 4
11981 19618 1
8408 19618 1
11982 19618 52
1866 14647 1
4942 4942 2261
11325 11325 763
11983 19618 1
4124 12418 1
9902 14285 1
1311 8248 4
7058 19618 1
11984 11984 8
11985 19618 1
344 17324 1
702 10427 3
2239 11456 1
11986 11986 3
11987 19618 3
11988 3777 1
8956 8956 1060
11989 19618 1
11990 11990 29
11991 19618 1
11992 11992 336
2964 2964 757
10941 3762 1
11993 19618 1
11994 19618 8
1607 1607 17
11995 19618 1
11996 11996 87
11997 19618 3
7020 19618 18
7540 19618 76
5054 19618 21
145 1399 1
11998 19618 1
11373 19618 14
2861 1530 1
4918 19618 16
1060 2234 2
3913 4914 1
9550 8530 1
1171 1171 627
11999 11999 67
12000 12000 3
12001 12001 1
12002 19618 1
12003 15053 1
12004 13189 1
7557 2824 2
2891 6083 6
1631 12020 1
3519 3519 1580
12005 19618 1
1100 19618 4
2823 10283 1
776 776 849
12006 19618 1
4598 19618 5
3996 19618 99
4178 4178 63
12007 12007 43
12008 19618 1
12009 19618 1
12010 12010 2
9345 151 1
51 10817 2
9794 18121 1
3697 19618 3
12011 19618 11
10175 19618 1
709 19618 2
3141 19618 9
12012 9740 1
1602 1602 4
2089 2089 13
858 9572 1
1536 2143 1
1254 1254 25
12013 19618 1
948 3992 1
12014 19618 3
12015 19618 5
12016 12016 167
1534 19618 1
12017 12017 7
12018 19618 1
6626 19618 3
12019 12019 58
12020 10692 1
12021 12021 45
12022 6070 1
1828 2632 2
8626 8626 281
7281 17375 1
9988 3696 1
2178 4787 1
10306 10755 1
11363 11363 74
1445 1445 8989
12023 9956 1
12024 12024 603
1665 6414 1
1977 19618 1
11866 10143 1
12025 4965 1
12026 12026 147
12027 19618 1
1752 18273 2
2566 13868 1
4599 4599 7688
12028 12539 1
12029 19618 1
12030 19618 1
2883 19618 4
10183 19618 87
1137 1433 1
4129 11561 1
9828 9828 364
5804 6847 3
12031 8881 1
5783 19618 1
7038 8219 1
12032 19618 2
6693 6693 897
11072 19618 1
12033 19618 1
1169 19618 59
12034 19618 7
12035 12035 13
12036 1202 1
12037 16829 1
1297 12116 5
6225 19618 2
10885 10885 18
1699 1699 1471
12038 12038 6
12039 12039 4
12040 19618 2
12041 14809 1
12036 6079 1
2614 15815 2
12042 12042 356
8230 19618 2
105 13367 3
7295 7295 63
12043 19618 1
2487 2922 1
11541 19618 3
12044 12044 12
12045 12045 30
7993 7993 1192
12046 19618 2
9937 3879 1
3588 25 2
8037 8037 1619
415 9408 1
12047 10204 1
4567 11413 1
1487 1487 26
12048 19618 1
12049 19618 3
299 14636 1
12050 12050 9
3380 19618 17
12051 16505 1
12052 12052 12
11967 19618 1
8857 19618 1
12053 12053 20
12054 19618 1
12055 19618 1
898 19618 22
6637 10118 1
1895 15159 2
12056 12056 303
3702 1574 1
12057 12057 11
12058 12058 8
8496 8496 48
12059 19618 1
1701 17236 2
12060 19618 1
12061 19618 1
12062 12062 11
12063 12063 116
12064 12064 2
280 280 4
2817 2817 2
1450 6473 3
12065 19618 1
4630 4310 7
3128 19618 5
4220 4220 161
533 16178 1
6236 6236 1
40 6856 1
12066 19618 5
643 643 22
12067 19618 1
11051 1246 1
516 7710 1
4545 4545 10
12068 19618 1
2255 16887 2
11906 19618 12
5043 5043 3772
12069 19618 2
4922 19042 2
12070 12070 19
12071 19618 1
272 272 16
12072 11776 1
734 490 1
1475 11625 4
2787 2699 1
12073 19618 2
2856 19618 1
12074 19618 1
12075 19618 4
7721 7247 1
12076 12076 27
4685 17397 1
467 3247 1
12077 19618 1
10942 19618 1
4359 19618 1
9187 19618 1
7551 19618 1
12078 19618 1
12079 19618 1
478 7991 4
3108 19618 17
12080 14952 1
11241 9389 1
12081 19618 1
12082 12082 3
6814 6460 2
243 17767 2
1876 706 2
2863 2516 1
7936 19618 28
12083 19618 1
2653 13665 2
2239 2239 862
12084 19618 1
4437 19063 1
8413 2863 1
12085 19618 2
10324 10324 1247
4011 17565 1
3669 19618 9
12086 10640 1
1926 1926 1703
12087 12087 14
741 13276 1
3218 6773 2
2825 19618 2
4842 19618 5
8276 19618 2
11291 19618 21
12088 19618 1
12089 12089 8
6429 13228 2
3838 19618 51
1677 16947 1
2866 19618 2
11877 19618 1
12090 19618 5
5537 5537 160
8657 3119 1
12091 19618 1
12092 19618 8
3215 6370 6
12093 19618 1
6821 6821 311
7650 7650 16
9266 9266 59
12094 19618 1
1428 2681 6
10504 19618 5
1547 19618 78
12095 8739 1
12096 19618 2
12097 12097 163
4323 6123 1
7051 15870 1
11643 11643 29
10019 19618 11
1045 2559 2
8508 10964 1
12098 12098 143
12099 19618 12
5088 2188 4
12100 12100 9
1249 1249 41
12101 19618 4
12102 19618 1
12103 12103 15
12104 18621 1
11018 15030 1
1752 1752 2251
12105 19618 1
874 19618 12
10054 19618 1
1203 16297 4
3387 19618 1
3913 4430 6
12106 19618 5
12107 19618 1
4430 3541 1
12108 12108 186
12109 19618 1
12110 12110 262
12111 12111 74
12112 12112 2
12113 19618 22
12114 12114 47
12115 12115 14
8340 8340 620
1907 10064 1
12116 12116 166
250 17268 1
2099 13638 1
1978 13082 1
2233 19618 8
5062 5062 503
10051 19618 1
1757 19618 14
10588 19618 10
12117 12332 1
1694 19618 1
12118 19618 1
4190 4190 331
12119 19618 2
12120 7167 1
12121 12121 18
3156 16533 1
12122 16927 1
12123 12123 305
2961 3112 1
12124 19618 5
12125 19618 32
720 8062 9
4296 4996 1
12126 19618 1
4080 19618 1
9411 4501 2
1830 1830 2739
12127 19618 1
10506 19503 1
12128 19618 1
9507 9507 17
5588 5588 728
4442 19618 4
6507 19618 10
961 961 5303
12129 19618 1
8169 19618 2
12130 19618 1
6979 13598 1
8059 19618 8
12131 19618 2
12132 19618 1
7497 7497 51
12133 19618 1
8750 8750 14
12134 19618 3
12135 19618 2
12136 19618 1
11902 11902 190
12137 12137 19
7474 19618 43
4015 9550 3
845 3369 1
4279 17982 1
6397 6113 1
9502 9502 11
12138 19618 1
12139 19618 4
12140 19618 4
12141 12141 268
12142 19618 3
12143 19618 5
12144 12144 25
1698 10945 1
8695 8695 563
3737 10898 1
4481 4614 3
1796 12698 2
12145 19618 2
10134 19618 1
5109 611 1
12146 19618 1
5590 12544 1
12147 12147 100
6613 17772 1
8450 6005 1
10610 10610 56
8505 19618 1
1170 12428 3
12148 19618 3
12149 19618 7
12150 12150 20
9896 19618 28
12151 12151 185
6392 19618 1
12152 12152 90
12153 12153 69
753 11372 1
12154 12154 4
1135 15283 2
12155 12155 1
12156 19618 6
8203 8203 1673
312 19618 45
4885 17111 1
1672 7497 1
12140 12140 163
7731 14878 1
3197 19618 1
10785 1410 1
4224 4224 16671
7303 19346 1
12157 12157 35
8725 19618 1
3237 16198 1
12158 12158 1181
6488 6721 1
12159 17935 1
1442 12338 1
8657 10434 1
12160 13547 1
4355 19618 1
9217 9217 46
8024 8024 48
11277 19374 2
4381 4381 11508
12161 19618 2
698 698 62
9669 9669 225
7281 12101 4
2846 14609 1
12162 19618 1
4560 4560 11
2308 7540 6
10157 10157 58
670 13204 1
12163 19618 1
908 18728 6
9249 9249 32
12164 19618 1
2650 3745 2
12165 19618 1
12166 19618 4
10845 10845 18
12167 12167 385
12168 11676 1
12169 12169 200
964 6526 2
4683 6435 1
12170 19618 2
9549 9549 2
7306 7850 1
12171 12171 12
4763 11004 1
12172 19618 3
12173 17577 1
12174 100 1
1389 3251 3
7724 19618 1
12125 2584 1
10650 19618 4
12175 12175 29
12176 12176 24
12177 19618 2
8272 1635 1
12178 19618 28
5594 19002 1
11590 691 1
7894 18751 1
12179 19618 1
1220 1220 4893
621 1441 8
12180 6810 2
3496 3496 12
12181 12181 6
12182 12182 181
12183 12183 323
12184 12184 1
5765 6485 1
5094 18484 1
3925 1902 1
12185 19618 1
4203 19618 29
6735 6735 2125
3912 8916 1
3789 19455 1
12186 19618 1
12187 19618 7
2130 18200 1
107 11812 6
12188 12188 238
10140 19618 26
1389 17591 1
12189 19618 10
11295 19618 49
12190 12190 284
9145 19618 1
12191 19618 1
9063 18729 1
12192 18939 1
1243 15371 1
12193 19618 2
12194 19618 4
1809 4261 5
5672 13973 2
7728 2823 1
8061 19618 1
12195 19618 11
12196 12196 56
10694 10367 1
12197 12197 186
674 674 16
12198 19618 1
1960 17251 1
9642 9642 9
12199 12199 459
12200 19618 2
2895 12984 1
365 7871 2
3321 19618 1
9519 15040 8
6702 17956 2
12201 19618 1
6610 2277 2
12202 12202 330
10001 10001 267
12063 13331 1
12203 19618 1
5180 5180 4202
3530 2531 1
12204 12204 3
6933 17948 2
9042 14518 1
4283 19618 2
5115 7542 1
11747 11747 16
12205 12205 270
8184 19618 2
11489 7444 1
2155 16657 2
2766 19618 4
12079 12079 84
12206 19618 1
5490 11836 2
12207 12207 1191
10967 19618 3
7513 19618 1
6495 19618 93
12208 12208 2
12209 12209 29
5922 12265 1
12210 12210 65
12211 19618 1
12212 19618 1
12213 17316 1
12214 19618 11
12215 12215 54
7412 6018 1
12216 19618 13
12217 12217 173
12218 19618 3
5198 17122 1
12219 12219 39
12220 19618 1
368 19618 7
11442 11442 372
11854 11854 13
12221 19618 1
705 11207 1
28 10719 1
12222 19618 2
185 185 574
12223 19618 1
2257 8718 1
243 17247 1
12224 19618 1
12225 19618 7
12226 19618 2
3100 3100 33
12227 367 1
12228 12228 1
12229 19618 1
12178 9347 1
9580 13987 2
12230 19618 27
12231 12231 36
1978 8851 2
12232 12232 54
11404 18748 1
12233 19618 1
2009 11450 1
372 13170 1
4132 18676 1
12234 19618 1
1482 19618 33
5928 10918 1
12235 19618 1
12236 12236 13
6761 19618 20
5180 2387 1
6526 6484 1
5812 19549 1
12237 12237 174
12238 19618 14
790 18270 1
12239 12239 215
10544 10544 132
12240 19618 1
12241 12241 4
919 16984 1
12242 19618 2
5361 7808 2
4364 19618 57
5646 5646 5
2176 15984 1
3502 19618 16
11019 19618 1
11427 19618 2
12243 19618 1
5581 19618 3
12244 12244 742
3444 17279 1
1377 19618 14
4462 5535 1
12245 4235 2
12246 12915 2
7445 15898 2
12247 19618 7
3294 19618 1
12248 12248 16
12249 19618 1
12250 12250 7
8717 17642 1
1481 1481 24
12251 12251 76
12252 12252 7
613 19618 6
8899 624 1
4763 5408 1
12253 19618 1
1306 5982 2
12254 12254 116
10896 19618 3
12255 19618 2
12256 19618 5
7738 19618 5
9105 19618 6
11186 18730 1
12257 19618 5
12258 19618 6
3327 2245 1
6666 6666 279
3588 9162 1
12259 19618 2
4610 12739 1
12260 19618 1
12261 12261 15
12262 12262 5
281 379 1
2672 6634 1
6429 5772 1
12263 12263 36
12264 12264 14
12265 12265 12
8011 19618 12
9307 9307 294
12266 12266 96
858 16795 1
12267 19618 1
12268 12268 12
11548 7750 1
2983 10146 1
224 2242 16
12269 19618 1
544 3767 8
970 6442 1
12270 19618 21
10349 10349 47
8180 19618 80
9580 1761 1
5709 15747 1
12271 12271 13
12272 12272 20
3330 12119 2
12273 12273 36
4989 4989 28949
4156 16540 1
1524 19618 3
12274 15098 1
5053 10174 1
12275 12275 3
5422 5422 5320
7289 12090 3
12276 19618 1
4485 17200 1
12277 19618 5
1946 19618 7
10464 3808 1
12278 19618 2
11359 19618 2
12279 19618 18
12280 12280 184
12281 12281 9
2415 2415 145
8742 8742 59
12282 12282 14
1195 1195 41
11264 11264 993
1679 4227 2
3175 19618 1
1021 3620 1
12283 19618 1
12284 12284 3354
9385 10701 1
7821 16404 1
12285 19618 1
7590 15096 1
3102 3102 26
1034 9273 1
12286 12286 462
561 10577 1
12287 937 1
7447 966 1
12288 19618 1
1380 1380 166
12289 2395 1
4671 12304 1
12290 4931 1
8455 18011 1
391 5614 1
12291 19618 5
12292 12292 6
12293 12293 218
7 11539 1
12294 6799 1
12295 19618 1
12296 12296 422
12297 12297 75
8154 3786 1
10952 10910 3
786 19618 29
995 13660 3
12298 19618 5
5887 5887 707
12299 19618 15
3372 19618 27
3279 19618 83
1664 3196 1
12300 12300 46
12301 19618 1
4587 4587 708
12302 19618 3
1954 1954 57771
12303 19618 7
1218 11084 10
68 12226 2
12304 19618 2
1126 9597 1
12305 12305 51
12306 12306 28
10991 10991 104
8983 8983 618
12307 19155 1
12308 12308 5
12309 19618 6
5564 5406 1
12310 19618 2
12311 12311 98
3569 19618 1
12312 19618 1
12313 19618 1
12314 19618 1
248 248 160
12230 18318 1
12315 19618 3
3758 19618 2
5970 10009 1
12316 523 2
12317 19618 5
7635 19618 1
5094 17529 1
7999 452 1
12318 19618 4
11987 11987 82
501 13434 3
10631 19618 1
1102 1102 812
3405 2431 1
12319 11030 1
3570 18832 1
1220 11992 2
12320 19618 1
8266 8266 4
138 138 51
3171 3171 97
12321 12321 37
12322 12322 8
6285 19618 1
12323 12323 14
11317 11469 1
3850 19539 1
12324 19618 1
12325 12325 9
12326 12326 28
4197 19618 28
12327 14487 1
12328 12328 5
509 7403 1
2691 19618 1
12329 19618 1
9115 9115 253
12330 11530 1
12331 19618 1
3679 19618 9
12332 19618 1
12333 12333 42
6537 8548 1
247 1995 1
4264 16663 1
12334 12334 113
4209 4209 250
12335 19618 1
2369 2500 2
12336 12336 145
3942 3942 2
4943 6232 4
12337 19618 1
12338 19618 1
12339 12339 60
4519 19618 255
8041 1416 1
8003 8003 288
677 5186 1
5966 19618 2
12340 12340 71
12341 19618 22
12342 15209 1
12343 19618 1
6772 8320 2
12344 19618 1
2792 2792 693
6376 11483 2
12345 12345 7
12346 19618 1
1557 15529 1
12347 12347 7
2161 6335 1
7961 112 1
2804 4435 6
12348 12348 69
4715 6818 1
8512 7559 2
4542 4542 231
12349 19618 1
12350 12350 175
6566 6566 65
12351 19618 1
2813 10286 1
12352 12352 9
2462 2462 8298
3660 3660 61120
4657 14689 1
7212 7212 1500
9504 9504 181
11167 9027 1
12353 495 1
12354 19618 1
10577 10339 1
6931 12424 1
12355 86 1
12356 19618 1
12357 19618 6
7906 19618 2
12358 12358 119
12359 19618 1
5865 16296 1
11004 15783 1
2484 8044 1
12360 12360 7
2771 3083 1
8147 8147 72
4873 8999 1
6736 6705 3
5367 9750 2
5205 5205 3
3163 3163 121
12361 10741 1
12362 19618 1
12363 19618 3
2049 4784 2
12364 12364 34
5876 7591 1
1907 7612 7
9273 9273 79
12365 12365 19
12366 12366 9
12367 12367 107
12368 12368 42
2465 2465 1004
12369 14651 1
2076 5577 3
2903 18380 1
9722 19618 2
6680 3682 1
12370 19618 8
9330 19618 1
3776 7770 1
8702 9643 1
153 19618 2
12371 19618 1
12372 19618 13
11619 6423 1
12373 12373 638
9586 9586 102
12374 12374 16
6330 19618 1
12375 12375 125
10744 10744 95
12376 12376 145
3398 19618 7
2211 6246 2
11761 19618 9
12377 19618 1
12378 19618 1
4290 19618 1
676 8708 2
12379 12379 1272
12380 15254 1
3503 9328 2
733 17027 1
1218 18080 1
12381 19618 2
512 7393 1
12382 19618 2
12383 15242 1
3619 10049 9
969 2955 1
12342 12342 40
12384 19618 11
6388 5529 2
9997 9997 728
12385 12385 94
6825 453 5
12386 19618 22
12319 6679 1
1516 19618 2
11944 19618 1
10118 10118 5
12387 19618 3
6879 12575 1
12388 19618 1
7196 10580 2
12389 19618 4
12390 19618 1
12391 19618 5
2434 13125 1
12392 19618 1
12393 19618 1
8199 19618 67
12394 12394 1
5171 5171 1053
9147 8207 1
12395 19618 11
4378 1859 1
391 8482 1
6781 19618 101
12396 19618 20
1715 7304 2
1198 1964 1
12397 12397 142
8268 19432 1
7194 7194 1192
12398 19618 13
12399 19618 1
26 341 2
3498 159 1
12400 12400 273
6327 6327 135
12401 19618 1
6406 10102 1
6793 6793 345
12402 12402 3
11242 1912 2
4224 11217 3
12403 17580 1
8833 8833 9
6309 4094 1
12404 12404 7
4802 16375 1
3816 16005 1
3585 3585 3435
778 2923 8
12405 19618 2
10106 8474 1
12406 19618 1
6990 6990 27
1779 5102 3
428 1377 2
12407 2637 1
12408 12408 72
12409 19618 6
8198 10947 1
12410 19618 1
12411 19618 1
10469 19618 1
2749 6749 1
11574 19618 1
11889 16402 1
12412 19618 1
12413 19618 1
4890 16186 1
12414 19618 1
12415 19618 2
12416 19618 1
2650 9495 1
3442 19618 174
6665 6665 19
2224 2944 1
5255 8250 1
12417 19618 35
12418 19618 1
2246 6696 1
12419 11271 1
12420 12420 3
7580 4500 1
6526 19418 1
2482 4143 2
11592 19618 1
12421 12421 1151
1707 2108 20
8851 8851 253
11300 9413 1
117 117 4815
7205 7566 1
12422 19618 3
10311 10311 48
12423 19618 1
732 8843 1
9192 19555 1
7494 19618 1
222 5001 1
12424 19618 1
6682 17139 1
2669 2669 6390
9147 12709 1
12425 12988 1
12426 19618 2
261 6403 3
12427 19618 2
9029 10771 3
10847 19618 1
1779 17018 2
621 8434 1
12428 19618 7
4890 1549 1
5353 13932 1
12429 19618 1
4287 18647 3
12430 13601 1
12431 14897 1
401 13137 2
2675 5179 1
12432 12432 6
5341 5341 48
12433 12433 91
72 8449 1
7288 19336 1
12434 19618 1
11625 19618 7
12435 19618 1
12436 19618 3
5071 19618 5
1058 12079 2
12437 19618 2
2735 11267 1
2003 12556 1
428 13535 3
3382 19618 1
8674 19618 10
1093 19618 75
12438 12438 15
577 6702 3
12439 19618 1
9049 19618 1
4660 1517 1
9516 18029 1
12440 12440 6
12441 19618 1
4153 4153 43
6942 8577 1
12442 19618 1
9003 675 1
12443 12443 8
12444 19618 1
12445 19618 1
4184 4184 11
7695 19618 3
9583 19178 1
12446 19618 1
4048 17360 1
1408 1408 446
12447 19618 1
12448 19618 1
4131 12983 1
12449 19618 1
12450 12450 1
9551 16590 1
355 428 1
12451 19618 1
12452 12452 24
6244 6244 9
12453 5900 1
3287 9285 1
6586 7500 1
5800 5800 182
12454 12454 1
8431 8431 51
9140 19618 28
12455 19618 1
1986 322 3
4733 19618 8
12456 12456 60
12457 19618 1
7162 18922 1
12458 19618 7
10668 10668 2
12459 19618 3
12460 12460 5
12461 19618 1
12462 12462 53
7716 14456 2
12463 19618 22
1452 11334 2
12464 19618 1
6052 19618 4
10621 15484 1
12465 19618 1
12466 12466 9
12467 12467 214
12468 12468 476
12469 4031 1
12470 19618 2
6727 6727 179
2622 6684 1
12471 12471 40
12373 19618 16
4812 4812 761
3854 3854 258
6898 19618 2
4173 5059 1
3782 5860 1
12472 19618 1
2166 8986 2
2867 18938 1
7381 19618 148
12473 12473 97
12474 15286 1
3186 19618 5
7197 19618 1
12475 12475 8
518 18275 1
12476 19618 1
11410 19618 1
10988 19618 1
12477 19618 1
7462 7547 2
12478 12478 922
12479 12479 118
7901 19618 19
10232 12744 1
503 503 8
1049 1049 4767
12480 12480 65
12481 12481 70
401 5939 3
12482 19618 4
5038 9242 1
7187 8529 1
12483 12483 14
12484 13304 1
130 130 39866
5934 19618 7
5028 16225 1
455 19350 1
391 9816 1
12485 16381 1
8651 9210 1
12486 19618 1
12487 19618 2
11891 12582 1
12488 19618 7
12489 12489 101
139 139 648
12490 12490 29
5758 19618 2
4873 12161 1
12491 19618 3
12492 19618 7
12493 19618 2
2184 5890 1
2720 7161 1
12494 19618 1
12495 19618 1
12458 12458 341
11840 19618 35
5486 5486 179
2003 16495 7
565 5710 1
8789 11046 1
8292 18514 1
12496 19618 1
12497 19618 1
705 370 2
12498 19618 1
4812 8368 1
12499 12499 115
790 4851 3
11860 19618 133
12500 19618 2
10818 10818 54
12501 12501 1404
12502 9134 1
12503 19618 1
6558 2964 2
12504 19618 1
11892 11892 137
12505 19618 9
12506 19618 3
6550 15546 1
1307 16275 1
12507 12807 1
12508 19618 1
4597 4597 1118
10590 19618 26
7516 7186 2
12509 12509 18
5132 19151 1
3990 3990 81
12510 19618 2
7574 19618 1
1082 12908 1
4630 19618 574
529 19618 2
10072 10072 1979
12511 12511 31
12512 12512 107
9690 19618 2
1882 7715 1
12513 19618 4
2561 3143 1
3521 3521 8
817 817 960
12514 19618 1
3676 3817 1
12515 19618 1
4538 4538 11
12516 19618 1
12517 19618 1
238 19618 2
12518 19618 7
3814 17665 1
1631 10171 3
1248 4033 1
3845 12622 1
1158 1158 13
11792 11792 39
4266 3775 1
12519 19618 1
10716 19618 2
1632 13536 1
6227 16239 2
11766 19618 1
12520 12520 46
1176 19618 160
4568 19618 3
12521 12521 33
9816 19618 2
7569 12616 1
8759 5106 2
12522 19618 3
170 19618 20
12523 12523 21
12524 12524 317
6198 6198 28
11980 11980 3393
12525 19618 12
12526 19618 3
12527 12527 139
2506 2506 4352
4975 4975 423
37 19618 27
12240 12240 6
5336 13798 1
1119 1119 4588
150 9553 1
8290 19618 1
6962 19618 111
5108 11699 1
3795 10877 1
378 378 374
12528 12528 197
6279 11072 1
9454 10460 1
12529 19618 1
3702 19618 14
12530 19618 3
8153 19618 213
322 5928 1
2228 6345 2
12531 12531 90
4660 10328 1
12532 19618 1
9644 9644 1923
1406 12122 2
8842 19618 119
1956 19618 2
12533 19618 2
1648 18390 1
6300 19618 3
12534 19618 4
12535 19618 6
7146 11730 1
12536 19618 1
872 2327 2
12537 12537 41
1794 17547 1
7772 7772 2239
4132 5631 1
621 3805 3
12538 1724 1
10928 14102 1
2689 16781 3
10251 10251 2
5972 11708 2
12539 12539 83
11353 12584 1
12540 19618 1
1150 1150 36
10165 19618 3
2404 19205 1
6664 6664 1
6521 2933 1
844 17388 1
1674 19618 3
5949 5949 2184
9431 9431 297
1907 4048 8
3996 3996 3563
12541 19618 1
12542 19618 10
5914 2663 5
12543 12543 12
12544 19618 1
1305 12491 2
12545 13878 1
12241 19618 1
12546 12546 4
5997 19618 32
573 7270 1
12547 12547 22
4011 18969 1
5651 5840 1
1285 5444 1
464 464 3005
9388 9388 46
12548 12548 1539
7754 7216 1
6017 17900 1
12549 12549 22
9441 7560 1
12550 12550 73
2973 2973 861
8809 19618 3
12551 19618 5
12552 12552 70
5881 19618 31
5825 19618 1
1257 8555 1
10096 19618 5
10090 5172 1
12553 19618 1
1097 12842 1
4663 4663 12
7687 19618 1
1290 14696 1
2169 2169 3719
1672 19286 1
12554 10966 1
3627 19618 12
7704 16298 1
12192 19618 1
12555 8830 2
12556 12556 13
12557 12557 23
1095 18553 3
4670 19618 2
4673 4673 14
12558 19618 7
7271 18208 1
12361 19618 27
7388 7388 41
12183 12211 1
4119 4245 1
2000 2000 833
2377 2377 519
2885 2085 1
12559 19618 2
12560 19618 1
12561 4935 1
4817 11674 1
12562 12562 194
523 3608 4
11434 19618 11
2722 908 1
12563 19618 1
12564 19618 10
12565 13494 2
12566 19618 4
5914 5914 10960
12567 19618 2
3047 16545 7
12568 12568 25
10190 10190 11
6296 6296 50
4296 3694 1
10739 10739 4
12569 12569 169
4921 5794 1
1482 13613 1
6942 19618 8
12053 19618 1
12570 19618 4
12571 12571 14
12572 3274 4
12573 12573 1
2155 2155 4594
2759 12177 2
9458 19618 15
3400 10518 1
4297 3935 1
12574 19618 6
12575 19618 4
1538 1538 697
12576 12576 23
12577 12577 167
8622 8282 1
12578 19618 27
12579 10541 1
12580 6766 1
4922 11934 2
12581 12581 24
12582 19618 2
12583 19618 1
11535 3769 1
2567 19618 36
12584 12584 65
7143 19618 11
12585 12585 199
12586 12586 793
6870 17936 2
3009 3009 13
8607 18955 1
12587 12587 40
8435 8435 69
12588 19618 2
4738 4738 76
12589 12589 351
499 6131 1
12590 12590 10
2615 950 1
5969 5969 24
11270 19213 1
2645 18985 1
12190 7484 1
3061 5387 3
11286 11286 953
6876 6503 5
11165 19618 23
2337 19618 4
12591 19618 1
3505 19618 21
10616 19618 1
9153 19618 1
1663 2223 1
12592 19618 1
5329 18418 1
11494 4936 2
12593 19618 1
1297 3056 7
12594 6392 1
12595 12595 3
12596 19618 16
7489 9792 1
12597 11449 1
3484 15472 1
12598 12598 121
2627 2627 3004
8442 5550 1
12599 19618 5
12600 19618 4
12601 19618 1
11952 19618 10
1097 1090 1
12602 19618 1
12603 6726 1
9396 19618 1
12166 17774 1
12604 12604 16
5730 1497 2
8351 8351 218
8878 16556 1
12605 19618 1
12606 19618 3
12607 19618 3
12608 19618 2
2016 2016 652
113 14037 4
5081 19618 2
12609 12609 17
12437 12437 24
4057 10996 3
12610 19618 1
12611 19618 1
919 19235 1
12612 19618 1
3001 5597 1
12613 19618 1
1845 19618 1
12614 19618 10
5309 9098 1
12615 12615 43
12596 12596 358
12616 12616 24
12617 19618 1
11096 11096 373
1902 12639 1
11193 11193 60
5850 17069 1
12618 18869 1
6624 19618 1
11028 11028 115
3186 19269 1
5256 16818 1
6450 19618 1
7151 677 1
12619 19618 6
3275 14448 1
11889 19618 23
12620 12620 38
12621 19618 4
10875 14149 1
12622 12622 296
3327 6371 1
1806 1806 2664
8304 1876 1
5121 9836 2
12623 19618 1
2527 5560 2
12624 19618 5
6757 6757 3760
345 12142 2
2190 11317 1
7280 8154 3
8708 8708 5412
10425 14286 1
12619 12619 78
5463 19618 32
11916 19618 4
12625 19618 8
12626 19618 1
3312 14221 1
12627 10497 2
1112 1112 527
3617 14845 2
12628 11925 1
6882 10197 1
6661 6661 2
12629 12629 5
775 19618 1
12630 19618 3
9653 19618 78
5935 16317 3
12631 4152 1
221 13583 1
12632 19618 11
2322 19618 105
570 19618 121
2265 1006 1
4984 9847 1
1707 15185 1
5324 5324 58
12633 19618 1
8156 19618 3
2494 14038 1
12634 19618 1
12635 19618 2
12636 19618 2
155 10120 1
4620 8499 1
6610 13364 1
9715 9715 109
6836 10224 2
12637 12637 33
12638 17692 1
2638 19618 34
7564 19618 26
3228 11250 1
12639 12639 2
1247 13911 1
12640 19618 1
5801 5669 1
2161 19618 43
3062 13605 3
11586 19618 1
2276 11846 4
12641 12641 55
8907 19618 3
12642 19618 1
7580 8749 1
4886 19618 22
1552 9718 1
8789 10911 2
2203 9006 1
12643 12643 27
12644 12644 175
12645 19618 1
1156 1156 3789
4468 19618 143
5419 18911 2
8292 19618 29
1556 1556 257
12646 19618 26
7281 7660 2
12647 12647 18
7921 15704 9
12648 19618 1
10623 19618 6
12649 12649 18
4679 19618 39
8001 19618 3
10163 10163 166
9095 19618 70
12650 19618 2
12651 3002 1
2653 9542 1
2599 19618 1
10907 19618 1
11493 11493 8
3742 12237 1
12652 19618 3
12653 12653 91
4956 19618 17
12654 19618 1
8508 17567 2
12655 19618 5
12656 12656 202
11186 656 1
1584 18544 1
11163 11163 42
4852 19618 58
3578 6907 1
8198 18815 1
5942 5942 59
12657 12657 20
3640 3640 11
5881 4651 1
12658 12658 287
12659 12659 7
2719 7190 3
657 694 1
7363 19618 51
12190 19618 7
2708 2708 84
11701 11701 265
12660 12660 268
60 15840 3
12661 17962 1
12662 19618 2
12663 19618 2
1003 17400 2
4614 4614 494
12664 19618 1
7236 1599 1
3577 19618 1
12665 12665 71
1932 13222 2
5241 17553 1
2265 19618 7
12666 19618 2
4439 19618 79
6537 11641 1
4410 13879 1
12667 12667 97
12668 12668 1107
7980 19618 104
12669 19618 1
12670 19618 1
2247 496 1
920 920 838
12671 19618 1
12672 12672 8
3678 19618 2
12670 12670 26
5967 5967 125
11333 19618 100
5948 5948 20
6737 19618 1
2877 19618 1
3570 17747 2
1698 4847 8
1727 19618 1
12673 12673 2
12674 19618 1
971 971 26
12675 19618 3
9870 9870 35
4147 13751 1
12676 19618 13
1311 2410 1
12677 12677 223
166 9548 5
12678 19618 3
2689 10441 2
12679 19618 1
5216 5216 128
12680 19618 1
1170 8335 4
12503 12503 20
4833 4833 54
2350 2350 771
12681 19618 1
7845 9736 1
3362 14373 1
2689 12274 4
12682 12682 38
7187 4290 1
4481 12928 1
7530 10038 1
12683 19618 3
7569 7569 955
309 3887 7
12684 12684 35
12685 19618 1
12686 19618 1
10018 10018 16
10478 10478 60
12687 19618 1
5642 19618 2
7900 7900 567
12688 12688 57
8758 19618 1
12689 12689 34
4114 19618 6
12690 19618 1
5356 5356 138
2653 1716 2
12691 19618 1
3824 9380 1
3199 14998 3
60 10352 1
4098 18237 1
10428 19618 1
6825 6211 7
12692 15061 1
12693 19618 2
5885 3648 1
12694 19618 4
6643 6643 98
904 7725 4
12695 19618 99
569 569 44
105 6832 1
10076 19618 4
9797 9797 434
1932 1932 5684
12696 12696 13
1443 19618 8
5712 5712 239
5730 19072 1
2781 7735 1
914 19618 66
11017 11017 81
3325 19188 1
2366 19618 384
12697 19618 1
5937 11603 1
12698 12698 107
5640 1047 1
681 173 1
7440 19618 3
9308 18711 1
12699 12699 489
773 773 328
7511 17289 1
1269 19618 5
5944 4796 1
12700 12700 12
44 13459 2
12504 12504 12
28 1527 1
4925 13902 2
523 3901 2
11299 11299 15
2227 11224 1
12701 19618 1
12702 19618 57
5601 16069 1
1082 19618 74
12703 19618 3
3433 17507 1
1546 14449 1
7068 18167 1
648 12470 1
9861 19618 165
5063 19618 11
13 19618 17
12704 19618 1
4298 19198 1
12705 19618 29
7032 1127 3
2622 2622 3477
12706 12706 30
12707 19618 11
12708 11083 1
12709 9765 2
9444 18716 1
12334 19618 2
7640 19618 1
12710 19618 1
5707 15295 1
3030 19618 17
12711 999 1
12712 19618 1
2553 19618 4
3603 5457 9
7952 7952 15
4056 4056 393
3366 2545 1
12713 19618 3
5278 9534 3
723 17358 1
4047 9814 2
12714 19618 1
12715 19618 1
12716 19618 2
12717 19618 1
12718 19618 1
3840 3840 2487
7031 2419 1
10431 19618 1
4652 19618 2
4516 19618 1
179 8834 1
7360 7360 77
1830 16026 1
2730 1452 1
3570 11914 2
12719 12719 1
383 383 1891
3823 5342 1
12720 12720 268
7106 19618 4
1341 15576 1
1243 10447 10
6164 7385 1
8140 8307 1
1722 13721 1
3136 3136 616
3776 16101 1
3326 5069 1
6400 501 1
9763 9763 11
7323 19618 52
12721 13107 1
5970 12193 2
6035 6035 711
12538 12382 2
391 3601 1
7511 7511 165
12722 19618 1
12723 12723 30
2203 1979 4
12724 12724 3
10413 12684 1
12725 12725 87
12726 12726 86
4028 8045 1
6287 2517 1
12727 12727 284
5038 4701 1
1680 19618 1
11539 19618 2
3791 18550 1
6151 19618 33
482 6088 1
9827 19618 22
12728 19618 1
12729 11455 1
12730 12730 32
140 8348 1
9087 9087 115
634 6313 3
695 6716 4
7600 7600 3
12731 19618 3
12732 12732 28
12733 12733 11
8896 4875 1
1561 6342 1
11226 11226 57
224 224 55262
12734 19618 14
12735 6908 1
5443 5443 11
6221 18937 1
12736 19618 4
12737 12737 41
4251 4251 503
5109 12190 1
3676 1305 2
7335 13410 1
12738 19618 1
1660 19287 1
8607 19618 15
6894 19618 12
12739 19618 1
12740 12771 1
197 1837 1
180 180 338
12741 19618 5
12742 12742 18
2470 13799 1
6649 2530 1
12743 19618 9
2229 19618 24
1243 7381 8
12744 16816 1
12385 19618 1
10278 10278 6411
9019 9019 14
5253 2524 1
12745 19618 1
789 19618 37
12746 19618 1
8913 15374 1
12747 19618 1
1428 11067 1
12748 19618 1
11228 19618 3
12749 19618 5
12750 19618 1
6085 1913 1
10743 15114 1
298 6918 2
12751 19618 1
12752 18031 1
12753 12753 164
10150 4187 1
12754 12754 2
3071 17628 2
12755 19618 1
634 16970 1
12756 12756 21
12757 12345 1
7411 19618 1
12758 19618 1
10893 15424 1
2377 8620 1
12759 19618 1
4571 19618 1
12760 12760 305
7094 5288 1
9594 9594 29
5194 5623 1
10760 19618 5
2242 8931 1
7097 7097 1309
8629 4867 1
8767 19618 2
11800 19618 2
2023 9110 1
3282 19489 1
12761 19618 2
6861 19618 1
12762 12762 277
12763 12763 132
12764 12764 554
2802 4170 1
12679 12679 37
12765 12765 20
2268 14191 1
8952 3526 2
12088 12088 5
12766 12766 7
9429 3337 1
2861 648 5
2395 13240 2
12767 14614 2
3215 11448 1
12768 12768 37
2583 2583 1876
8746 8746 237
5014 5014 47
437 6641 1
12769 19618 1
12770 12770 21
11994 11193 1
12771 19618 1
12342 5465 1
12772 19618 1
12773 12773 39
10296 15689 3
2373 10055 1
314 11373 3
12774 19618 1
4905 14618 1
790 11357 1
12775 19618 2
12776 19618 7
12777 19618 2
12778 19618 1
9200 7967 1
5029 9363 2
12779 19618 3
989 989 313
12780 19618 1
12781 12781 51
12782 19618 1
12783 19618 2
12430 19618 4
12784 12784 2
12785 12785 452
12786 19618 5
4928 7574 1
5192 5192 43
12787 19618 1
11749 19618 1
5593 16830 2
12788 19618 1
5029 19618 41
12789 19618 1
12790 12790 48
3615 13675 1
12791 12791 17
7735 7735 4
11500 11500 2017
12792 19618 3
2434 12798 1
561 5739 2
5133 8794 6
6080 19618 1
12793 19618 1
12794 12794 70
134 17587 2
7103 7103 350
12795 12795 187
11523 183 1
12796 19618 12
12797 19618 2
12798 12798 10
5325 5325 29
4140 19618 106
3150 5136 1
12799 19618 1
12800 12800 5
12801 19618 1
3068 5198 2
12802 19618 17
12803 12803 10
6730 14050 1
829 10850 1
12804 16328 1
4248 4248 4890
12805 19618 1
12806 19618 1
2130 3598 6
1536 19618 59
11117 4097 1
11772 19618 1
1325 1325 167
12807 19618 1
4912 4912 80
4764 4764 196
1813 19618 2
12808 19618 1
12809 5790 1
10499 2820 9
4323 12322 1
12810 12810 2
9431 5161 1
5132 19618 3
9885 19052 3
3373 4437 5
475 475 1127
12811 12811 258
4711 19618 2
12812 12812 4
10400 10400 26
12813 19618 4
109 14416 1
12814 12814 12
6740 9922 1
8654 11821 1
12815 19618 1
11796 11798 2
12816 12816 106
12817 12817 33
5223 6512 2
12818 12818 5
12819 12819 5
9446 9446 16
12820 19618 1
12821 1333 1
3859 19618 3
170 170 885
5543 5543 21
12822 19618 1
12823 12823 43
12824 12824 36
10695 19618 240
12825 19618 1
7068 14820 1
705 16798 1
12826 19618 1
3999 19341 1
12827 19618 3
5815 5815 55
2824 2824 232
1575 12579 1
12828 19618 1
12829 12829 72
12830 19618 7
495 7688 2
1817 18601 1
6196 16334 1
1194 16826 1
12831 19618 1
12213 12213 51
6905 6905 3
12832 12832 64
4800 4800 22
1042 1042 254
3327 13384 1
12833 19618 6
8966 19618 1
6086 19618 1
12834 12834 13
12835 1760 1
11432 11432 113
1059 11615 1
10472 19618 2
12836 12836 80
7404 19618 120
1614 549 1
2520 2520 264
2224 4720 1
12837 19618 1
2949 7188 2
12838 12838 2
10315 19618 1
12839 19618 1
621 753 37
11192 5744 1
12840 19618 1
9416 13654 1
5742 1562 1
2178 2205 1
12841 12841 31
1707 8062 2
12117 12748 1
987 5395 1
4847 15861 1
12842 12842 82
1285 126 2
59 9346 2
12843 19618 1
12844 12844 113
12845 19618 2
1165 19618 1
2924 2924 50
12846 12846 3
12847 19618 1
12848 19618 2
12849 19618 1
3878 10970 2
8178 19618 1
12850 12850 13
2891 8343 1
12851 12851 67
12839 12839 24
7259 18543 1
12852 19618 1
10425 10425 38
5875 17294 1
4628 19618 4
12853 19618 1
12854 19618 1
12855 19618 1
12856 19618 3
12630 12630 77
2476 19618 1
12857 19618 9
8906 3339 1
12858 19618 1
12859 12859 20
12860 10226 1
11732 11732 28
8768 8768 169
12861 19618 1
4141 4141 7580
2296 10650 1
838 19618 23
12862 12862 63
12863 12863 34
361 361 527
12864 19618 1
1955 7861 1
11568 11568 151
9005 9005 4
12865 19618 1
2130 16042 2
7345 7345 43
5971 14792 1
12866 19618 1
12289 12289 429
4350 4350 163
12867 19618 2
11535 12180 2
277 6646 1
2608 2608 57
7682 7682 285
7236 2808 1
5876 11454 1
1610 1610 152
4222 10371 1
12868 5436 1
1523 11429 3
5024 19618 6
12869 19618 1
11245 11245 7
11306 19618 1
11839 19618 5
12359 12359 24
1039 735 2
2665 19618 7
12870 12870 12
3341 3010 1
1926 11647 1
2185 3295 3
4634 18471 3
12871 12871 19
12872 19618 1
9653 2543 1
9691 9691 815
8507 8507 18
2589 10674 3
241 241 6816
746 15421 1
4607 17808 1
6196 6196 751
385 5524 1
9569 19618 5
12873 12873 2403
12874 12874 73
12875 18476 1
6024 6024 302
12876 6339 1
3233 13690 1
4191 17352 1
1266 5856 1
12877 12877 200
12878 19618 2
12448 12448 7
12879 4990 1
12880 12880 18
12881 12881 14
7662 19618 2
12882 19618 6
621 14219 28
3555 6643 1
1704 19618 4
8047 8047 295
2003 13363 1
749 4322 1
441 13401 1
2755 2755 60
11805 8957 1
1686 15228 1
12883 19618 1
8082 8082 81
12884 19618 1
12885 12885 3
12886 19618 8
10421 19618 1
12887 19618 2
12888 19618 6
2622 6572 2
12889 19618 13
376 13490 1
5133 16953 1
7047 19618 26
12890 19618 1
9580 9698 1
12891 19618 1
11778 19618 1
12892 19618 1
12893 19618 1
12894 19618 2
12895 12895 35
2145 18963 1
4462 14498 1
1432 1432 65
12896 19618 2
12897 12897 48
12898 19618 3
11579 11579 28
12899 12899 72
2916 6975 3
4351 12410 1
12900 19618 1
6915 6725 1
12901 12901 8
12902 19618 2
9806 9806 56
9338 19618 1
12903 19618 31
10372 19618 1
12904 9945 1
8542 8542 3
12905 19618 3
7344 19618 1
12906 19618 1
1791 16263 1
5367 5367 5522
6610 6240 1
12907 912 1
12908 12908 78
12909 19618 1
9770 19618 7
6841 6841 5
11975 19618 2
12910 19618 111
1870 5993 4
4485 19618 146
218 19618 69
840 840 1354
12911 12911 762
3653 9393 1
12912 19618 1
12913 12913 86
12914 19618 1
12915 5553 1
9832 19618 1
12916 19618 2
1784 8763 1
12917 19618 1
6602 6602 1109
12918 19618 3
8313 14252 1
12919 1325 1
12920 19618 1
10097 10097 525
12921 19618 1
2518 2518 15
12922 12922 168
12289 19618 11
7643 8844 2
12923 19618 1
12924 19618 5
5420 3092 4
3308 11164 1
12925 19618 1
11767 6349 1
1062 4497 1
3941 19618 25
12926 12926 94
12927 19618 15
375 17506 1
11508 13583 1
12928 12928 101
4928 11371 1
12929 19618 10
12930 19618 6
12931 6384 1
4462 10933 1
1249 19618 3
12932 12932 1
2173 19618 3
3394 3394 1443
4029 4029 1169
12933 19618 1
11341 11341 62
727 16141 1
12934 12934 53
12935 19618 2
12936 12936 3
8153 11722 2
12937 12937 381
12762 19483 1
4258 19618 1
382 382 51
12938 12938 32
12939 19618 2
7831 19618 4
1026 17505 1
3985 3985 182
4691 763 1
12025 12025 57
12594 13209 1
12940 12940 183
12941 12941 4
12942 12942 8
2588 13839 1
3708 3708 1707
10451 19618 3
12943 19618 1
8812 19618 2
12650 12650 25
12944 12944 16
7323 16023 2
12945 12945 9
8042 10712 1
12946 6386 1
2776 4977 2
244 1998 1
8906 1735 1
5793 19618 4
6592 6592 35
12947 19618 1
1297 16709 5
5355 14304 2
12948 9077 1
12949 19618 6
1665 1665 1553
4588 1968 1
3287 3660 26
1695 10314 1
3578 18290 5
12950 12950 7
10521 113 2
891 10596 1
4468 18096 2
6782 19618 1
12951 12951 331
8415 8415 598
5006 11127 1
12952 19618 4
12953 19618 2
4417 19618 4
12954 19618 2
6950 6950 47
3098 19618 1
12955 19618 1
12956 12956 27
1722 2198 3
12957 19618 1
11920 11920 9
12407 12407 111
3898 3898 5
12958 19618 32
1991 7128 1
5094 6155 1
7972 19436 2
1784 1784 53821
12959 7297 1
12960 12960 268
9419 9419 14
7689 7689 5
12961 12961 90
6650 6650 62
12962 12962 38
4630 1263 5
25 12336 2
12830 13775 1
3536 19618 19
205 7142 4
12963 12963 13
12964 19618 3
2331 6778 1
7125 19618 13
1361 3372 2
323 19618 2
845 10671 1
3408 3408 41
1664 11069 2
12965 12965 237
12966 12966 12
1770 824 1
12967 13061 1
502 19129 1
5019 8936 1
797 19618 36
12968 12968 2
5876 7817 1
1510 953 1
12969 12969 48
4955 6376 2
12970 18629 1
12202 4466 1
4907 3842 1
8560 19618 2
8816 8816 624
7203 7203 111
2681 15414 1
12971 12971 379
12972 19618 2
528 528 33
12973 19618 1
2364 19618 1
7286 10132 2
6628 14087 2
11725 16037 1
8913 6422 4
12850 19618 1
12974 19618 3
3970 19618 43
9247 19618 1
12975 12975 26
11633 13242 1
5914 12294 4
4012 12595 1
12976 12976 5
12977 8891 1
12978 19618 5
12911 3673 1
12979 19618 7
8718 16265 2
4502 4966 5
9948 9948 268
12980 12980 15
10609 7749 1
6702 13168 1
6111 6111 9
4233 4233 884
12981 19618 8
12777 12777 59
4608 4608 641
12982 19618 1
12983 19618 1
8666 19618 101
12984 12984 43
6588 212 1
12985 19618 1
12986 12986 20
1156 16507 1
9528 9528 219
12987 12987 35
11422 11422 24
12988 12988 507
12989 19618 1
12990 19618 32
929 1156 7
12991 12991 236
9389 9389 370
8830 19618 2
3853 19618 47
12992 19618 1
7427 4221 1
12993 12993 50
9028 9028 812
1040 10880 1
3525 924 1
12994 12994 142
12995 19618 2
2167 2167 4
6253 848 1
12996 19618 1
12997 12997 72
12998 19618 3
4890 6329 2
3736 2064 1
8667 19618 8
12631 19618 17
12999 12999 35
7032 4857 2
1784 11460 1
3821 19618 1
951 17799 1
13000 19618 1
5178 5178 1
7086 3526 1
9096 9096 209
7561 9749 2
13001 13001 7
13002 19618 1
13003 19618 2
1931 3191 8
8798 8798 939
13004 19618 3
2022 16824 2
5654 5261 2
13005 13005 8
4108 11113 1
13006 13006 1
13007 13007 22
6495 9536 1
13008 13008 11
12655 12655 219
13009 6445 1
13010 19618 1
8172 3635 1
2372 19618 1
2392 19618 11
13011 19618 16
11125 15694 1
13012 19618 1
9455 9455 293
13013 13013 8
2425 482 1
10086 18764 1
1807 4572 1
4304 1400 1
6938 6938 58
3022 11855 1
382 19618 2
4657 1917 1
13014 19618 12
13015 19618 6
2670 140 5
3659 19618 1
7093 2349 1
9002 19618 1
9967 19618 5
3677 3409 1
13016 19618 1
11712 19618 1
675 6114 3
3847 19618 4
3847 3847 162
11693 19618 1
10394 19618 1
11474 6741 1
3889 3889 755
7474 5750 2
2720 1425 1
8556 8556 31
13017 13017 40
7516 6145 1
3934 3934 225
3074 5107 1
13018 19618 5
5403 16903 1
3737 9042 13
259 259 7388
13019 13019 15
13020 13020 39
8742 14681 1
7648 9680 1
13021 13021 3
970 741 3
5905 19618 1
4146 19618 8
2721 2721 2
1475 13449 2
12306 19618 1
3444 3461 1
13022 19618 1
13023 13023 18
11646 11646 55
3698 12030 1
2469 1807 1
3308 11781 1
13024 19618 8
1482 2916 1
7178 19618 4
13025 19618 13
7000 7000 342
1970 9708 1
13026 13026 6
1225 19618 72
11148 8502 1
1424 18778 1
13027 8466 1
13028 13028 5
13029 19618 5
4414 16994 1
13030 19618 1
12483 19618 1
166 19618 724
1347 13904 1
603 4377 1
6985 19618 6
13031 19618 4
13032 19618 4
10234 10234 25
7069 19618 32
735 19107 1
3989 19618 37
462 2377 3
13033 19618 1
9574 9574 25
13034 13034 12
2630 5652 1
3605 16671 1
693 19618 134
1686 1686 2058
5538 19618 5
3720 17350 1
72 12924 1
5135 19618 35
7517 19618 4
8352 8352 1741
13035 19618 1
10956 7959 1
13036 13036 52
3846 11828 1
1141 1141 58
2605 2605 49
13037 19618 1
10696 10696 813
13038 19618 1
13039 19618 1
4315 4315 8278
5730 961 7
13040 7856 1
13041 13041 63
5730 17013 5
13042 19618 1
13043 13043 1501
2523 2523 113
13044 13044 1990
8865 19618 23
2276 17070 1
7213 16526 1
11148 19618 4
7772 17568 2
4767 19618 2
13045 13045 74
8666 9082 1
13046 19618 4
3809 19618 1
12476 12476 3
2751 18158 1
4777 4777 292
13047 19618 1
13048 19618 1
2282 2282 225
12884 12884 2
13049 3252 1
13050 17726 1
5159 19313 5
13051 19618 43
8026 14783 1
7674 7674 13
3773 9026 1
13052 13052 238
2901 19618 6
13053 19618 1
615 10247 1
9802 9802 25
2996 8896 1
2161 5242 1
13054 19618 5
5354 5354 197
2736 19618 6
11263 11263 3
2617 2617 27344
8913 8913 9911
13055 19618 1
13056 19618 4
601 4284 1
10218 10218 39
13057 19618 1
13058 13058 2
6521 19618 27
13059 13059 15
4378 15112 1
13060 13060 21
11458 15213 1
10744 5460 1
516 10301 2
3377 16987 1
13061 13061 127
11988 19618 10
13062 19618 1
13063 13063 117
7539 4586 2
1021 377 1
4149 8131 1
13064 9737 1
13065 13065 607
2130 7539 2
9309 13663 1
13066 13066 12
7522 13564 1
13067 5104 1
13068 19618 4
13069 13069 187
10313 14422 1
13070 19618 7
13071 13071 21
2165 13624 1
5182 5182 37
1194 5250 1
13072 19618 1
6510 6509 1
9193 11630 1
1095 1293 1
735 309 1
13073 13073 398
13074 13074 86
1357 9648 1
9884 9884 69
330 12519 1
1265 15878 1
13075 19618 1
8788 19618 3
1423 19618 11
13076 19618 1
13077 19618 2
7139 19618 2
13078 19618 16
13079 19618 1
12641 19618 2
13080 13080 1
375 14556 2
12068 12068 5
2164 2164 90
13081 19618 1
13082 19618 2
13083 19618 1
425 1643 1
5038 3897 2
217 2425 3
8084 8084 69
4333 16617 1
2860 14437 1
1870 5384 1
13084 19618 5
1106 5156 1
7073 3353 1
5617 2496 1
13085 13085 122
13086 13086 328
5651 19618 27
8672 8672 14
13087 19618 2
4057 11970 1
7108 19618 19
13088 19618 1
8842 13869 2
4057 2384 1
13089 13089 14
13090 13090 234
13091 13091 50
12903 12903 946
2707 5192 1
1870 1870 14847
11713 15003 1
2434 1660 2
5739 12559 1
5223 15423 4
7949 7949 25
780 2125 1
8223 19148 1
13092 13092 199
6145 10282 1
2811 2811 2446
13093 1826 1
10391 19618 4
13094 13094 57
1412 19618 1
13095 13095 14
4070 4070 26
2606 12964 1
13096 13096 2
13097 19618 2
13098 19618 3
13099 13099 8
13100 19618 2
2452 9884 3
1978 18896 1
9789 5112 1
13101 13101 56
5556 14488 3
9237 9010 1
13102 19618 1
13103 13103 11
387 387 81
5350 6295 1
5935 4634 1
8053 19618 86
13104 13104 203
12502 19618 3
11806 11806 1
13105 19618 1
13106 13106 1
1585 1585 1591
6656 6656 99
13107 19618 1
5312 5312 183
2502 19618 4
13108 19618 1
12042 19618 9
385 19618 6
7940 19618 1
10150 10150 319
13109 13109 593
3735 19618 14
13110 13110 14
13111 13111 5
9444 9444 1332
2505 9885 1
10401 3207 2
13112 13112 63
13113 19618 2
13114 19618 1
4077 19618 1
13115 19618 2
13116 19618 1
12804 12804 64
13117 19618 1
9366 9366 47
13118 19618 1
13119 13119 3
7705 18659 1
12405 12405 45
13120 19618 1
13121 19618 1
12383 12383 238
5456 5456 261
13122 12299 1
13123 4169 2
2790 2790 467
4227 15519 2
8239 19618 15
13124 19618 2
13125 19618 5
4973 19618 58
13126 13126 1433
13127 11718 1
13128 19618 23
13129 13129 526
13130 19618 1
12773 19618 1
13131 19618 4
13132 19618 2
8126 19618 72
11563 19139 1
10719 16544 1
4246 4246 78
1001 16797 2
13133 13133 5
9893 19618 13
13134 11520 1
5171 2959 1
7092 19618 69
13135 13135 22
1582 1582 20
7787 1958 2
13136 19618 7
2131 19618 1
13137 13137 184
13095 19618 2
12012 13722 1
13138 13138 16
13139 19618 8
9313 11213 1
5539 5539 2
13140 13140 3
11726 11937 1
3338 5407 1
9532 9532 53
5166 10440 2
12294 19618 44
13141 13141 11
4763 5986 1
4676 16885 1
4766 14471 1
4266 4150 2
3405 18314 1
13142 13142 1
264 264 28
13143 13143 59
3479 1382 1
5422 4715 4
9929 17657 1
9259 18902 2
13144 19618 1
13145 13145 94
10776 19618 4
13146 13146 26
3913 16410 4
13147 13147 5
1613 19618 1
9859 10472 2
2155 17020 2
2885 5732 3
12385 14538 1
7007 7007 1108
13148 13148 6
12658 19618 5
959 19618 1
9001 19618 3
3057 19618 1
6993 19618 2
13149 13149 1
2395 15667 1
13150 19618 2
13151 19618 1
2437 2437 19
8226 19618 56
2482 8670 1
8224 2758 1
6680 4915 4
2348 11719 1
1105 19618 103
4210 19618 19
10264 10264 5
11830 11830 92
9783 9783 7
9075 19618 19
2568 5762 1
1005 6618 1
13152 13152 46
13153 13153 270
3468 3468 2144
4047 4271 1
13154 19618 1
13155 19618 1
11256 11256 147
13156 13156 106
8010 19618 15
8330 14662 1
13157 13157 24
13158 13158 3
3223 7665 1
5481 16581 2
13159 4564 1
1748 12813 3
7019 18285 1
10388 10388 132
13160 19618 1
3499 19618 14
4140 18432 1
3531 8550 1
15 7013 1
1127 1127 478
891 8366 1
13161 19618 9
10713 10713 55
13162 13162 17
29 4570 1
7037 18226 1
13163 19618 1
1444 12953 2
4011 18678 1
3979 12504 1
6229 10162 1
10622 19618 5
2261 5853 1
12485 12485 2
3868 13778 1
3312 3312 1549
546 19618 63
2769 5844 1
5283 15578 1
890 13594 1
12254 19618 5
13164 13164 462
13165 19618 1
9008 19618 4
5131 10070 1
2986 9546 1
8844 9307 1
11684 4292 1
9367 6521 1
13166 13166 1080
13167 13167 881
35 16310 1
1677 19618 132
10329 8276 1
4107 4107 4
10652 10652 89
3719 19618 3
13168 19618 1
13169 19618 58
3415 19618 2
1135 6494 1
113 6723 1
13170 13170 23
13171 19618 9
495 495 4857
13172 3240 1
13173 19618 2
10334 10334 16
6391 19618 2
735 5194 1
13174 13174 42
13175 13175 84
9386 19618 62
4348 3730 1
13176 19618 1
13177 13177 1
13178 19618 1
13179 598 1
13180 19618 1
896 11000 1
2909 2909 792
618 618 2478
840 17868 1
13181 13181 22
3466 4166 2
13182 19618 1
7589 51 1
657 5229 1
3607 5317 1
1677 4532 2
2898 7159 1
4043 4043 452
1821 7510 3
13183 19618 1
1723 1723 279
10422 19618 4
2730 19618 2
6958 19618 2
11818 11818 1
11018 5459 1
4092 19618 231
10404 10404 15
2197 17937 1
13184 13184 44
3008 5 1
11647 19618 2
13185 13185 11
678 19618 2
2003 15432 1
13186 19618 6
13187 14978 1
13188 13188 254
904 5588 4
13189 8732 1
5771 5771 1830
10465 13210 1
13190 9278 1
13191 19618 20
11407 19618 5
13192 19618 1
6154 6154 72
7929 1187 1
354 19618 83
13193 13193 536
8916 8916 54
3274 3274 1417
13194 13194 100
12819 19618 1
1104 7399 1
8153 13044 4
11332 11332 10
4467 4467 39
12462 19618 1
1677 2874 1
10779 10779 692
13195 19618 2
1003 14354 1
13196 13196 4
13197 13197 11
13006 18260 1
13198 4728 1
13199 19515 1
3923 19618 4
9987 9987 1508
13200 10216 1
2490 8116 1
13201 13201 503
13202 19618 1
10226 10226 1308
368 368 363
5766 5766 30
9531 19618 7
13203 13203 249
13204 13204 31
12549 19618 1
10736 10736 112
13205 19618 1
8232 19618 1
13206 13283 1
13207 9492 1
13208 19618 1
1451 1451 779
11499 4853 1
13209 19618 1
13210 13210 71
9059 9059 17
11739 11080 1
13211 19618 1
13205 13205 5
1872 4652 1
11619 17533 1
746 1628 1
13212 19618 1
13213 19618 1
13214 13214 24
3414 8675 1
13215 19618 1
4847 4185 1
391 391 3828
12403 441 1
15 19618 11
6759 19618 16
6603 9033 2
13216 19618 1
7455 19618 20
8153 16280 3
13217 13217 47
8512 12292 1
7510 14673 4
13218 13218 65
13219 19618 1
12023 19618 8
8336 15765 1
13220 19618 8
10491 8401 1
5500 5798 1
13221 19618 1
4603 12690 1
13222 19618 6
13223 19618 1
13224 13224 3629
8621 19618 1
4018 19618 1
6046 6046 5891
13225 13225 168
13226 13226 128
8759 19618 87
10322 12069 2
86 3940 1
1748 6709 2
11151 19618 3
13227 9318 1
6508 17641 1
8139 19618 19
7894 5327 1
13228 13228 2664
4932 19618 17
2007 2007 9576
12372 12372 292
13229 19618 1
1484 4225 1
13230 9994 1
2061 2061 46
9538 8522 1
13231 13231 7
1021 9687 2
1222 9769 2
4330 19618 2
13232 19618 1
5685 19618 16
9154 9154 59
13233 13233 7
1631 8431 1
13234 13234 1026
741 8880 1
1479 19618 1
11866 1947 1
4653 4653 314
13235 19618 2
8989 8989 20
490 490 39
5680 5680 1599
4131 10783 1
13236 19618 1
2964 4725 1
13237 13237 74
1929 17516 1
13238 10854 1
11444 9073 1
13239 13239 46
12910 19466 1
2141 2141 17
12290 13860 1
13240 13240 634
7068 8766 1
13241 13241 354
7643 7643 1421
13242 19618 1
3572 19618 16
13243 13243 86
8967 15606 1
13244 19618 1
4147 19618 102
3072 3072 17
1863 18099 1
13245 13245 6
13246 13246 67
3986 19618 26
13247 19618 1
3215 4281 2
13248 13248 152
13249 19618 1
13250 19618 1
7309 16550 1
13251 19618 1
7794 7794 7
270 3433 4
3852 3852 3
6753 6753 1256
4434 19618 161
912 1545 1
13252 13252 211
13253 19618 1
4736 16625 1
11889 12895 1
13254 13254 1357
2233 4714 1
8421 9040 5
13255 19618 11
13256 13256 23
5417 829 2
11993 11993 3
13257 13963 1
4742 4742 586
13258 6259 1
13259 19618 1
1033 18777 1
10047 10047 14
13260 13260 52
13261 19618 1
13262 19618 1
13263 13263 21
13264 13264 5
11798 11798 118
8775 8775 5
2770 5607 2
13265 13265 106
5746 5746 1923
13266 19618 6
9746 19618 19
13267 19416 1
7936 11505 1
4003 4003 95
1599 19618 1
6908 18794 1
13268 19618 4
13269 13269 13
6666 19618 9
2548 15917 1
10911 19618 1
13270 19618 2
13271 13271 108
13272 19618 2
4657 1960 1
13273 13273 1
13032 13032 109
1981 10345 1
13274 19618 1
1461 1461 7
789 4155 1
7705 1439 1
10337 19618 3
12036 4675 2
7869 7869 9
3706 19618 1
13275 19618 1
13276 13276 140
13277 19618 1
76 76 2839
148 5399 1
13278 13278 75
13279 19618 1
579 579 108
13244 13244 32
145 145 8435
13280 13280 346
8154 19618 16
13281 19618 1
12108 19618 5
1151 1746 1
13282 19618 1
12330 8456 3
12525 19582 1
13283 13283 84
546 7148 2
7265 99 1
11239 16726 1
13284 4133 1
13050 11997 3
10690 19618 1
10853 19618 3
3193 14595 1
4147 18061 1
2009 1779 1
13285 13285 65
2468 2468 613
13286 13286 76
13287 19618 2
9079 19618 1
1933 12267 1
5690 5690 79
3325 19292 2
12012 12012 81
4650 19618 31
13288 19618 1
2891 11725 8
13289 13289 269
13290 19618 2
13291 13291 40
13292 16537 1
13293 19618 2
10187 19618 1
3237 271 1
13294 16228 1
113 585 3
13295 13295 6
13296 199 1
6855 19618 14
4147 5009 1
13297 19618 13
9238 9238 323
1109 19618 1
6218 9191 1
12106 12106 162
3921 3963 1
1954 4175 1
13298 18297 1
13299 19618 1
10269 19618 3
4768 2953 1
13300 19469 1
8928 12757 1
13301 13301 52
5875 18745 2
1222 16659 1
13302 9527 4
13303 13303 25
13304 13304 16
13305 19618 2
6529 9060 1
6337 19413 1
1222 16046 2
9567 9567 262
13306 19618 1
2988 3811 1
4582 10253 2
6379 4023 4
285 6208 1
13307 19618 1
6156 4515 3
5050 19618 15
13308 13433 1
8292 8292 1442
13309 13309 1
13310 14337 1
13084 13084 54
618 17489 1
13311 19618 1
8982 8982 69
9213 9213 298
956 19618 1
13312 19618 9
4431 2368 1
1438 5171 1
13313 14813 1
13314 19618 1
13315 13315 36
3457 6248 1
6693 8050 1
13316 19618 10
13317 19618 1
13318 13318 102
296 8133 3
13319 19618 3
13320 19618 1
13321 19618 4
8541 19618 2
6107 19618 21
12633 12633 15
13322 19618 1
3406 19618 2
12942 19618 1
13323 13323 233
13324 19618 1
13325 19618 1
13326 19618 4
5916 5916 19
13327 13327 23
13177 19618 1
1122 12553 1
2244 18140 2
5513 5513 44
2104 6328 1
11619 15880 1
5260 16222 3
25 3198 2
13328 13328 341
13329 19618 2
7544 12833 1
2649 9248 3
7997 19618 1
3797 17751 1
3917 7133 2
7549 19618 13
13330 13330 78
437 10048 1
261 345 1
9633 9633 24
13331 13331 2
1488 1488 22
11683 18524 2
13332 11556 1
1301 1301 960
13333 13333 183
10688 10688 1300
4199 1645 1
3538 5273 2
710 1445 2
9780 9780 742
13334 19618 1
2622 7106 1
1106 11474 2
13335 13335 290
2476 12766 1
4857 19618 58
13336 19618 9
1059 1059 10433
12949 19185 1
8943 19618 2
13337 19618 6
13338 9286 1
8705 19618 65
2706 2706 14
4965 19618 2
766 19167 1
13156 19618 2
5523 12642 1
13339 13339 23
5540 19618 50
2665 10139 1
735 12463 1
6710 19145 4
13340 13340 61
13341 19618 8
13225 19618 9
13342 13342 29
13343 13343 49
11500 12496 1
13344 14378 1
13345 13345 221
8423 19618 1
13346 13346 87
11879 11879 220
4110 16601 2
2453 10538 1
13347 19618 4
5052 19618 11
13348 13348 107
2769 11399 2
13349 19618 1
13350 13350 26
6816 6816 77
702 4670 1
13351 19618 1
13352 13352 92
4310 15079 4
1614 1614 4556
2511 12968 1
4521 8213 2
13353 13353 18
13354 13354 128
9367 17447 1
3599 3599 9
13355 12432 1
610 571 1
6422 6422 301
9352 9352 3035
10157 19618 3
7966 15699 1
3056 17141 1
287 12876 3
13356 19618 1
13357 13357 27
10932 19618 9
10071 19618 3
326 7822 1
6035 19618 11
11249 19476 1
7705 13428 1
13358 13876 1
9040 19618 20
13359 13359 32
13360 19618 1
13361 13361 283
1029 1029 544
4175 19618 7
897 19618 193
648 7966 16
3935 19618 6
5109 10160 1
5713 5713 41
13362 19618 3
12934 19618 1
13363 19618 1
11479 11479 217
6397 19618 5
2906 3192 2
1863 1959 1
13364 16696 1
13365 19618 1
13366 19618 3
10753 10753 179
1770 13815 1
80 19618 1
1642 17574 1
2543 2543 607
1739 1739 39
13367 19618 5
8421 17319 5
7434 19618 8
13254 19618 42
13368 19618 1
13369 3841 1
9731 9731 31
13370 13370 18
7467 5220 1
2446 19618 26
3187 8525 1
1087 4662 1
2649 2649 8502
4109 10807 5
13371 13371 6
4823 4823 423
10521 6190 1
3008 18840 1
13372 14646 1
12350 5060 1
10900 10900 3154
10863 10863 45
1252 19414 1
13373 19618 1
1818 19586 1
13044 15521 2
2151 3077 2
13374 13374 12
5184 19618 1
13375 19618 1
8476 8476 114
10650 1985 1
2374 2374 288
890 8991 8
13376 19618 2
1672 3538 1
5807 19618 2
1853 17979 1
309 577 2
1031 19263 2
5379 5379 97
11501 11501 92
4269 6722 2
2965 14975 1
12552 19618 3
13377 19618 1
5803 5803 38
12166 12166 186
1866 1866 2638
11682 19618 124
13378 13378 118
13379 19618 2
13380 13380 148
8946 10895 1
391 19618 105
286 14383 1
324 19618 7
872 17278 1
13381 19618 1
13382 13382 388
13383 19618 1
4011 2683 6
13384 19618 1
7456 10810 1
13385 19618 1
13139 13139 264
2053 12419 1
6211 19618 53
11043 19618 20
2770 18012 3
13386 19618 1
6412 19618 5
4260 4260 26
7750 7750 39
347 347 16
3218 19618 87
13387 13387 20
7136 7136 2
13388 13388 74
13389 13389 504
8705 11834 2
9976 9976 106
2772 17305 8
1085 2242 5
6782 4067 1
13390 19618 4
7217 7217 287
13391 19618 5
4634 18175 1
13392 19618 1
6951 6951 35
10545 19618 1
13393 14018 1
13394 13394 8
13395 13395 119
6262 11524 1
13396 13396 9
2438 19618 1
539 539 161434
2526 19618 10
13397 19618 2
13398 19509 1
3991 3991 410
13399 13399 78
1055 15715 1
4490 3609 1
3304 19618 7
13400 19315 1
1129 19618 1
13401 13401 10
6163 5534 1
10345 5538 1
13402 13402 120
5106 19419 1
1624 19618 20
4895 19618 12
1382 19618 1
13403 19618 1
10872 19618 5
1609 1609 1351
13404 13404 26
13405 19618 5
13406 13406 28
833 12910 4
13407 15520 1
13408 19618 4
13016 13016 23
2244 17673 2
3127 3127 33
3928 10027 1
13409 13409 10
13410 13410 70
13411 19618 1
5048 3406 1
13412 13412 204
401 16572 1
908 8447 1
6009 13301 1
10105 10105 142
1357 183 35
6305 15731 2
12079 6724 2
13413 13413 16
13414 19618 1
13415 19618 1
10414 13351 1
13416 13416 15
13417 19618 1
12031 12031 250
13418 13418 3
13419 19618 2
13420 19618 2
13421 19618 1
1022 7611 5
3515 8717 1
7431 7431 2961
6205 6205 80
12727 13438 1
9738 14076 1
13422 13422 99
6043 19618 24
13423 13423 40
7488 7488 37
13424 19618 1
250 9641 1
13425 13425 767
2494 1664 3
3484 270 1
13426 19618 1
2731 2731 948
11243 19618 1
13427 13427 86
12080 12080 16
5449 19618 1
8839 8839 742
6134 1344 1
1201 8890 1
8464 19618 6
8428 19618 93
13428 13428 1
4480 3269 1
5750 18464 1
568 568 6
10092 19618 1
13429 19618 14
11755 15710 1
13430 13430 3
2319 2319 65
1357 250 30
13431 19618 1
12603 19618 14
13432 19618 2
13433 19618 1
11643 10590 1
13434 19618 3
9208 8197 1
5053 5053 594
13435 19618 30
13436 13436 24
9706 9706 55
13437 9066 1
4504 4504 532
13438 19618 1
4617 7098 1
13439 19618 3
13440 19618 17
13265 19618 6
12230 12230 919
11725 11725 5566
13441 19618 2
13442 13442 17
10849 19618 1
9047 871 1
5054 5054 608
11571 19314 1
13443 19618 1
13444 13444 12
13445 19618 1
9085 9085 12460
7351 13778 1
13446 13446 144
5204 4076 3
13447 19618 1
2567 8664 1
13448 17076 1
13449 6507 1
13450 19618 8
13451 19618 1
13452 19618 1
13453 13453 82
13454 13454 41
13455 13455 178
9543 16287 3
13456 19618 2
9245 9245 193
1039 12271 1
8138 8365 1
13457 5490 1
1436 19618 23
7917 15343 1
13029 13029 137
10505 19618 23
13458 19618 1
4576 7541 1
541 19618 1
8028 8028 294
9228 19618 6
11528 11528 2647
7686 7686 10
13459 19618 8
1821 7239 2
4624 19618 2
13460 13460 879
5765 19598 7
461 12386 2
13461 19618 22
2945 2945 183
5094 901 7
283 19618 5
13462 16253 1
13463 13463 181
1777 1777 298
13464 19618 1
13465 19618 1
5033 9275 2
1866 19618 76
4113 3867 1
1898 6002 2
13466 13466 6
7540 3622 2
495 7923 1
12368 19618 2
11587 17905 1
13467 13467 44
13468 19618 1
1246 7141 1
13469 19618 2
13470 13470 46
4432 16660 1
1907 18021 10
13471 19618 1
13472 19618 8
10100 10100 193
5919 6938 1
6130 19618 1
9943 9943 521
13473 19618 2
6305 6305 11821
9321 9321 34
5804 15010 3
2496 5116 2
13474 13474 11
13475 13475 17
13476 13476 4
13477 13477 37
13478 13478 21
3737 17961 13
10543 19114 1
11360 19618 3
13479 19618 1
9655 8821 1
10665 19618 1
2043 18391 1
12350 19618 9
3403 6830 1
2490 11548 2
2004 2004 317
7807 2134 3
4279 2861 13
701 19618 27
13480 13480 10
7914 19618 7
13481 13731 2
372 3688 1
2584 19618 2
2027 19618 12
13482 19618 1
9236 13244 1
13483 19618 1
4462 18171 5
13484 19618 14
3495 7681 1
1660 16574 1
12507 2811 1
1082 11238 1
13485 19618 2
13486 13486 4
10860 10860 596
5062 16020 2
13487 19618 1
1408 19618 9
7184 517 1
13488 13488 23
498 19618 1
13489 13881 1
1265 1265 4247
4835 19618 1
13490 13490 550
7383 12600 4
12721 15262 1
13491 13491 95
2666 2666 3864
8938 19482 1
4191 17052 1
1614 10664 1
12252 19618 1
13492 19618 1
4682 15314 1
13493 13493 10
6929 19618 6
9341 17240 1
288 5571 1
13494 19618 3
12536 11651 1
13495 19618 8
3930 3930 4
5540 2220 1
3236 3759 1
12873 15142 1
9042 19618 153
6733 6733 23
13496 13496 5
13497 19618 1
13498 19618 1
4066 10676 1
13499 19618 1
3251 7093 1
86 10078 2
1997 1997 98
13500 16725 1
3004 579 2
9497 919 1
1039 2179 1
9431 19618 6
13501 19618 9
10456 10456 229
6045 19618 17
8883 5463 1
13502 19618 1
13503 13503 48
8984 8984 1420
13504 13504 200
13505 19618 1
1431 10591 1
2034 19618 1
3619 15478 1
2666 588 1
1359 19618 49
9573 9573 27
13506 13506 2
1504 12064 1
1896 9513 4
13507 13507 32
6139 2664 2
12475 19618 1
6495 10413 1
8235 19618 5
7361 6406 1
13508 19618 2
9429 2367 3
12417 12417 1215
4879 4879 17
13509 8293 1
1216 18190 2
8636 8636 24
2654 2654 175
13510 13510 26
13511 19618 3
2154 14904 1
10178 19618 3
13512 13512 29
4298 3258 3
2496 12495 1
13513 9842 1
2121 5837 1
2046 19618 5
5937 12727 1
13514 13514 3
13515 19618 1
13516 13516 6
13517 19618 2
2022 5561 1
6890 19618 1
970 9397 1
13518 8908 1
13519 13519 136
13520 19618 2
13521 13521 3
9794 14872 1
13522 13522 475
1031 2845 1
13523 13523 17
13524 15320 1
4310 19489 2
6139 19618 23
13525 19618 3
8242 8242 65
13526 13526 28
3084 15080 1
13527 19618 1
13528 19618 4
2199 9585 1
3498 3498 2472
9200 19618 95
2143 14501 1
5717 19618 15
3481 19618 9
9208 2607 1
880 880 645
13529 2611 1
6157 6157 71
13530 19618 7
13531 19618 1
13532 19618 1
3037 3037 345
13533 13533 13
7166 8418 1
13534 17824 1
1007 19618 7
11143 6223 1
4880 4880 23
13535 19618 15
10533 1538 1
523 4491 1
1779 7953 1
9505 9505 2
3334 3334 2435
12036 3876 1
244 17509 1
7148 7148 113
5092 299 1
1257 18295 2
6895 3652 1
395 6163 1
13536 19618 1
6015 918 1
3653 11129 1
10208 10208 1131
8421 13255 2
13537 19618 53
1760 5950 2
388 388 11174
1327 928 1
11480 19618 2
13538 19618 3
5993 6489 1
13539 19618 9
13540 13540 10
10205 19618 62
2722 16898 1
10569 18028 1
11564 17437 1
10475 19618 13
8514 18020 1
12388 12388 16
13541 19618 2
866 9530 1
6892 15536 1
13542 19618 1
3307 3307 4711
7716 15948 1
453 15549 1
7510 7510 6934
5893 19618 21
13543 13543 29
13544 13544 655
12980 19618 1
13545 13545 179
8757 8757 103
9366 19618 1
9232 5756 2
9864 6408 2
352 17270 1
9684 19618 2
143 143 7
6524 7823 1
7567 19618 1
8227 3764 3
13546 13546 37
5072 19618 13
9957 16472 2
11911 14484 1
11622 11622 219
13547 13547 10
2669 3884 3
12779 5011 1
13548 10737 1
11056 19618 2
5335 13941 1
5133 4953 1
13549 13549 74
13550 13550 1
8422 14244 1
10968 10968 260
13551 12758 1
11337 19618 4
3834 14625 1
3343 7117 2
13552 19618 12
218 218 2377
1464 19618 43
793 7984 1
6602 187 1
13553 13553 1
13554 13554 115
5331 5331 391
1119 10361 1
3349 19618 15
13555 19618 2
13556 19618 1
4345 3144 3
13557 19230 1
9739 19618 7
6299 19618 6
1546 19618 7
2165 19618 91
5976 5976 13
13558 13558 18
13559 13559 494
5182 19618 1
13560 19618 111
4315 19618 234
10924 19618 1
13561 19618 42
7401 7206 1
8612 1921 1
6496 19618 1
3187 16780 2
13562 19618 1
7751 19618 1
11447 19618 6
13563 13563 3
5255 13811 2
13352 19618 1
2282 16577 1
1491 5493 1
8060 1125 1
6167 17653 1
13564 13564 25
9609 1255 1
6660 8777 1
13565 13565 95
7643 17620 1
13566 19618 1
5006 5006 5300
1139 14775 1
13567 13567 42
13568 13568 101
13569 19618 1
13570 19618 1
13571 19618 1
2967 19618 25
13572 13572 304
13573 13573 73
13574 19618 2
13575 13575 13
13576 19618 10
13577 13577 498
7613 7962 1
1907 3052 1
13578 19618 1
6096 19618 15
416 15674 1
221 4348 8
8532 18863 1
7900 7682 2
8302 19618 5
5847 19618 11
5746 13227 1
4352 6578 1
2240 11478 4
13579 19618 1
2600 19618 1
59 13323 1
1457 1457 534
13580 13580 77
4723 19618 33
7647 7647 26
13471 13471 6
2036 2036 2506
5093 2385 1
4282 19618 5
2397 19563 1
13581 19618 3
13582 13582 770
13583 19618 1
13584 14131 1
13585 19618 2
13586 19618 6
11610 18984 1
13587 13587 68
13588 13588 19
12508 12508 26
1078 19618 2
8976 8976 106
5531 10982 1
13589 13589 99
13590 19618 6
3780 19618 1
2758 15155 1
11305 11305 29
13591 19618 23
12149 12149 194
13592 17877 1
13593 19618 1
9828 4289 1
4676 18317 1
13594 13594 10
3490 19618 15
13595 19618 4
12623 12623 34
3259 3259 852
8330 2623 1
5044 5044 664
2983 2983 114
6705 6705 301
2218 5543 1
12501 10116 1
13596 19618 1
9213 19618 10
831 8958 2
13597 13597 186
3578 14621 1
13598 19618 2
11590 19618 114
6909 19618 245
13599 19618 1
13600 19618 1
923 10325 1
8262 2739 1
2733 12392 1
13601 19618 2
8639 19618 1
13602 13602 44
13603 1480 1
3495 19618 60
11094 11094 1074
13604 19618 2
9652 666 1
4336 14630 1
1979 19618 8
13605 19618 6
1439 19134 1
13606 19618 6
1627 19618 1
13607 19618 1
13608 19618 8
9376 9376 2
11061 11061 56
1071 15574 1
1225 4666 2
13044 19618 56
3334 14912 1
13609 19618 1
9101 19618 3
464 17118 1
13610 13610 15
1301 19618 31
13611 19618 1
4265 4265 511
2203 8487 1
458 18236 1
5943 19618 2
13612 19618 2
11379 19618 5
13613 13613 94
11154 19618 64
7224 19618 1
9563 10766 1
13614 19618 1
7168 7168 25
4464 4464 31
13222 13222 155
13615 6035 1
6698 19618 1
9909 19618 1
2759 16468 1
2218 7565 1
12440 19618 1
13616 13616 346
8712 14939 1
13617 16654 1
2478 7295 1
9012 9012 510
2688 12869 1
1247 1247 1157
13618 19618 30
1114 16377 1
9757 9757 420
1616 12293 1
10196 10196 561
7962 9093 1
424 14634 1
3619 19618 680
12433 19618 3
6637 6355 1
3228 1007 1
13619 19618 2
4884 4884 4835
13620 10980 1
13621 19618 1
3528 615 1
11651 11651 2
13529 19618 17
12026 19618 7
4194 19618 1
13622 19618 3
9083 2491 1
5408 19618 7
9661 2519 1
13623 8265 1
2834 2834 349
2930 19618 96
224 5030 17
3832 9250 2
12036 12036 1323
8271 19618 1
6121 12921 1
4011 2319 1
5718 4849 1
4334 4334 638
1552 19180 1
13624 19618 1
3073 18554 1
13625 19618 4
6418 17003 1
3647 19618 11
1100 5370 1
4414 13468 1
13626 19618 4
9819 19618 5
13627 19618 2
8900 8900 304
13628 19618 1
13629 19618 5
4716 19618 553
13630 19618 1
13631 19618 8
7094 7094 4250
13372 13372 162
13482 13482 35
5091 8164 1
13632 13632 401
1028 19618 2
791 10302 1
11347 11347 295
7787 16376 2
13633 19618 1
1729 15662 3
11922 19618 3
4486 19618 2
8918 19618 10
13228 8031 1
3566 17907 1
9892 18101 2
13634 19618 1
13635 19618 4
4511 4511 786
13636 13636 37
13637 13637 29
13638 19618 8
2369 16912 1
13639 19618 1
7032 7032 5372
766 14159 1
5490 5490 3381
13640 13640 191
1853 7175 3
6610 11218 2
10700 14682 1
1577 2388 1
13641 19618 1
5670 5670 338
13642 17248 1
13643 13643 12
9646 19497 2
13644 13644 35
13645 13645 67
7196 12931 2
8695 19618 10
4297 1970 1
11905 11905 19
1275 1275 360
606 9744 1
6156 19618 214
2774 6119 1
13646 13646 190
6877 5000 2
4884 4274 2
2487 11241 1
1287 1287 1009
3407 14423 1
11131 18420 1
912 9312 1
13647 13647 324
5787 19618 12
9737 2139 1
13548 13548 106
3062 17275 1
13399 19618 2
13648 13648 21
13649 17997 1
13650 19618 1
13651 19618 1
13652 19618 1
1895 4617 2
13653 19618 3
13654 13654 9
10624 10624 2991
5451 19618 3
11129 19618 2
13655 19618 9
13656 13656 20
13657 19618 4
13658 19618 6
13659 13659 10
8908 8908 2
1051 16964 1
13660 13700 1
6628 17180 1
13661 19618 5
13662 19618 2
13663 13663 5
10139 11785 1
13664 13664 27
7980 5643 3
11099 15444 1
6959 1056 1
6092 12699 1
7309 15824 1
4414 556 2
8340 19618 15
912 1225 2
409 409 10680
13665 19618 1
13666 13666 7
938 19618 176
13667 13667 37
13668 13668 24
5680 19618 42
3654 17467 1
1597 435 1
1715 9845 2
12759 13894 1
13669 19618 16
5868 9384 2
13670 13670 27
2425 2425 869
13671 13671 2293
11026 11026 70
3928 1524 2
858 858 4479
13672 19618 2
7421 7421 720
708 19618 2
13673 19618 1
13674 18151 1
5531 10924 1
4973 4973 2365
13675 13675 15
13676 667 1
13677 916 1
5811 5811 10
13678 13678 11
710 5781 2
6819 19618 16
6375 15290 1
13679 19618 1
13680 19618 1
809 4565 3
5583 19618 8
507 507 871
12501 13148 1
8657 19618 29
13681 19618 1
3746 517 1
13682 15383 2
13683 10385 1
7595 11542 2
12160 12160 14
13684 19618 1
13685 8599 1
13686 19618 1
8149 8149 92
13687 19618 2
13688 16751 1
4025 4025 11282
3853 12298 1
10404 12791 1
5922 13821 2
13689 19618 1
10266 5303 1
5198 7533 1
8223 19618 27
13690 19618 1
5037 15695 1
13691 13691 1202
13692 13692 33
13693 13693 13
10720 10720 7
72 72 1790
6395 19618 1
8842 288 1
11248 11248 1
3396 19618 3
13694 13694 5
4931 18199 1
13695 13695 3
13094 19618 1
7900 19618 6
1333 1333 2014
2163 18780 1
13696 19618 1
13697 13697 1344
13698 13698 4
13699 19618 6
13700 19618 4
7564 14233 1
4493 4493 3009
13701 19618 2
4563 6102 5
8979 8979 11
8272 19618 25
13702 19618 1
4933 18949 1
13703 19618 2
13704 19618 9
10397 3395 1
7519 9419 1
49 1102 2
11283 19618 3
9061 12238 2
11374 19618 2
13705 13705 61
3466 6477 1
9319 2670 1
13706 19618 1
13707 13707 144
4341 4341 102
7050 15671 1
13708 19618 4
13709 13709 5
13710 13710 310
13711 19618 3
2771 996 1
13647 19618 10
5198 6397 1
13712 13712 97
12572 19618 117
5902 5902 1467
1677 3645 1
9341 16316 1
13713 13713 10
13714 13714 164
13715 19618 1
7716 3951 2
13620 13620 387
13716 19618 3
746 15367 1
13717 13717 38
12532 2463 1
4481 18578 2
13718 19618 1
13719 19618 3
13720 19618 1
13721 13721 219
677 15814 1
1081 6197 1
948 2159 1
13722 19618 5
13723 13723 4
13724 19618 1
13725 19618 1
12979 12979 232
211 4093 2
481 6903 1
1919 1919 5234
501 14629 1
9037 9037 2
13726 13726 50
1375 7011 1
13727 13727 1
7549 766 1
7442 7442 59
2377 1055 1
12176 19618 2
13728 13728 6
8802 3086 1
13729 16487 1
4047 10140 2
9787 12978 1
5726 15916 1
4449 11794 3
13563 19618 1
8260 8260 64
2695 2695 20
11224 19618 1
10352 19618 5
13730 13730 1
13731 19618 2
5765 6087 14
1634 1634 320
3513 19618 43
2585 4837 1
2670 4415 4
13732 6942 1
13733 13733 1207
13734 19618 4
1890 1890 3
13735 19618 2
13736 19618 1
5745 417 1
13737 13737 2
3741 13835 1
13738 19618 6
13739 13739 2
13740 13740 967
1766 19618 1
13741 19618 2
12627 12627 2839
13742 19618 1
13743 13743 25
13744 13744 189
13745 19618 27
12453 19618 8
6911 19618 1
10870 19618 1
1658 11880 1
8565 19618 2
9824 9824 4
6660 6660 134
13508 18512 1
7719 4511 1
5121 19618 142
2454 2454 14922
5135 5410 1
13746 19618 4
13747 19618 7
4543 19618 3
13279 13279 3
13748 19618 1
12293 19618 9
13749 19618 1
509 13143 1
73 19618 9
3928 3889 2
13559 10030 1
8466 19618 2
3201 10759 2
11250 70 1
12183 19618 10
13750 19618 1
13751 19618 1
8721 19618 8
9022 19618 6
13752 19618 8
9548 19594 2
4883 4883 116
9580 3502 1
4458 15601 1
2163 8317 1
3513 2688 4
13753 13753 2
13754 13754 79
3915 3915 33
13755 19618 1
13756 18192 1
1649 4235 1
13757 13757 238
13758 10570 1
6697 19618 5
12822 12822 3
11914 5913 1
13759 19618 4
13760 19618 1
13761 19618 1
13762 13762 110
13763 13763 13
2339 2339 3573
6158 6158 34
13764 881 1
11503 11503 380
2869 3098 1
293 16046 1
13765 13765 637
11542 19618 2
2701 19618 33
155 9258 1
2246 2246 202
13766 13766 13
4049 13026 1
13767 19618 1
13768 13768 28
13769 19618 1
7196 13623 1
13770 19618 1
13771 19618 1
11833 11833 95
13772 13772 489
3566 12051 1
3913 4738 1
13773 13773 35
13774 19618 1
13775 19618 1
2308 1449 1
510 9693 1
2240 19078 1
13776 13776 35
10137 19618 12
13777 13777 60
4644 19618 1
803 4954 1
3210 3210 39
13778 19618 4
2259 5282 2
13779 19618 1
5148 6596 1
5729 5729 63
11939 19618 30
979 19373 1
12644 19618 5
4287 18446 2
13780 19618 2
13781 19618 1
13782 13782 69
4546 4546 51
13783 19618 3
13784 19618 4
13785 13785 55
1876 19618 591
619 2749 2
13786 19618 1
5002 14265 1
13787 19618 3
6263 6263 561
11796 19618 119
6623 19618 74
13788 19618 1
478 9096 4
6608 6608 1435
8481 8481 324
6510 12688 3
10447 4172 1
5131 1327 1
13789 13789 15
5038 5038 4838
13790 19618 5
13791 19618 15
6190 6931 1
3922 3922 1616
10711 10711 101
6344 19618 1
2796 6003 1
6628 5949 1
12833 12833 256
13086 19618 7
1686 1836 1
13792 19618 7
3986 380 1
6089 3967 1
910 19618 1
13793 13793 119
4866 4866 63
12634 12634 6
99 19618 3
2211 2797 4
2636 2636 194
1486 17661 7
13794 19618 1
13795 19618 13
13795 2353 1
6023 19618 136
13796 19618 1
5613 4767 2
7055 12369 1
2746 2746 303
13797 13797 25
13798 19618 1
13799 13799 13
512 19362 3
1557 235 1
3080 3080 220
13800 13800 408
13801 19618 3
5088 3013 4
13802 13802 116
13803 12665 2
2988 10053 1
13804 13804 1
8933 19618 1
6529 1114 1
2719 19618 151
13805 19618 6
6359 6359 45
4781 15590 2
365 7981 3
13806 19618 1
13807 19618 1
7392 19618 2
13808 13808 856
1868 1137 2
5394 19618 5
5510 12925 1
13809 19618 1
13810 13328 1
224 12440 1
13811 13811 43
8729 738 1
2949 2949 1958
8545 19534 1
1708 1708 10
1099 13520 1
13812 19618 1
7887 19618 10
13813 12121 1
309 2684 1
10857 10857 44
11178 12538 2
13814 19618 1
13815 19618 1
2617 2943 2
4174 19618 34
8934 3253 1
13128 13128 1035
13816 19618 1
9029 13679 1
5515 5515 23
11254 11254 24
970 19618 261
13817 19618 1
13818 19618 2
12361 2891 1
10299 10299 61
8421 7564 5
9284 9284 54
13819 13819 170
8842 11541 3
13820 19618 2
1763 16344 1
4186 1780 1
4459 6776 1
7252 1378 2
13821 19618 4
4470 13993 1
3084 4574 2
7740 11350 1
6436 15235 1
9551 19618 10
13822 13822 182
13823 19618 3
13824 13824 101
1475 2786 1
12568 19618 1
390 17563 2
226 226 53
13825 13825 14
13826 13826 75
13827 13827 1045
8842 3714 1
13828 19618 2
4056 1990 1
8097 8097 26
2490 15567 1
13829 19618 1
1398 17609 1
11091 399 1
13830 12854 1
1679 9579 1
9326 9326 47
13831 13831 2
24 1175 1
11120 19618 8
676 14152 2
13832 13832 59
2322 18948 1
6642 19618 9
900 8458 5
13833 19618 1
13834 19618 1
8708 396 2
1931 14335 1
695 2632 4
4250 2493 1
13835 19618 1
13836 19618 1
3441 8669 1
1215 19618 3
13837 19618 4
5911 7245 1
1852 14453 1
4187 4187 5
2366 1933 8
9312 19618 2
13838 19618 2
1203 6169 1
13839 13839 21
13575 19618 1
2154 11363 2
7834 9181 1
2670 4448 1
13840 13840 451
11702 11702 31
4251 1219 1
13841 19618 2
670 19618 283
13842 13842 640
8264 3079 1
10825 10825 150
2996 2963 1
7227 8969 1
2876 2876 75
13843 13843 6
4110 14684 2
13844 19618 2
12769 12769 12
512 18403 1
13845 13845 160
13846 19618 2
5645 16022 1
13847 13847 64
13848 19618 1
12116 19618 8
4664 19618 4
11478 19618 8
13849 19618 7
13850 14155 1
6895 6895 86
12327 12327 144
13851 13851 3
6429 15564 1
4638 10237 1
13852 19618 5
13853 19618 4
13472 13472 257
13853 13853 137
11607 11607 43
7960 19618 9
6781 13898 3
956 956 45
13854 13854 5
10049 19618 27
3588 8792 4
13855 13855 92
1519 12206 1
6263 19618 17
1707 3494 1
5258 19618 7
13856 19618 1
7999 7754 1
1701 2212 1
13857 19618 2
13858 19618 1
5415 5415 4
123 8627 1
896 19618 526
2007 13592 5
13859 13859 14
6119 19618 1
13860 17952 1
3902 3902 250
13691 9009 2
13861 13861 337
921 3536 5
11242 5203 1
2525 19216 1
11178 11178 10127
1672 14269 1
13862 19618 1
2497 2497 4087
12958 12958 1249
8944 19618 3
2670 3468 1
713 19618 3
13863 19618 2
8852 16204 2
2861 10077 1
4736 12617 1
4817 4817 1656
9765 19618 2
5243 5243 35
13864 9938 1
633 633 59
13865 19618 4
2233 1424 1
13866 11418 1
9792 19618 65
13867 19618 1
13868 19618 1
657 550 1
1862 7020 2
11951 9202 1
2016 19618 10
13869 13869 23
4147 2170 1
7723 18750 1
11131 6005 1
13870 19618 1
12716 12716 57
2647 18843 1
3470 3470 48
13871 6802 1
6333 6333 23
5512 8280 1
5284 19618 5
5774 16720 1
13872 19618 1
13873 19618 1
8428 9471 1
3585 15244 1
6439 19618 2
6190 10514 1
6007 19618 9
13874 13874 37
5556 19618 164
1218 330 3
2178 11365 1
13875 13875 49
120 120 212
11915 11915 19
6585 6585 231
13876 13876 31
13877 19618 1
4058 14510 1
5626 18186 1
6361 19618 270
13114 13114 35
1052 19618 1
10782 10782 57
4302 4302 142
13878 13878 272
12813 12813 114
13879 19618 2
13193 19618 9
13880 19618 6
13881 13881 26
822 19618 35
13882 15668 1
13883 19618 1
4259 4259 1684
13884 13884 42
5763 854 2
11280 13005 1
10314 10113 1
13885 9841 1
86 1897 1
3909 8069 1
3467 3829 1
3566 12760 1
13886 19618 1
11334 17531 1
13887 13887 5
565 14931 1
791 791 8419
13763 19618 1
4278 4278 303
277 4369 1
5339 5339 6
1725 4788 3
6754 6754 265
6818 19583 1
820 820 13
3816 8990 1
13888 19618 1
8817 8817 400
13889 3067 1
13792 8866 1
901 13785 1
9944 3411 1
7826 3875 1
5703 19618 1
3163 6383 1
3056 16392 1
650 5773 1
13890 13890 48
4461 152 1
1031 1031 5019
7792 19618 1
3566 9316 2
1304 1304 38
11576 11576 24
9662 13930 1
923 13076 1
13891 19618 3
1243 13510 1
11611 19618 4
8020 1929 1
12022 19618 8
1452 8653 2
3571 5016 4
7539 6991 2
3354 3354 475
13892 8727 1
4931 4931 552
883 883 128
13893 19618 1
13894 13894 19
1288 19618 2
6104 6104 487
13895 18862 2
2515 19618 1
7205 19618 8
13896 13896 660
9257 9257 402
13356 13356 1
1428 1301 6
5750 19618 45
13897 19618 1
961 10437 2
3941 18242 2
13898 19618 3
13899 13899 5
8848 6230 1
1271 19618 2
13900 13900 6
13901 13901 193
13902 13902 210
13903 13903 2
13904 19618 1
5409 5409 9727
12730 19618 2
7984 16631 1
13905 19618 1
5679 16510 1
13906 1935 1
1677 13117 1
6197 19618 26
13907 13907 17
64 64 64
3913 16909 1
1755 350 1
13118 13118 1
7421 19618 11
4049 19422 1
829 134 11
84 14161 1
13908 19618 2
13224 9480 2
10629 2172 1
6623 3060 4
7047 2745 1
13866 14547 1
5088 8137 5
11474 12433 1
4414 19618 124
5166 5098 3
13909 19618 3
4185 19618 1
11176 12093 1
9269 19618 2
13910 19618 1
3385 10414 1
13911 13911 7
13912 19618 7
13913 13913 73
6850 6850 300
13914 19618 1
5655 5655 50
13915 19618 1
7775 19618 1
3629 17189 1
314 9224 4
13916 19618 1
13917 19618 1
2465 19618 19
1106 19618 72
13918 19618 1
4086 769 1
10814 19618 17
5440 19618 2
13919 19618 1
13920 13920 53
6641 10259 1
8887 19069 1
187 15907 1
13461 9087 1
13921 19618 3
8134 12327 1
11608 19618 1
425 425 4657
11309 11309 277
11076 16791 1
12752 19618 238
13922 13922 286
7820 12004 1
7595 4413 1
10937 10937 356
8450 8450 3363
13923 13923 22
13924 13924 43
13925 19618 3
13926 13926 11
13927 19618 6
13928 6784 1
13929 19618 8
13930 19618 1
5606 5647 1
11943 11943 2165
5274 2869 1
13931 13931 289
13932 19618 1
13481 19618 25
11673 19618 26
13933 13933 23
5552 5552 8
7046 7046 11
13034 19618 1
1752 3661 2
1919 13231 1
13934 13934 62
6695 10904 1
13935 19618 1
9214 9214 3
4356 4359 1
1499 1499 792
13278 19618 2
13936 19618 6
13937 19618 1
5915 1614 1
13938 19618 8
7456 1791 1
3048 4373 1
10550 10550 335
13939 13939 397
8448 19618 1
7585 18954 2
10217 10217 33
870 18657 1
606 19618 38
1933 3487 2
7275 11871 1
639 639 182
13137 19618 7
11657 19618 1
5267 5267 2540
7516 7209 3
8227 15425 1
13940 13940 22
13941 19584 1
13942 19618 1
4296 13718 1
13943 13943 15
491 19618 17
7201 7201 105
6674 19618 1
11898 18473 1
2541 19618 1
13944 19618 3
221 4173 4
13293 3765 1
912 16373 1
13945 19618 1
6792 13936 6
965 1882 2
13946 19618 2
6707 1499 2
12474 19618 48
948 19618 56
295 1351 3
13947 13947 2529
13948 13948 277
7286 9833 1
7702 19618 1
10583 19618 1
8015 3629 1
1982 11606 1
395 10638 3
13657 9305 1
4315 18909 3
13949 19618 2
12911 2893 1
7705 10891 2
7321 10876 1
7092 8875 3
13950 13950 184
3094 19618 1
13951 19618 1
8707 8707 428
13952 19618 2
6421 2411 1
13953 19618 1
3498 18234 1
3362 3362 3083
13954 19618 1
5483 5483 1804
13955 19618 7
13956 19618 1
13795 10675 1
9971 19618 4
8635 19618 5
13957 13957 20
13958 19618 3
13959 19618 1
13960 13960 2
4740 13991 1
13059 19618 1
13961 19618 1
9042 3659 1
13962 19618 2
9056 9056 78
1376 6764 1
13308 19618 5
13963 13963 54
9946 19618 2
9034 9034 69
13964 19618 2
6303 19618 31
5627 15996 1
6606 3386 1
11238 11238 6
13965 13965 87
2490 6077 2
10772 10772 7
13966 19618 2
845 11805 5
5530 5530 51
13967 19618 1
11886 11886 37
3306 19618 20
13968 19618 6
13969 13969 17
890 15316 1
13970 19618 2
13971 19618 1
4966 17309 1
10842 19618 3
13972 19618 13
13973 19618 3
4656 11384 2
13151 13151 4
1907 19618 396
7491 19618 28
13974 19618 1
13346 19618 1
13975 12714 1
11852 14046 1
13976 19618 1
13977 19618 2
13422 19618 3
5893 10075 1
13978 19618 1
4966 18451 3
7117 7117 363
13979 19618 5
13980 13980 63
5922 15134 1
13981 13981 958
13982 13982 21
2767 2767 85
13983 3244 1
6621 11869 2
5422 14446 1
13559 19618 17
2405 2405 188
11289 19618 3
6043 11574 1
4049 2347 4
13984 14254 1
5209 19618 3
13354 19618 5
5131 16819 1
13985 13985 425
13986 13986 12
11348 10161 1
13987 19618 2
13674 19618 26
13988 13988 1
5092 13610 1
6858 6736 3
1948 1948 335
13989 19618 1
7289 5271 2
13990 19618 13
11383 11383 23
13025 13025 376
309 309 22106
830 19618 43
3058 18642 1
5222 5222 110
7466 19618 1
4141 19618 208
2426 14090 2
5021 19618 1
7886 14866 1
10032 10032 7
40 10330 2
13991 19618 1
3173 11988 1
13992 13992 8
3856 19618 1
13993 19618 3
13994 13994 3
9538 9892 2
7156 19618 12
13995 13995 98
2176 19618 81
11585 19618 1
2988 1879 4
13996 13996 1409
1765 14234 1
3761 19618 1
13997 19618 3
13998 13998 19
9386 2111 1
11528 18052 2
13437 13437 966
7627 12196 1
2461 18697 1
13999 13999 25
1907 1922 1
14000 19618 11
6702 6702 2604
2283 8210 1
10074 2835 1
14001 19618 1
14002 19618 6
14003 19618 1
14004 19618 1
7728 14908 1
6380 6380 8
13403 8356 1
6836 13503 1
14005 14005 17
10447 10447 1290
14006 19618 2
2618 12902 2
2522 2672 2
12188 19618 5
14007 2253 2
6505 19618 6
2510 2510 60
3256 7877 1
3555 13948 1
14008 14008 19
14009 14009 501
11143 19618 38
14010 14010 157
14011 19618 8
837 15264 1
14012 19618 2
1089 1089 106
6542 19618 7
1663 1311 2
5848 19618 2
1156 6273 2
11599 5068 1
10121 19618 1
544 544 11152
5682 9245 2
14013 19618 11
14014 19618 1
7234 19618 13
11371 9320 1
14015 19618 1
6760 1178 1
4461 12348 2
14016 7326 1
14017 19618 2
1586 19618 1
10397 6357 1
1931 1931 39926
689 19618 1
14018 14018 52
4802 14593 1
12474 12749 2
6011 6011 679
178 7825 1
5928 9581 2
6915 16271 1
9509 9509 14
5917 11109 1
8287 2788 1
11875 11875 27
126 4142 1
13826 19618 2
14019 14019 82
14020 19618 4
14021 14021 5
14022 19618 1
10156 2082 1
14023 14023 80
13896 19618 18
2386 19618 51
14024 19618 1
4961 9223 1
574 6193 2
10952 19618 40
14025 19618 2
359 4770 1
14026 19618 1
2229 17208 1
14027 14027 3
3917 3917 1626
6853 6853 515
14028 14028 137
10418 7247 1
14029 14029 138
14030 19618 1
14031 19618 1
8250 15931 1
8091 899 1
6479 19618 3
8026 6582 1
14032 19618 1
1760 9904 1
14033 14033 14
13090 15057 1
3912 3912 88
4423 4427 1
14034 19618 3
8057 8057 986
14035 14035 168
14036 1347 1
881 881 3
14037 3667 1
14038 19618 1
10685 17561 2
217 7052 2
896 5556 9
6610 9501 3
14039 19618 1
14040 19618 4
11111 19618 5
11771 11771 191
9055 7015 1
2542 486 1
5310 5310 65
14041 19618 2
2839 16018 1
650 17959 1
4557 4557 16
11757 19618 5
7214 19618 2
14042 14042 253
14043 19618 2
8756 19618 5
2642 2642 85
14044 19618 2
14045 19618 4
4646 4646 933
3303 19618 2
12721 19618 8
8585 19618 1
14046 14046 21
14047 14047 5
6908 1838 1
14048 14048 7
3612 16735 6
10124 10124 185
14049 17597 1
14050 4771 1
3118 7482 1
14051 14051 108
10152 19618 60
8225 2985 1
9211 19618 2
7961 7218 1
2228 19618 90
14052 14052 100
1055 791 1
6149 4012 1
4011 16602 1
10928 10928 52
14053 14053 82
11481 1247 1
7444 7444 312
5607 11607 1
14054 19618 1
3124 19618 2
5090 5090 2736
14055 14055 18
9071 19618 1
12024 8167 2
8322 8322 83
5860 4514 4
14056 19618 2
14057 19618 5
9540 9540 1192
7246 1747 1
4084 2203 1
2390 11250 1
10704 11229 1
9395 9395 511
834 834 102
14058 12522 1
2510 7629 1
7643 19618 32
14059 19618 2
14060 14060 114
8633 10997 1
6176 19618 83
14061 8977 1
14062 17513 1
6493 6493 104
9944 9525 1
14063 19618 1
13535 13535 528
1451 18436 1
14064 14064 907
14065 19618 3
14066 19618 1
8696 15950 1
8404 19618 1
14067 14067 33
14068 19618 2
14069 14069 169
1931 5228 1
12588 12588 80
14070 19618 4
8508 8508 871
13582 6212 1
1536 13481 1
2086 9633 1
14071 18087 1
2184 2184 1228
14072 19618 4
11242 4971 5
14073 19618 1
13864 13864 1640
634 634 10862
14074 18502 1
1094 9270 3
9995 9995 1488
1285 10249 1
11381 18201 1
1198 19618 4
7392 6015 1
14075 19618 4
5713 19618 1
14076 14076 26
14077 14077 63
6920 6920 2
3256 19618 12
14078 11910 2
727 15726 3
7962 14445 1
4519 4519 10055
5551 5551 3
1176 8926 2
14079 19618 13
9416 10533 1
14080 19618 1
1003 4921 11
2962 13899 1
14081 14081 2
2720 13680 1
40 17723 1
9250 9250 37
5612 5612 13
14082 19618 1
14083 19618 6
14084 14084 12
9361 19618 17
14085 14085 36
14086 19618 2
4961 11029 1
14087 19618 2
4728 4728 552
312 15324 1
9743 19618 1
14088 14088 21
970 4598 2
14089 14089 56
3865 3865 46
1570 15979 2
2815 17472 1
10581 19618 6
10254 10254 69
14090 19618 9
11397 11137 1
14091 19618 1
7486 19618 9
14092 19618 5
9865 19618 1
14093 14093 4
14094 14094 39
4267 4267 15
7701 19618 32
3137 19618 18
14095 3241 1
14096 19618 1
6507 5025 1
468 1714 1
6151 5515 1
7510 2397 3
6795 1142 1
2670 9424 2
14097 19618 6
12063 11463 1
12631 14940 1
14098 14098 32
7653 19618 594
746 11758 3
11777 19618 88
14099 19618 1
4256 18987 3
14100 19618 1
14101 19618 3
6701 2982 1
4768 18440 3
12282 19618 1
5573 19618 7
2771 4806 1
14102 19618 1
14103 14103 25
10838 3883 1
6376 5752 5
289 19618 5
14104 14104 1934
970 4013 3
8718 7080 1
7767 7767 258
14105 14105 18
14106 15205 1
14107 19618 2
14108 19618 1
13755 13755 67
1533 1533 6
4156 9517 1
9688 9688 292
14109 14109 137
1342 7729 2
7140 19618 27
10676 10041 1
14110 14110 355
1573 3520 1
5234 6341 2
14111 14111 196
912 14451 1
7195 19618 5
1338 1338 159
11937 19618 3
9857 19618 4
14112 19618 1
14113 19618 3
14114 14114 28
7218 7218 34
7281 19618 119
14115 19618 1
14116 14116 184
14117 14117 241
7289 7586 1
14118 19618 3
1327 804 1
3635 19618 1
11758 11758 63
10001 8782 2
1226 7538 1
8937 19618 6
2300 16790 1
14119 14119 24
3782 17870 4
12396 12396 1031
14120 19618 2
14121 19618 7
8534 8534 763
14074 19618 23
14122 19618 2
14123 19618 1
14124 19618 1
14125 19618 2
26 26 3550
520 922 1
14126 14126 20
14127 19618 15
13008 19618 1
705 3742 6
250 2860 19
426 8951 2
14128 19618 4
14129 14129 5
13364 19618 12
9075 9075 663
3078 3078 378
2819 19618 11
13187 9722 1
4643 4643 407
14130 19618 1
14131 19618 1
7583 7583 9
639 19618 5
4055 4055 86
195 3038 2
8573 19618 2
11564 19618 5
9491 9617 1
8808 8808 631
14132 19618 2
14133 14133 253
2474 19618 1
6291 6291 1156
12578 12578 1066
359 2114 9
14134 19618 1
3392 3392 103
14135 10940 1
4122 19618 1
8528 19618 82
7856 10040 1
1450 1450 12657
9473 19618 2
4319 19618 1
828 7106 1
11323 19618 2
10915 14407 1
10355 10355 126
14136 19618 22
1192 19618 21
1546 1546 216
10856 19618 19
12792 12792 61
14137 14137 11
7842 3942 1
14138 19618 1
12383 19618 6
4526 19618 163
11382 19618 3
705 5879 6
3041 3041 9
14139 14139 19
9085 5006 4
14140 19618 1
8629 19618 217
1954 9934 14
4947 9556 1
3416 3416 221
11290 19618 15
14141 14141 12
10068 7563 1
13027 19618 19
14142 19618 39
14143 19618 1
8349 11864 1
11930 18309 1
6303 19424 1
8824 19618 1
3482 19618 1
14144 19618 2
7077 19618 1
8380 18671 1
3853 2154 1
3361 19618 41
11786 11786 31
7032 6837 3
14145 19618 3
2834 19618 4
11910 11910 23
244 14730 1
12611 12611 29
538 6865 1
2804 15498 1
14146 19618 2
3718 7243 1
14147 19618 1
8835 8835 266
14148 19618 1
14149 14149 7
8056 19618 1
3781 19618 2
5556 5556 6168
14150 14150 217
6949 6078 1
14151 14151 3
14152 19618 2
2274 2274 8731
14153 19618 1
4928 11710 1
4802 12885 1
14154 19618 6
5665 15807 1
14155 14155 4
14156 19618 3
14157 19618 2
13140 19618 1
6270 19618 6
12684 19618 2
6099 2591 1
2627 13132 2
1557 3554 1
6040 6040 82
14158 19618 1
3612 14239 1
9131 9131 5
14159 19618 3
14160 19618 12
14161 14161 2
9662 222 1
14162 19618 1
12550 19618 1
1712 19618 5
14163 19618 5
14164 19618 11
1263 1263 381
3529 3529 25
1315 1315 154
3135 15230 1
14165 19618 1
1203 13441 2
14166 14166 58
2303 19618 1
2639 19618 145
11745 13491 1
5579 19618 2
14167 19618 6
14168 14168 14
11903 19618 1
12651 12651 698
3437 3437 116
14169 19618 1
13954 13954 4
2032 10941 1
14170 14170 3
5376 19618 26
14171 19618 1
14172 14172 1
4199 17385 1
14173 19618 2
5322 186 1
8932 10797 1
11677 11677 19
14174 14174 6
7826 1905 1
2283 4252 1
8227 9323 1
14175 19618 1
10700 14664 1
14176 19618 10
2772 61 1
1094 7804 1
1547 1547 2728
14177 3078 1
8794 3562 1
14178 14178 3
8214 8214 80
14179 19618 6
9454 14925 1
14180 14180 49
1523 13248 1
14181 19618 1
5002 4709 2
2783 2783 4
14182 14182 25
1881 15532 1
14183 16299 1
14184 19618 1
11091 19618 5
14185 14185 22
14186 14186 33
13206 19618 16
14187 14187 29
3996 13178 1
14188 14188 54
2767 19618 1
9352 19618 88
14189 19618 5
3298 3298 191
1253 13952 1
1823 1823 61
1339 17780 1
3895 10156 1
5376 13871 2
14190 19618 2
14191 14191 340
2741 2741 238
14192 19618 1
3002 19618 26
12722 12722 18
5490 10318 1
14193 19618 11
5012 19618 2
10318 10318 8
13935 13935 13
9117 9117 131
7076 7076 64
13670 19618 1
14194 19618 1
13773 19618 1
14195 14195 36
14196 19618 1
1701 19618 82
14197 14197 88
11593 11593 17
6465 19618 1
1022 19618 270
1570 16541 1
3663 7036 4
1748 3100 2
4527 19618 7
14079 14201 1
1222 2632 1
10359 2459 1
9816 5966 2
4778 13003 2
1974 1974 213
8702 19618 8
563 1429 2
4894 19618 23
14198 14198 13
14199 19618 1
14200 18212 1
14201 14201 24
2316 11747 1
3601 19618 1
7489 19618 11
7265 15914 1
11270 18858 1
3662 16516 2
12263 19618 2
5247 19618 7
426 4110 2
825 12165 1
14202 14202 308
563 6747 1
14203 19618 2
5414 9679 1
9263 9263 5
3839 18176 1
11242 1276 2
11333 18149 1
8516 17816 1
1477 9821 1
14204 19618 1
1503 9488 1
14205 19618 5
3643 7334 1
1405 1405 880
14206 19618 12
14207 14207 6
14208 19618 9
14209 19618 2
4014 14839 2
13830 19618 1
6902 17598 1
14210 19618 1
10826 19618 1
10584 19618 1
4459 18478 1
14211 14211 554
13691 778 2
14212 14212 8
4291 5807 3
14213 19618 1
6996 19322 1
6840 19618 3
14214 19618 1
6343 6343 15
4608 645 1
14215 19618 1
2861 3919 17
10786 12275 1
14216 14216 72
9570 9570 87
2996 5585 1
1091 6179 1
4143 16641 1
4903 4903 76
8250 19618 6
5720 16958 1
1817 905 4
14217 14217 72
13194 11756 1
2307 8725 1
4642 19618 69
1257 7726 2
349 19618 1
1003 16585 6
6509 2854 1
12727 19618 4
6718 7633 2
12613 12613 6
8403 8403 7
14218 19618 1
862 16553 1
9717 19618 1
2468 19618 14
14219 19618 28
6425 6425 24
8224 15496 1
7226 7226 2925
14220 19618 1
14221 14221 148
1141 335 1
9608 9608 28
1416 14318 1
7404 13103 2
4109 16055 1
2478 15830 2
1625 7807 2
8958 6853 1
8913 14180 1
5500 12016 1
1560 19618 34
2402 19618 77
3570 7344 1
7595 7595 2955
11583 11583 19
14222 14222 14
13406 19618 1
2104 2104 1565
13159 19618 4
140 5007 2
1331 18177 1
2617 14078 10
14223 7361 1
10973 19618 17
14224 4112 1
7595 13310 1
66 66 83
14225 17402 2
1252 8015 1
14226 19618 4
55 19618 1
1896 13761 1
14227 19618 1
3143 19618 1
5362 5362 54
11622 19618 8
2617 18435 1
801 4134 1
7559 19618 96
2916 3444 2
9761 6438 1
14228 19618 9
14229 14229 7
14230 14230 70
14231 14231 23
8543 8543 14
11563 5656 1
14232 19618 12
2933 19618 1
14233 14233 88
10354 19618 35
416 3745 1
3890 2885 1
11805 1938 1
6772 6772 1745
14234 19618 1
3361 3361 1618
14235 19618 4
14236 19618 1
14237 14237 17
3049 3049 73
7929 7929 7701
2482 1648 20
10322 10322 432
6066 6066 1239
3133 3133 7992
4984 7778 5
10216 19618 4
13699 13699 190
12580 12580 6
1062 10821 1
39 12605 1
183 12024 1
2984 4279 1
9915 19618 7
5739 3747 2
14238 14238 29
9977 14955 1
14239 19618 1
2977 2977 1481
4989 12089 1
14240 19618 1
12104 19618 1
11419 19618 23
4752 4752 18
4049 839 1
7605 19618 1
10473 9292 1
14241 19618 1
14242 14242 35
8251 19618 1
14243 14243 6
14244 19618 13
12538 19618 20
9833 6950 1
8708 3186 3
1631 11037 2
14245 14245 14
9674 4340 1
5473 19618 8
14246 19618 1
3373 8123 1
2537 5170 5
2104 4952 2
2326 2326 163
4437 9968 1
13198 13198 55
1172 10353 1
6739 6739 592
2781 14473 1
14247 19618 1
14248 19618 1
331 19618 114
14249 19618 4
2670 2414 3
14250 19618 1
14251 19618 3
4666 7451 1
987 161 1
14252 14252 9
4490 19618 1
2891 4072 2
1222 16085 2
1785 14493 1
1354 5711 1
13924 19618 2
1853 11766 1
14253 14253 936
4770 3001 1
11451 11451 87
10577 8968 1
12358 19618 4
2669 14796 1
2484 2300 1
909 909 528
14254 19618 1
4943 4943 15459
11272 11272 11
5417 4870 1
14255 19618 2
725 19618 13
14256 19618 3
539 15902 1
14257 19618 2
8464 17488 1
14258 14258 33
5306 19618 5
3882 3882 1797
1826 19618 2
14259 19618 1
14260 19618 1
5329 19618 44
234 14218 1
14261 19618 1
1218 4457 1
1609 19618 29
14262 19618 15
5749 19618 7
10453 10453 582
14263 19618 1
9146 11575 1
6700 19618 4
8235 5199 1
5262 5262 108
9634 9634 494
14264 14264 26
14265 14265 393
14266 14266 9
4037 2876 1
4166 19618 41
1698 4312 7
8367 8367 130
4279 5689 10
14267 14267 13
6166 10349 2
5390 19618 25
10195 19618 6
1663 2287 2
5335 11923 1
3346 18566 3
6208 19618 1
5602 5602 1093
366 9416 1
13544 7919 1
14268 14268 17
7980 16330 1
14269 19618 2
14270 19618 1
14271 19618 10
3279 5385 1
7712 16358 1
2842 6122 1
9944 2819 1
14272 14272 258
11582 11582 1659
14273 19618 1
6051 1222 10
2948 2948 29
14274 19618 8
828 19035 1
6291 15505 1
11291 1764 1
10422 14776 1
14275 14275 56
14276 19618 1
14277 19618 1
14278 19618 1
13907 19618 3
14279 14279 108
6190 12529 1
127 19618 2
8373 19618 1
648 4498 1
8272 12211 1
14280 14280 3
13141 19618 1
31 14391 1
329 19447 2
7054 18445 1
202 11101 1
1522 1522 875
2211 19618 63
6369 15034 2
14281 14281 61
7383 349 1
1436 9120 1
12299 12299 618
10801 16561 1
14282 14282 1
7820 8734 1
14224 19618 22
14283 14283 122
1548 10747 1
14284 19618 6
4549 19618 8
2900 19618 1
12330 6181 2
14285 14285 2
10855 10855 22
14286 19618 2
10152 10152 1874
13904 13904 45
6550 8507 2
11658 19618 4
9882 10375 1
3205 19618 77
1002 1002 15
2718 12979 1
14287 19618 1
1678 15691 2
8000 19618 1
14288 19618 7
4832 19618 1
5941 6068 1
3612 3370 5
13013 19618 1
3246 3246 19
13980 19618 4
7606 7606 2
4948 12738 1
1452 8697 3
7031 19618 40
8440 10713 1
9969 18067 1
14289 9855 1
2 8092 1
14290 14290 11
13577 3249 1
14291 14291 3
9362 19618 3
12767 19618 49
13486 19618 1
14292 14292 51
14293 14293 61
7925 9143 1
12467 19618 9
14294 19618 2
5533 5533 459
9251 19618 14
6414 6414 41
14295 19618 2
5290 4569 1
5419 8422 1
871 1818 1
13693 19618 1
13337 13337 188
14296 19618 2
14297 14297 112
14298 19618 3
8656 19618 1
2848 19618 8
14299 19618 1
3287 2216 1
1306 15841 2
14300 14300 6
3808 3808 37
14301 14301 76
10195 5917 3
1126 1410 2
12361 1544 2
14302 19618 1
2177 19618 1
4011 8332 8
1650 12856 2
7117 12608 1
10123 19618 1
2368 7233 1
14303 19618 1
6475 19618 1
1248 1248 1028
6474 6474 751
13554 181 1
14304 18282 1
196 5813 1
7310 11233 1
14305 3267 1
13560 10044 2
13393 13393 51
12931 14361 1
8600 8600 106
9413 9894 1
6952 6952 203
14306 19618 3
14307 14307 11
173 8496 1
929 6478 1
14308 14308 49
9085 2043 3
2740 12281 1
8927 8927 24
14309 14309 4
5656 19618 50
6808 19618 95
14310 16290 1
621 14377 2
11985 11985 8
5740 19618 10
9232 9232 253
2184 264 1
14311 14311 8
1363 19618 1
13827 19618 25
3668 12729 1
13664 19618 1
13098 13098 133
9196 12381 2
4205 4205 81
14312 14312 9
7947 9820 1
2494 7094 1
9373 13642 1
563 10025 3
9313 9313 462
2429 19618 1
14313 19618 1
14314 14314 241
14315 19618 3
13860 19618 1
14316 19618 9
14317 19618 1
6971 19618 1
14318 14318 6
7057 7057 230
7907 19618 12
6892 8315 2
14319 14319 82
951 10830 1
5521 2894 1
187 2506 2
14320 19618 2
4374 19618 8
6753 19618 32
1981 1981 2096
9718 19618 1
14321 19618 1
12874 19618 3
14322 14322 208
3187 1771 1
5409 19618 235
1806 5566 1
14323 14323 340
14324 19618 1
14325 19618 2
6218 19618 173
11112 11112 40
12888 12888 188
1490 1490 2113
2630 13586 6
14326 19618 1
6268 6268 69
5432 19618 2
3166 7048 1
14327 19618 1
2822 19618 71
14328 12776 1
14329 14329 67
14330 19618 1
2803 19618 32
10010 10010 9
2396 2396 3
14331 19618 17
5037 6952 1
3616 4203 2
14332 19618 1
7250 7250 1139
11499 11499 1939
1725 9002 1
728 19618 2
6408 5633 1
14333 19618 2
1449 1449 180
1768 10509 1
9926 19618 1
6583 19618 2
13507 19618 1
3982 13728 1
4102 19618 20
14334 19618 1
519 19618 71
14335 19618 8
11232 12353 1
14336 14336 4
6596 6596 229
546 4792 1
3794 14874 2
6922 7505 1
12212 12212 1
14337 14337 36
14338 14338 58
2215 4860 1
13546 19618 2
14339 11783 1
12468 19618 14
6473 3336 1
1243 19257 1
14177 19618 15
14340 19618 14
7826 7826 1105
1268 12178 2
1451 9135 1
9135 2147 1
5782 5782 74
2781 10493 1
3676 13080 1
9307 4951 1
4156 4156 2673
10307 10307 44
3848 19618 1
2789 9461 3
10194 10194 258
14341 14341 74
10725 19618 5
6834 9059 1
11457 19618 5
14342 19618 4
679 19618 47
13323 1392 1
7498 7498 7
12736 12736 72
9331 10289 1
5629 5629 26
9167 9167 55
14343 14343 14
7778 2935 2
8267 8267 53
2443 19618 1
14344 19618 4
9495 9495 192
9773 11204 1
1450 10374 3
3884 8641 1
14345 19618 9
2218 19618 91
14346 14346 31
365 7835 2
14347 19618 1
14348 14348 4
3447 1384 1
14349 19618 6
3492 6183 1
13228 19618 44
14350 19618 7
14351 19618 4
8737 10734 1
2496 11430 1
2 7446 2
2007 7727 5
4197 3061 1
11655 19618 5
8527 8527 2
14352 14352 4
383 18254 1
14353 14353 239
14354 19618 1
14355 14355 518
14356 19618 1
12572 12572 4235
4913 3862 1
14357 19618 2
14358 7220 1
8848 19538 3
14359 19618 1
2561 2561 1219
2641 19618 14
5627 19618 15
14360 14360 261
11348 11348 2630
4257 19618 14
7319 5142 1
3245 19618 4
12028 19618 10
1203 19618 186
13415 13415 28
14361 14361 14
14362 14362 14
272 19618 1
14363 19618 8
3741 3741 907
14364 19618 5
1695 16742 1
2667 19618 14
501 14082 1
14365 19618 1
14366 19618 1
6601 16191 1
2096 17646 2
14367 14367 30
10268 10268 23
6501 6501 91
14368 14368 48
14369 16831 2
5638 19618 1
3013 3013 96
14370 19618 1
2218 2218 3330
9445 19618 4
12893 12893 1
9642 18100 1
1221 19618 2
9467 9467 1
13312 6872 1
7636 7636 1190
9442 6953 1
12051 9252 1
3779 19618 1
3782 3782 12998
14371 14371 13
13658 18034 1
1500 19618 17
14372 5976 1
714 1891 1
14373 19618 1
6636 19618 1
436 19618 1
2025 19618 17
14374 19618 1
1081 19618 42
1577 19190 2
5002 18203 1
502 5814 8
2583 1814 1
14375 14375 34
11981 11981 17
6495 5338 1
4989 2231 1
5155 19618 36
14376 14376 16
6258 16846 1
9064 9064 7
3947 10105 1
9635 9635 173
7312 7312 4
14377 18525 1
4915 16470 1
14378 19618 1
14379 14379 32
14380 19618 3
5850 16878 2
7796 7796 883
5709 5709 2112
355 4231 1
4468 16024 1
5039 5284 2
7527 19591 1
10915 11719 1
11566 17630 1
1201 1201 1193
8236 8236 65
4422 19618 4
12233 12233 20
1001 17354 1
621 7255 1
11481 9326 1
10169 10169 63
14381 14381 71
11907 11907 13
9607 9607 74
7828 19618 2
14382 19618 2
14383 18040 1
14384 19618 1
5006 5862 1
10459 19618 12
14385 14385 16
12651 10750 1
13922 19618 11
14386 19618 8
8822 19618 1
7969 19618 5
9003 19618 5
4470 5971 3
14387 14387 9
2887 2887 1094
8228 19618 1
6320 16161 1
10137 12667 1
5079 5079 567
561 16425 1
3228 10110 1
14388 19618 1
11706 19618 22
3447 12 3
9583 19618 38
13157 14204 1
13983 13983 122
5200 19618 5
13449 13449 15
491 10615 1
1475 1475 7708
2505 15206 3
681 9119 1
2244 8479 1
13912 13912 225
14389 19618 1
12885 19618 1
7908 1136 1
1539 9734 1
803 19618 37
14390 19618 1
14391 19618 1
7015 7015 7
2822 14976 1
9944 19618 35
14392 19618 2
14393 14393 10
270 4524 3
5928 5301 2
9133 9960 1
1431 7761 1
14394 19618 1
14395 19618 1
2593 15905 1
681 7466 1
14396 14396 176
14078 14078 2241
14397 19618 1
14398 14398 1
13933 19618 1
11544 10100 3
5157 2255 1
703 19618 171
816 11032 1
4437 4437 30559
3084 1511 3
2216 11512 2
631 2136 1
7491 7491 945
4470 4470 4118
532 19618 5
428 12948 1
14399 19618 5
2612 13541 2
14400 14400 24
14401 19618 1
14402 14402 285
14403 19618 1
6229 1815 2
14404 19618 1
13122 14094 1
14405 14405 48
11980 2738 1
14406 19618 1
14407 14407 147
14408 14408 23
14045 14045 110
746 12472 1
7930 19618 2
430 3801 1
14297 19618 5
2537 6404 1
5592 15845 1
14409 14409 11
22 6758 2
1006 8586 1
8654 4374 1
43 3107 1
4111 4111 19
14410 19618 1
14411 14411 30
4191 19618 162
14412 19618 1
5720 1626 1
3179 3179 20
12744 12744 23
778 778 35389
14413 19618 1
14414 16954 1
14415 19618 4
11949 10398 1
4515 16387 1
3319 10196 1
5542 5542 361
14416 14416 168
14417 14417 18
14401 8095 1
14418 14418 6
14419 19618 1
14420 14420 90
14421 19618 4
14422 19618 1
14423 19618 1
14424 14424 2
14425 14425 27
14426 14426 2
14427 19618 3
9407 19618 6
8041 107 3
9935 9935 178
7381 7381 5422
14428 14428 118
3377 13285 1
7736 14308 1
7443 19618 1
1093 12077 1
3159 3159 49
14429 14429 95
11125 19618 4
14430 19618 5
14431 19618 1
14432 19618 1
14308 19618 2
14433 2106 1
3066 10279 1
14434 14434 10
14435 14435 19
10571 19618 8
14436 19618 1
9617 18605 1
4403 8845 2
4843 18396 1
7138 7138 54
10389 10389 418
2006 19618 13
12705 12705 1023
14437 19618 1
451 17662 3
5133 7516 1
1933 1933 3529
480 480 9
13258 13258 85
6469 19618 4
14438 14438 72
5657 6601 1
11295 2700 2
14439 19618 1
4719 7061 1
14440 19618 1
2856 13971 1
14441 19618 13
14442 19618 1
14443 14443 139
14444 14444 30
14445 14445 432
14446 18849 1
735 4600 1
2530 3451 2
3047 299 1
1445 16478 7
5373 19618 18
2274 10456 1
8180 17322 2
785 785 1603
4481 1961 1
14447 14447 3
11310 11310 3
11348 2273 3
8180 8180 3251
14448 19618 2
961 7470 1
3864 3864 401
7904 19618 1
2402 16587 2
14449 19618 2
14450 14450 316
3566 9201 1
9902 19618 176
3525 1914 9
14451 14451 69
14452 19618 1
680 680 2776
14453 7545 1
14454 19618 4
1896 1896 25230
2244 19618 1381
1335 1850 1
14455 19618 1
7937 7937 1549
14456 19618 10
3566 16502 2
14457 14457 24
7254 7254 408
14458 19618 2
14459 19618 1
5694 5694 45
3752 2434 1
5016 18120 4
14460 5208 1
11340 19618 1
8096 12210 1
11095 11095 9242
11324 16138 1
9662 263 1
5500 5670 1
11497 11497 8
13649 13649 86
8439 4018 1
409 2334 3
433 17722 2
5407 188 1
14461 19618 1
2525 12232 1
2180 2180 77
5107 1522 1
10147 10147 180
14462 19618 1
1220 19618 110
9713 9713 36
116 702 1
12361 12361 1213
3928 9882 2
14463 19618 1
3801 11370 1
14025 14025 11
3614 3614 21
11140 19618 2
12913 19618 1
14464 15490 1
14465 14465 12
14466 14466 33
12647 19618 1
2166 19041 1
14467 19618 17
14468 19618 9
14100 14100 6
8039 4768 1
14469 8923 1
8786 8786 36
14470 19618 10
1681 1681 12
1162 5381 1
14471 14471 26
8515 19618 1
842 842 84
39 11899 1
14472 14472 4
4147 10862 2
11212 11212 29
339 11159 1
426 15024 2
7462 19618 43
2861 15901 1
14473 16051 1
14474 19618 4
9897 19618 13
14475 14475 75
10435 19618 2
7463 7463 43
8023 19618 2
14476 19618 6
1475 8110 3
14441 14441 416
3417 8420 1
2090 19618 1
1701 13446 2
14477 19618 2
8696 19618 47
14478 19618 20
2487 6557 2
14479 14479 727
14480 19618 1
14481 14481 13
7643 7153 1
5080 7977 1
14482 14482 7
10621 19618 23
11906 8222 1
14483 19618 2
4169 4169 572
11472 7019 1
14358 14358 1276
12971 8506 1
14484 14484 3
1087 1087 118
14485 19618 1
14486 8178 1
9924 9924 808
5159 19618 203
242 242 21
13733 5036 1
5671 5671 12
14487 19618 1
14488 19618 3
14489 9047 2
14490 19618 11
14491 19618 1
14492 14492 9
14493 19618 1
4847 4553 1
7147 7147 4059
789 5943 1
14494 19618 1
4811 19618 39
3480 3480 8
14495 19618 1
1591 5997 1
14496 14496 5
570 5552 1
14497 19618 3
12907 12907 11
14498 14498 9
10796 10796 2609
14499 19618 3
14500 14500 255
5908 19618 7
2263 2263 202
12961 9097 1
3571 16783 2
8450 2002 3
7787 13847 1
12361 6344 1
6452 6452 92
8790 8790 127
10200 10200 2
11885 19618 45
551 551 172
1477 4019 1
14501 19618 1
9164 19618 11
9707 9707 18
14502 14502 20
12275 19618 1
9814 19618 2
7314 7314 6
7871 19618 7
9237 3843 1
3331 3331 782
13890 19618 3
1744 15756 1
14503 19618 1
14504 19618 1
14505 14505 130
14506 13355 2
4001 18886 1
7676 8296 1
7582 7582 772
14507 14507 71
1809 18679 1
9591 9591 5
5572 4480 2
14508 19618 1
5933 5933 14
14274 14274 153
112 1975 2
461 4074 2
2514 18626 2
13623 10544 1
9553 19618 24
14509 14509 151
4786 4786 252
13810 13810 7
14510 19618 1
5842 6021 1
14511 19618 3
2806 2806 33
1604 7878 1
14224 9361 2
8483 8483 6
14512 14512 134
9197 9197 1017
7526 7526 149
9314 11822 1
13169 9045 2
4016 4016 47
888 888 83
3189 3189 60
10314 13715 1
14513 19618 4
7866 4319 1
14514 14514 130
7914 7914 287
3589 16915 1
14515 19618 1
11610 18703 1
10097 12720 1
1896 19618 657
10581 18472 1
5420 11286 5
14516 14516 409
1317 14600 1
14517 14517 1
299 18224 1
1162 1162 5405
250 12148 1
7031 3613 1
14518 19618 1
8055 3475 1
8207 8207 465
14519 19618 3
6312 6312 105
12090 12090 166
5427 19618 1
14520 19618 3
14521 19618 4
8200 19618 9
4589 4589 51
11652 10446 1
11926 11926 13
14522 19618 1
14523 6636 1
8120 4040 2
10137 10137 490
2453 8911 1
10577 5719 1
3774 3774 35
6476 6476 117
14524 19618 1
4033 19618 72
739 12399 1
4700 17426 1
2824 19618 5
14525 19618 1
3639 19618 8
3963 4884 1
4706 6926 1
1876 4974 1
341 16446 2
4199 8439 1
14526 14526 415
13077 13077 88
2769 6822 2
14196 14196 36
1441 17709 1
4061 1602 1
5175 4831 1
4984 4183 1
4110 12513 1
2498 2498 3
1631 14138 1
11226 19618 4
9458 9458 569
13276 19618 3
7343 7343 116
12637 19618 1
5367 8975 1
1563 5447 1
1637 1637 21
3996 6691 1
11855 19618 1
361 17097 1
1401 1401 273
10588 10588 419
4544 4544 38
14527 19618 5
12081 12081 7
10081 10081 104
14528 19618 1
9301 19618 3
2561 18347 1
14529 19618 4
4288 19618 1
1074 12552 2
12957 12957 18
2249 19618 3
46 46 37
12063 19618 1
705 4616 8
6736 16409 1
14530 19618 1
4508 14640 1
8938 19618 66
1809 3539 2
14036 19618 21
14531 14531 23
5767 14195 1
5601 799 2
14406 14406 13
14039 14039 12
6341 19618 2
11964 19618 1
14532 19618 2
2641 15714 1
14533 19618 1
2525 10716 2
14534 19618 1
7772 5849 1
816 11746 1
11213 19618 1
682 682 40
9649 5573 1
8922 19618 1
14535 19618 2
14536 14536 237
7842 13241 1
2716 19618 1
11788 11788 2
13969 10280 1
14537 14537 139
11726 11726 217
13912 597 1
7272 7272 77
1105 19271 1
14538 14538 1479
14539 14539 29
10569 18619 1
14540 14540 105
14541 19618 1
14542 19618 2
3133 8130 4
3485 13376 1
11809 19618 1
14543 19618 2
14544 19618 1
14545 19618 1
14546 19618 2
5666 19618 1
14547 19618 1
8426 8426 262
14548 14548 33
12258 4230 1
1362 1362 265
10991 19618 4
14549 15833 1
3252 2780 3
14550 19618 1
5609 7932 1
205 4309 1
14550 14550 4
9403 9403 150
4156 6148 1
14551 12378 1
14552 19618 4
14553 19618 14
2178 19618 65
14554 19618 8
14555 19618 3
9715 19618 3
10222 14530 1
5601 10233 2
8894 4494 1
2898 19618 20
8428 3095 1
9883 17523 1
10094 10094 1952
14203 14203 54
12355 4650 3
14556 19618 3
14557 14557 216
2398 8246 1
14558 5629 1
14559 19618 1
14539 19618 2
8642 8642 26
14560 19618 1
4921 10897 1
14561 19618 1
2782 2782 8
12478 17712 2
5028 19618 38
14562 14562 6
5609 13153 1
14563 14563 13
14564 19618 1
3683 4944 1
14565 14565 1
4335 16303 1
5094 3185 5
1779 15049 2
14359 14359 15
12379 1568 1
8010 7619 1
14566 19618 3
741 16557 1
6499 453 3
11770 19618 1
5781 5781 630
697 19618 6
6822 6822 39
2189 2189 476
14567 19618 5
14568 14568 15
14569 14569 98
14570 19618 2
14571 14571 984
204 19618 25
6313 6313 86
14572 14572 163
5813 19618 29
1403 1403 165
8536 8536 163
4017 4017 22
4771 19618 7
14224 6456 2
3086 19344 1
11324 11324 588
14573 19618 1
14433 359 1
14574 14574 3
5732 17222 1
14147 14147 19
1235 1235 18
14575 19618 1
14576 19618 3
5002 8682 1
14577 19618 1
4030 4030 6
720 19618 862
14083 14083 178
2114 1332 2
4550 16993 1
14578 19618 1
7308 9677 1
10516 19618 1
5958 5958 131
970 14709 1
6163 6163 670
14579 14579 10
4305 19618 1
14580 19618 1
14581 14581 2
993 993 42
7788 7788 967
14582 19618 35
11628 11628 3
14347 8768 1
14583 14583 7
14584 19618 1
5774 19618 35
11849 11283 1
3834 3834 787
14585 14585 291
6140 19618 5
13092 19618 7
1523 5991 1
14586 19618 2
110 18419 2
14587 19618 4
6429 7648 2
14588 14588 2
8159 8159 648
9652 9652 1053
4496 15790 1
13819 19618 4
14589 19618 1
8111 8111 51
14590 14590 41
71 71 3512
14591 14591 14
14592 14592 39
14593 14593 7
13903 3290 1
14594 19618 1
13335 12429 1
14595 19618 2
3467 1762 1
14596 19618 4
6051 6051 23279
2076 16532 1
5723 14613 1
14597 14597 40
288 14372 2
14598 19618 2
14599 18700 1
12829 19618 7
300 13398 1
6610 7212 3
14600 19618 1
4294 4294 34
2395 1182 2
14601 19618 1
4200 19618 52
14602 19618 2
896 5912 1
9730 9730 79
14603 19618 5
12020 15386 2
1139 8510 3
14604 14604 35
14605 14605 6
5391 19618 36
2181 19618 7
1660 19618 82
11318 11318 1605
7984 7984 3385
10817 19618 5
2150 7189 1
14606 19618 1
12350 5094 1
11178 19618 255
14607 14607 26
10131 10131 245
6864 19618 5
1207 19618 5
3790 3790 27
14608 14608 173
7861 8564 1
14609 19618 1
11753 2457 1
921 6959 4
2175 416 8
14610 19618 2
14611 19618 1
4822 15622 2
8318 11278 2
11318 6568 1
10547 10547 11
2595 1227 1
14612 19618 2
14613 19618 5
97 97 5249
14614 19618 7
14615 14615 5
6037 19618 9
14616 19618 1
4989 17103 1
4133 18634 1
14617 19618 1
5340 18362 1
14618 14618 46
1490 19618 52
14619 19618 3
5500 6881 1
14620 14620 2
12028 12176 1
14621 19618 1
6160 19618 1
14622 19618 1
6409 11759 2
14623 19618 1
14624 19618 5
7516 12157 1
14625 14625 22
10341 10341 288
2366 4734 3
14626 19618 1
14627 19618 1
12125 12125 1152
7723 7723 499
650 7637 1
14628 19618 4
14629 19618 1
8039 19618 30
2204 8584 2
14630 4885 1
14631 19618 1
2650 19593 2
2802 4184 1
12365 19618 1
10407 8879 1
14632 19618 1
12775 12775 34
12457 12457 22
14633 19618 1
6426 19618 41
2422 19618 4
2802 11502 1
9424 2887 2
7785 7785 570
14634 19618 1
11364 19618 1
8349 8349 38
3380 4262 1
5759 19618 1
14635 19618 1
14636 19618 2
8233 19618 1
7358 19618 2
14637 14637 39
14638 14638 89
7098 19618 58
4776 4776 425
1986 19618 44
2073 8647 2
838 11151 2
7120 7120 1076
12274 12274 611
14639 19618 1
14640 19618 1
14641 14641 219
4716 14675 5
12678 12678 38
14642 19618 1
1119 7899 1
2587 13270 2
14643 2866 1
10418 19618 6
4817 16504 1
14644 19618 5
8421 19175 3
8703 12740 1
10484 10484 1312
4196 15522 1
1546 7655 1
4556 4556 152
14645 14645 40
7123 7123 627
14646 19618 1
11730 11730 10
13009 19618 3
1642 3017 1
14647 6746 1
14648 19618 2
5836 5836 1075
14649 19618 8
14650 14650 65
5639 5639 2818
14651 19618 1
25 19618 278
7614 19312 1
5885 19618 40
3920 3920 467
14652 14652 11
1425 19618 2
3273 4073 1
13467 19618 1
3399 3269 1
14653 14653 33
14654 19618 1
14655 19618 1
14656 19618 1
7147 17457 1
14657 19618 3
14658 19618 1
1597 1597 2442
2556 29 1
14659 14659 44
523 12632 6
778 3403 17
14660 19618 1
3212 9835 1
4462 3546 1
5838 14946 1
13587 8076 1
14661 19618 1
13439 13439 50
11954 11954 40
6731 695 4
14662 14662 46
14663 14663 246
8405 10213 2
1491 19618 42
14664 19618 1
3619 6201 1
11528 10965 3
14665 19618 16
1008 2948 1
7216 7216 2153
14666 14666 9
3904 8067 1
14667 19618 4
5291 5291 214
4746 19618 9
14668 14668 85
3084 1257 2
2178 2178 3083
4 4 10
14669 19618 3
8058 19217 1
14670 14670 267
14671 19618 1
7716 984 3
6571 18091 1
14672 14672 255
1021 19618 89
1147 9825 1
14673 19618 7
14674 19618 4
3345 19618 3
9481 576 1
5355 19618 194
1762 15809 1
4761 4761 20
14387 19618 1
1060 8914 3
14302 14302 31
8789 28 1
11176 13634 1
7418 7418 564
14675 19618 5
14676 19618 2
3588 9998 4
1082 19577 1
9536 19618 5
6051 11878 1
5712 12097 1
14677 19618 2
5673 15238 2
14678 14678 11
7845 7845 1037
2797 3160 1
12830 12830 400
1978 705 1
5114 19618 1
9309 8424 1
14679 14679 10
14680 19618 1
6210 19618 2
11143 11143 1278
1022 15194 1
13688 19618 3
415 6671 1
14681 19618 1
14682 19618 1
12780 12780 1
14683 7494 1
2511 14246 1
5801 5801 127
9012 16021 1
12429 12429 13
7396 7396 22
13514 19618 1
7706 8684 4
10220 19618 1
6172 19618 6
14684 17315 1
3646 7983 2
9877 9877 132
4287 802 1
3565 6171 1
14685 19618 1
14686 19618 1
14687 19618 1
670 18844 2
14688 19618 5
10156 10156 551
7236 9302 1
2530 2530 15655
1527 12109 1
3682 11965 2
14689 14689 4
14690 19618 1
14691 19618 5
11159 11159 362
1853 3916 1
6794 4108 1
14692 14692 232
3485 19618 11
14693 19618 9
5911 19618 57
10168 10168 2
14694 1950 1
14695 14695 2
14696 19618 1
14697 19618 13
13293 13293 33
10556 10556 7
5765 2681 4
25 3843 7
5800 19618 7
14698 14698 40
4797 6271 1
6735 19618 49
14699 19618 2
14700 19618 2
6794 6794 778
14701 14701 26
14702 19618 1
14703 19618 2
4345 19618 65
8476 18759 1
1211 8799 1
7585 11754 1
6855 12531 2
11398 11398 5
14704 19618 1
4242 4242 17
14705 19618 2
14706 19618 1
1811 19618 17
14707 19618 2
5598 5598 3
622 3589 1
732 18231 3
8203 11839 1
14708 19618 1
2361 11353 2
10775 19618 2
14709 14709 13
3528 3599 1
14710 19618 1
6948 6948 102
8465 8465 97
13134 19618 62
12758 12758 26
6539 1847 1
14711 19618 1
14712 19618 1
14713 14713 7
11827 19618 4
14714 19618 58
14715 19618 13
3069 15954 1
5641 19618 39
14716 19618 8
1060 11511 3
11742 19618 6
14717 19618 1
5902 19618 32
1088 19618 1
9343 19618 1
8382 8382 128
13668 19618 1
14718 19618 7
2718 9891 1
3768 12860 1
212 18888 2
5095 19618 1
9499 5300 2
14719 19618 2
9047 6930 1
14720 14720 5
908 194 3
11210 19618 1
14721 14721 23
13446 19618 6
14722 14722 41
765 765 863
7962 9939 1
2588 7838 1
14723 19618 1
14724 14724 2
9337 19618 1
2774 8678 1
5516 19618 2
344 4205 1
5839 19618 37
1821 18537 1
14725 14725 48
14665 14665 489
14726 14726 68
943 3927 1
2722 8115 1
14551 19618 7
13501 13501 249
2776 12502 1
5059 19618 1
14727 19618 2
12561 12561 609
10986 6646 1
3570 6540 1
7673 15540 1
12838 3027 1
6046 13525 2
7024 7024 45
4001 117 4
14728 14728 7
14703 14840 1
14729 19618 1
4858 8220 1
2186 2892 2
12598 13138 1
14730 14730 406
14731 19618 1
11687 19618 1
14732 14732 153
13709 19618 1
167 14748 1
14733 19618 6
11237 19618 3
8207 19618 13
14734 19618 2
5531 19618 105
485 485 62
8388 19401 1
9797 17909 1
7980 14190 2
4049 19618 506
1719 8413 1
8751 19618 7
6159 6159 77
3085 7418 1
13072 13072 24
2926 17124 1
8703 8703 429
14735 14097 1
11242 12664 1
9168 19618 1
7304 7304 705
10094 19618 50
12551 15560 1
11281 19618 6
8005 8005 76
3660 2003 4
4983 3064 1
7135 15226 1
3364 3364 52
14736 19618 3
9029 19618 51
14737 19618 4
9440 19618 14
14738 19618 1
14739 19618 4
14740 19618 1
14741 19618 4
5103 5103 47
897 15239 2
2803 9080 1
12355 12014 3
1639 11753 1
13534 13534 4
7825 19618 5
10837 2054 1
3824 9850 1
6287 6187 1
14742 14742 42
14743 14743 1
14744 19618 2
4891 7857 1
12327 2449 1
6008 7009 1
1462 19618 2
14745 14745 95
3840 19618 43
14746 19618 1
3889 669 1
693 11861 1
9358 9358 29
10222 12580 1
126 126 305
14747 3649 2
261 261 12871
1223 19618 8
6587 8579 1
6557 6557 71
3839 3828 2
1864 19618 1
13745 13745 1056
6227 6227 2363
1285 132 1
14748 19618 1
4984 11804 1
2531 19618 1
2165 14441 3
14749 19618 6
14750 14750 25
14751 19618 1
8819 8819 625
3999 1133 1
702 19618 102
1548 15517 4
4459 19618 65
14752 14752 375
2154 1362 2
9283 19618 9
14753 19618 7
1649 11757 1
7872 19618 4
6662 6662 146
1485 17862 1
1354 5021 1
6580 10153 1
14754 19618 10
1041 10653 1
14755 15967 1
5774 12128 1
2435 2435 60
12652 12652 21
6539 5391 1
5304 5304 111
1933 19618 84
1792 14961 2
2334 4147 2
2344 9137 3
277 8037 4
14756 19618 1
14757 14757 45
5334 5334 5
5664 12013 1
11018 11018 1784
542 9235 1
14758 19618 1
10903 7596 1
5401 17217 1
14759 19618 9
570 570 4775
11387 11387 89
6483 19618 4
4180 12673 1
14760 14760 58
14761 14761 39
5940 5940 143
2300 7438 1
3403 19618 68
2688 3202 1
14762 19618 4
10395 10395 29
5155 4226 1
12712 12712 4
5024 17975 1
14763 19618 1
13968 13968 199
6190 19618 14
13076 13076 12
7500 19618 6
10875 19618 3
1773 6380 1
8512 19618 2
14764 19618 9
14765 14765 149
5223 210 3
14766 14766 43
4461 12158 9
8332 19618 80
3307 7814 1
14767 14767 8
14407 19618 5
7515 7515 10
14768 19618 1
10546 19618 9
8528 7084 2
5098 4824 1
3843 3843 1522
14769 4409 1
11526 19618 3
13722 13722 170
3662 16623 1
14770 14770 34
2689 11358 1
14771 14781 1
9339 10489 1
4169 19618 15
12047 19618 4
5970 9893 1
14772 19618 1
4836 19618 1
11005 19618 1
4949 4769 1
2981 19618 4
2219 5143 2
979 979 1255
11660 19618 18
9327 9327 2254
12691 12691 52
6828 19618 3
14773 14314 2
948 13156 2
1549 1549 67
14774 14774 104
1082 2354 1
13207 19618 7
3003 19618 1
1143 6560 1
6758 1794 1
6792 1453 3
2869 8205 1
11137 11137 113
14775 19618 1
7633 18474 1
14776 14776 74
14777 4955 1
14778 19618 1
3794 12548 3
2718 10035 1
14779 19618 2
12423 12423 3
9186 9186 45
4775 19618 1
2273 19618 112
177 19618 14
13339 19618 1
14780 19618 1
14781 14781 20
4385 9358 1
14782 14782 6
14783 14783 73
5525 19618 2
10859 10859 20
3156 12043 1
11386 6409 1
9811 9811 176
1719 15974 3
14784 19618 1
5537 19618 5
14785 19618 2
397 8568 2
705 15972 1
6507 6276 1
14786 19618 2
7935 7935 47
7038 5022 1
4261 1954 10
2846 7089 1
14787 14787 12
14788 19618 1
13380 19618 6
22 3663 1
14789 14789 1054
9990 19618 20
13450 13450 245
13079 13079 29
6894 6894 420
1714 19618 191
2949 2452 1
14120 14120 102
4144 4144 29
14790 14790 59
3627 3627 502
8268 780 4
8295 8295 22
746 15758 2
14791 19618 1
632 632 691
71 19618 84
10453 267 1
10952 10952 1873
10380 19618 2
8645 5838 1
11755 11755 83
9371 9371 41
3844 19618 2
418 19618 6
14792 19618 29
14793 14793 15
12 19324 2
9476 19618 1
14794 14794 41
14506 15789 1
14795 14795 8
1365 1365 22
14512 19618 2
904 817 2
2962 7610 1
14796 14796 3
2778 19618 47
3062 11991 1
11535 11535 2454
14797 19618 1
1394 15076 1
10226 17250 1
2792 2412 1
14798 5514 1
14799 19618 4
14800 19618 1
6169 6169 2358
14801 14801 9
14323 3257 1
8420 8420 349
14466 19618 1
4407 10753 1
9130 9130 152
2215 9555 1
14802 14802 171
12642 12642 19
10335 19618 27
11108 4136 1
12041 19618 25
778 8381 9
1719 1719 4356
1504 19618 230
5651 9990 1
14803 14803 497
9089 9089 93
8053 8053 3658
14804 19618 1
13050 8815 1
1614 1576 1
13395 19618 2
2911 19618 2
14805 14805 800
7539 5420 2
659 11576 1
14806 19618 1
47 13998 1
14728 19618 1
2272 1946 2
14807 19618 2
10181 10304 3
10939 2332 1
14808 14808 37
7649 19618 1
5673 16763 1
14809 19618 1
589 589 730
13332 13332 2133
11627 19618 1
2261 19618 71
9218 19618 1
14810 19618 3
380 380 34
14558 12976 1
6770 19618 16
14811 19618 1
14812 19618 2
14813 19618 1
684 684 42
14814 14814 14
3023 921 4
10675 10675 25
3543 3543 381
1688 776 3
755 755 268
462 13818 3
14815 14815 31
14816 19618 1
14817 18009 1
14818 19618 1
3840 9431 1
14819 14819 121
1109 2247 1
14820 19618 1
14821 14821 121
11237 3793 1
14822 14822 1
12594 19618 71
4566 15821 1
13919 13919 14
7966 11841 2
7430 19618 6
196 16434 2
9280 19618 2
2525 19618 54
12676 14987 1
13263 19618 1
9466 19618 13
359 1591 9
7327 4527 1
68 12884 1
14823 14823 59
14824 19618 2
905 8124 1
14825 14825 7
1388 7627 1
710 2042 1
13063 19618 3
14040 14040 47
14826 19618 15
1646 19618 3
8810 19618 1
13403 9507 1
14827 5475 1
14828 14828 23
14829 19618 28
14830 14830 95
11635 11635 1
5761 19618 27
3610 3610 846
14831 19618 3
845 1712 1
14832 14832 4
14833 14833 140
4419 19618 18
1122 5050 2
14677 14677 64
3349 18917 1
14064 12980 1
12929 11689 1
283 17000 1
9468 18146 1
14834 19618 5
14835 19618 3
10386 10386 74
5862 19618 13
7014 5841 1
6558 5881 1
14836 19618 1
14837 11838 1
2322 2322 5353
10035 19618 4
14838 19618 4
14604 19618 3
3220 7891 1
5355 7902 3
14759 14759 234
8609 14227 1
14839 19618 2
10336 17288 1
2487 9632 2
466 19618 44
14840 19618 1
4140 12465 1
10081 19618 3
8856 19618 2
710 710 15601
9511 19618 11
11076 19618 56
10515 6266 1
3984 3984 4
10648 8390 1
9587 19618 7
14841 19618 1
14842 14842 706
634 15749 3
3214 3214 49
14843 14843 258
12380 12380 6
14844 19618 1
9858 19618 1
1244 19618 1
1563 5975 1
7158 19618 4
7207 4323 1
3570 2061 1
2466 11888 3
724 724 15
10377 19618 10
3243 12471 1
3881 19618 20
14845 19618 2
4715 19618 45
14846 19618 2
5420 19618 198
11302 12775 2
13307 13307 26
14847 14847 58
148 7507 1
10457 19618 1
732 1999 2
14848 19618 5
3066 17603 1
1094 7997 1
11495 11495 50
11614 19618 8
14849 14849 12
1939 18139 1
2209 15575 1
14850 13935 1
13558 19618 1
4420 18589 1
270 18016 1
1773 17269 5
12060 12060 6
14851 19618 3
8971 8971 262
666 19375 1
8595 19618 1
8925 8925 54
10838 19618 17
3566 5157 1
14852 14852 21
1055 18628 1
5483 19618 40
622 4876 2
14853 19618 1
12471 2312 1
1077 19618 46
735 7311 1
5681 5681 120
7523 19618 2
7163 7163 45
1133 1133 18
211 14255 2
14854 19618 1
14855 19618 1
14856 19618 2
14857 19618 1
2184 19618 32
13457 18030 1
12213 19618 2
954 954 47
14858 69 1
14859 14859 190
1122 709 2
1475 5307 1
3794 18540 1
14860 19618 1
10839 19618 3
896 7798 1
8906 3903 1
14861 19618 1
14862 19618 3
9500 9500 41
13782 19618 2
14863 19618 1
492 19618 22
14864 19618 4
1311 19618 187
7056 7056 828
1677 5026 1
11610 17986 1
4550 196 1
3931 19618 1
10692 10692 36
14865 19618 1
14866 19618 1
577 8829 1
3312 2032 2
11324 6532 1
2689 17693 1
1528 8667 1
4387 19618 3
376 19618 459
14867 19618 1
14868 14868 156
1501 19618 76
14869 14869 105
14870 14870 1
14871 14871 91
9080 19618 1
5094 13258 1
14872 19618 5
14873 19618 1
275 18485 1
1706 19618 1
14874 19618 2
14875 19618 3
14876 19618 5
14877 19618 1
1770 17333 1
79 1454 1
886 886 23
14719 14719 59
14878 14878 52
3803 8287 1
10745 10745 95
14879 9515 1
13475 19618 2
9127 19618 1
14880 14880 13
5463 9541 2
7510 3019 2
14881 19618 1
14882 19618 1
14883 19618 1
3346 5935 6
14884 14884 2
5303 14034 2
6161 294 1
14885 11016 1
7630 7630 239
7623 7623 229
14886 19618 9
9825 9825 14
12631 12631 678
1658 19618 6
683 6517 1
9732 9732 19
14887 14887 21
4293 4293 343
3288 7825 3
11044 11044 14
10558 19618 1
7474 17120 1
14888 19618 1
14889 19618 1
14890 19618 1
14891 14891 36
10901 19618 9
14892 19618 1
9009 19618 6
2587 4630 3
7876 19618 15
13583 13583 8
14893 14893 95
14894 14894 50
2169 630 1
1677 16746 1
4133 4133 1028
11231 11231 20
803 15359 1
9300 9300 28
14895 19618 2
14896 14362 1
4449 19618 66
49 7371 1
3203 3203 9
13757 19618 8
14897 19618 2
9906 19618 9
7514 7514 1108
7086 12601 1
14898 19618 1
10557 9022 1
11901 11901 10
14899 19618 1
13864 19618 45
14900 19618 2
14829 3974 1
14371 1940 1
2369 2369 2207
14901 19618 1
6434 6434 1641
14902 14902 6
14903 14903 64
14904 3964 1
9890 17934 1
2666 7532 1
14905 19618 1
10882 10882 4
11183 2510 1
2482 16458 1
14906 14906 52
14907 14907 205
1317 1317 1529
7448 19618 2
7704 18305 1
8441 11951 1
5607 5607 5287
4582 14247 1
14908 19618 1
10877 12346 1
3467 19618 118
14909 19618 13
5606 19618 100
2261 1983 1
2165 4046 1
68 270 2
13613 19618 3
14910 19618 2
11473 18425 1
14911 14911 3
317 19376 2
195 789 3
3744 12010 1
2511 5477 1
9641 9641 7
14912 14912 59
3424 19618 7
14913 19618 4
14914 19618 3
12676 12676 345
14915 18439 1
476 476 15
965 16398 1
7226 2724 1
1239 11872 2
1184 19618 16
7855 19618 74
4873 14889 1
14916 19618 14
2580 2580 6932
5144 4799 1
2746 17323 1
14917 19618 1
10544 19618 2
5531 16013 2
1483 11949 4
2223 14740 1
14918 19618 1
1017 7409 10
1548 1548 30217
10676 10676 328
9503 9503 258
897 12447 1
11333 365 1
6326 16882 1
12300 19618 1
14919 19618 1
14920 14920 5
10038 19618 2
13688 13688 104
1359 9439 1
4669 4669 1297
6571 9529 2
1851 19618 3
1982 431 1
11661 19618 1
14921 19618 1
904 5117 1
2700 19618 7
14922 14922 210
3711 18402 1
14923 14923 55
12977 12977 1370
1409 4146 3
6507 8016 1
6922 8083 4
148 720 11
14924 19618 15
4328 4328 17215
3495 14580 1
10986 13066 2
12498 12498 20
14925 14925 3
11883 11883 135
1182 5204 1
14926 19618 3
14927 14927 78
11345 11345 437
11215 12220 1
14928 19294 2
11334 10099 1
13391 1478 1
3742 3742 1890
3385 19501 8
14929 14929 174
14269 14269 124
8053 17859 1
6298 6298 142
9913 9913 1065
1548 7696 1
1424 8453 2
14930 19618 1
5187 19618 1
7068 18990 1
6806 19618 21
14931 19618 1
549 9268 1
3573 3573 1947
7478 7478 7
14932 19618 2
14933 19618 11
560 19618 1
4969 4969 10
10126 10126 1378
14934 19618 1
14935 19618 1
14936 19618 1
14937 19618 2
8331 19618 8
890 16172 1
3066 3066 2732
14102 14102 20
8842 8101 1
14938 19618 1
14939 14939 106
13813 19618 12
14940 14940 82
6020 19618 13
9990 16785 1
14620 19618 1
14380 14380 52
14941 19618 1
6943 19618 2
3010 3010 9
14942 14942 76
14943 19618 2
1122 5484 1
10086 19618 125
11980 19618 82
14944 19618 1
7355 16486 1
14945 14945 129
1442 6411 2
8438 16628 1
14946 14946 14
2106 2106 92
3587 19618 5
4145 19618 3
1776 19618 16
486 9190 2
11275 11275 26
11571 9505 1
3006 9985 1
3334 13701 2
13086 8486 1
3023 9923 3
3138 3138 544
4954 19618 14
2689 5830 4
6613 6613 1284
9995 12549 1
6292 19618 5
2943 19618 14
6428 19618 2
7716 1965 1
14338 19618 2
1027 19618 2
13638 13638 312
1184 1184 612
3164 11738 1
6309 11883 1
735 16749 1
14947 14947 153
14948 19618 3
7306 8151 1
13929 10291 1
14949 14949 17
214 19618 2
3330 16236 1
14950 19618 3
14828 19618 2
10448 19618 3
14951 14951 515
461 19597 1
4358 19618 2
14952 14952 42
1218 8357 1
7503 7503 525
3135 3135 1175
455 3611 2
14953 19618 1
10439 1204 1
1153 1153 5671
766 766 678
14954 19618 1
10208 2897 2
14955 7742 1
734 4238 1
4207 4207 16
7086 18819 2
10068 948 1
8450 19618 69
3605 3605 369
14956 19618 4
14957 14957 195
14958 19618 1
14959 19618 1
4719 12724 1
4669 19618 25
14960 19618 1
811 19618 1
14961 19618 2
14962 19618 1
8395 19618 4
14753 14753 136
14963 14963 13
14964 19618 6
1452 4722 5
1185 1185 150
11406 7546 1
4695 4695 174
7069 16000 1
395 1881 5
5074 5074 14
14965 14965 3
14966 19618 1
5654 14697 2
3970 17473 1
14967 19618 1
8083 8083 95
14968 14968 34
4285 19618 50
4826 19618 9
14969 19618 1
3715 11173 1
14970 19618 3
14971 19618 1
14972 19618 1
14973 19618 3
746 3008 2
14974 19618 7
464 19618 92
7638 19618 1
13821 13821 121
13591 13591 603
5654 19581 2
14975 19618 1
1409 19618 55
536 19618 14
14976 14976 92
14977 14977 4
1561 4800 1
14978 14978 3
14979 19618 3
3528 18152 2
14980 14980 963
2764 2764 12
7126 19618 2
4143 18865 1
7412 19007 1
10090 19618 11
14981 14981 46
14703 14703 76
14982 19618 1
10084 19618 1
14983 19618 1
14984 14984 38
11426 19618 56
14985 19618 2
14986 19618 6
426 12940 3
530 530 83
8042 4855 1
14131 14131 6
10080 19618 2
14987 224 1
2618 12778 1
13707 19618 5
261 275 3
5136 5136 70
13843 19618 1
6486 6486 1583
14988 14988 18
14989 14989 67
731 731 1639
14735 14735 1017
555 14390 1
2546 2034 1
5531 8662 2
14990 14990 2
1428 11041 1
14991 14991 20
14992 19618 6
14993 14993 86
366 19618 1
14994 19618 2
901 19258 1
14995 19618 1
7860 16844 2
11734 11734 70
14970 14970 77
4599 1456 2
9540 4254 1
9686 19618 2
14996 19618 1
9754 19053 1
14997 14997 14
3059 3059 756
7161 7161 448
12430 12430 89
14998 19618 3
6106 19618 14
5937 9165 1
890 4917 5
1059 11777 2
9015 9015 43
14999 14999 152
15000 15000 1
6361 6361 8947
6688 11340 1
15001 19618 2
15002 19618 1
1099 1099 5977
15003 15003 5
2482 5852 1
8834 8834 1155
9418 9418 115
622 12770 1
15004 19618 4
211 16706 1
5540 15174 1
15005 19618 3
13019 19618 1
2420 2420 2
15006 19618 1
11281 12117 1
5071 5071 298
4105 19618 1
621 15123 1
1306 5674 2
10105 19618 5
15007 15007 11
187 5874 2
12752 13903 1
15008 7266 2
15009 15009 303
2216 17879 2
7966 19618 88
803 10261 1
6448 14462 1
15010 6535 1
15011 15011 19
5641 5591 1
5239 5239 46
1649 7053 2
11692 11692 80
1392 1392 135
1679 8624 1
15012 15012 67
4186 4186 455
4907 6686 1
15013 15013 360
5692 5873 1
1740 19618 6
2427 2427 165
6458 6458 27
8196 12806 1
8262 7483 1
735 16854 1
15014 19618 4
15015 19618 2
6713 15062 1
15016 19618 2
13871 19618 4
15017 4821 1
2650 17367 1
14355 19618 16
14162 14162 2
15018 19618 1
10655 1699 3
15019 19618 1
10916 10916 85
15020 15020 10
619 4196 5
1953 17805 1
13206 13206 554
3666 3666 51
3272 19618 1
15021 15021 77
8861 19081 1
2697 7893 3
9287 9287 5
4166 2403 1
5919 5919 2181
15022 15022 1
14321 5302 1
15023 15023 6
7097 1402 1
9242 19618 1
2988 5151 2
10438 19618 14
6908 19618 45
15024 15024 257
14471 19618 1
15025 19618 1
6250 13518 2
6743 5076 1
14529 14529 202
15026 19618 1
11877 14147 1
13733 19618 25
4386 4386 32
484 19618 59
11046 19618 7
5278 8327 2
11812 11812 144
589 19618 9
4159 16054 1
15027 19618 1
13260 19618 1
7196 19618 53
2223 16231 1
8705 15387 1
15028 15028 16
8713 8713 955
502 4902 11
5214 19618 1
22 22 1608
15029 19618 1
15030 19618 1
6521 4859 2
10039 8935 1
15031 15031 24
4603 13631 2
2096 2096 1682
15032 15032 6
7418 19618 14
1074 9753 2
15033 19618 1
11141 19618 18
15034 19618 2
1095 19618 208
15035 19618 1
5860 19209 1
790 12386 3
687 687 3061
5692 10894 1
1007 7394 1
9320 9320 1296
3378 3378 30
191 1403 3
753 6211 6
15036 5295 1
1707 17571 1
3619 3619 25261
4710 83 1
15037 15037 27
15038 13315 1
13000 13000 11
15039 19618 2
15040 19618 8
3636 3636 99
10746 10746 22
4831 19618 6
15041 19618 1
15042 15042 45
10493 19618 1
3514 19618 2
575 3390 1
15043 19618 5
9319 18426 1
649 649 75
4984 18424 1
15044 19618 4
1522 1338 2
15045 15045 2
5970 18495 1
4801 19618 17
5481 5481 4465
15046 19618 2
13504 19618 5
15047 19618 2
15048 19618 1
2989 2989 3455
10088 19618 1
1094 19618 64
15049 19618 2
15050 19618 3
4431 4431 764
1675 19618 1
15051 19618 1
15052 19618 4
15053 19618 2
4462 19618 632
15054 6280 1
15055 19618 1
113 8077 3
1435 19618 2
14990 19618 1
10963 12618 1
15056 9176 1
11958 19618 2
6529 5701 1
13917 13917 51
15057 15057 556
15058 19618 1
15059 15059 7
4234 15775 1
12470 12470 76
2903 3499 1
683 11017 2
1963 1963 13
3788 14031 1
15060 19618 1
2211 2211 2872
4521 19618 6
7223 19618 26
15061 4123 1
15062 19618 3
15063 15063 69
9412 19618 1
681 66 2
10108 10108 37
15064 15064 2
6165 19618 1
15065 19618 1
15066 19618 16
15067 19618 2
9452 19618 43
13325 13325 10
4881 7193 1
814 5598 1
10957 10957 236
15068 15068 32
7820 1477 1
15069 19618 1
12019 19618 1
15070 19618 2
2537 5495 1
15071 19618 1
15072 15072 5
9048 48 2
15073 19618 1
6480 7047 1
1779 14068 2
15074 19618 2
13172 19618 4
5484 5484 82
15075 15075 40
3922 4964 1
524 19618 1
84 6743 1
4049 9746 5
3367 19618 1
870 8237 1
15076 15076 43
10490 10490 26
125 19618 88
6448 18338 7
12038 6243 1
15077 15077 407
15036 5758 2
15078 19618 25
11659 19618 10
14358 19618 33
15079 15079 1222
11259 19618 16
7577 7577 5
11295 15265 1
4989 9862 1
15080 15080 70
15081 19618 2
14451 19618 2
4401 5875 2
4061 18660 1
11426 11426 2121
1525 14642 1
15082 19618 1
6488 18437 1
9646 19618 127
2102 10416 1
15083 17135 1
15084 15084 23
11009 7811 1
109 13687 1
15085 19618 1
11192 11192 53
2482 8301 1
15086 19618 2
2108 12920 1
6586 19618 57
2488 14257 1
155 10264 1
7128 19618 3
15087 121 1
3882 19305 1
621 13292 1
15088 15088 10
11520 2337 1
7944 7944 27
2622 11040 1
15089 19618 5
15090 15090 3
8663 8663 14
7604 6395 1
5840 19618 1
317 9642 2
6880 6880 17
991 991 44
13751 13751 2
15091 19618 1
15092 19618 1
2813 2033 1
7162 19618 44
15093 19618 1
13049 13049 8
100 19618 6
15094 15094 461
13691 19618 30
4496 4496 544
2227 5004 1
15095 15095 29
4073 19618 56
13618 7513 1
15096 19618 1
200 19618 29
6237 18288 1
4278 19618 9
6436 15268 1
5607 9231 1
15097 15097 10
15098 19618 2
8834 11595 1
7282 7282 13
10909 10909 105
13551 17110 1
317 87 2
15099 19618 1
15100 15100 41
11171 19618 3
1661 7230 1
3644 19618 6
5886 16370 1
15101 15101 35
10070 19618 15
15102 19618 1
354 3189 2
4481 18825 1
15103 19618 2
2772 19618 661
6105 19618 2
14009 19618 14
15104 19618 1
1714 14650 1
15105 15105 33
2314 2314 514
512 16414 1
8535 8535 88
12487 12487 95
147 16432 1
703 15816 1
776 19618 23
1992 19618 3
14909 16083 1
15106 19618 1
4768 4768 8240
15107 15107 302
15108 19618 2
1466 11208 1
9008 9008 285
11862 19618 2
15109 15109 11
6499 19618 321
8952 2386 1
7393 8426 1
6516 19618 10
6823 6823 10
7101 5413 1
7188 7188 1745
11033 11033 289
14166 19618 1
648 16046 50
28 13504 1
15110 19618 39
15111 15111 767
3964 14171 1
3447 8673 1
702 17777 1
11671 11671 141
15112 19618 1
15113 19618 2
15114 15114 36
15115 19618 3
1294 18156 8
9084 8921 1
2565 19618 3
14901 14901 4
7995 7995 53
3353 17215 1
15116 19618 2
11683 11683 822
15117 15117 271
7383 11500 1
5353 19618 100
3795 3795 1822
7683 7683 6
13065 19618 17
15118 15118 30
424 14503 1
4594 4594 2
15119 19618 1
15120 19618 3
13292 9984 2
5058 5058 123
1428 153 2
250 12837 1
11676 19618 1
9198 9198 441
6024 7741 1
15121 19618 3
15122 15122 27
15123 15123 22
13099 19618 1
15124 19618 1
15125 19618 5
6912 19618 2
404 19488 2
8879 19618 2
8944 6196 1
15126 15126 56
15127 19618 4
1935 717 1
3287 11161 1
15128 19618 3
6403 19618 15
4001 18945 1
8235 4962 1
15129 19618 1
5041 19618 1
11057 19618 1
1287 9028 1
8241 8241 597
2143 2143 4107
8671 19618 1
224 7701 6
4273 19618 11
388 9499 1
14808 5958 1
871 19047 1
10950 10950 265
1632 8860 2
15130 19618 9
10936 19618 1
15119 15119 60
15032 19618 1
15131 3332 1
12189 7314 1
15132 12174 1
5615 5361 1
4630 12640 1
9676 9676 66
13509 10540 1
3062 13333 5
6513 8036 1
15133 19618 24
4513 4513 1996
4143 7775 1
15134 19618 1
523 523 9636
9215 9215 247
15135 19618 1
828 3803 1
4199 4577 4
4943 11291 7
7285 7285 424
376 6941 1
11904 11904 122
15136 19618 2
4415 19618 43
9560 19618 3
15137 19618 4
15138 15138 302
6692 6692 28
15139 15139 78
15140 19618 18
6303 6303 1036
3058 19510 1
15080 3472 1
453 19618 419
15141 19618 1
7787 19618 90
8447 14525 1
4211 9930 2
904 12888 3
15142 15142 14
15143 19618 1
9387 190 3
795 19618 1
15144 15144 18
3638 3638 452
1688 12755 1
8394 8394 267
15145 19618 1
6473 2792 2
15146 15146 152
1779 898 2
599 1769 1
6526 10998 1
3871 13159 1
15147 15147 1
15148 15148 40
2298 2298 3138
10917 19618 17
12985 9961 1
316 19618 1
15149 15149 7
5288 19618 6
12717 12717 47
13017 18373 1
1843 7081 1
13764 13764 73
8138 10079 1
15150 19618 2
4131 7921 30
7848 7848 75
3223 19618 1
6089 12313 1
11041 11041 23
13131 2532 1
15151 15151 27
7588 19618 5
8972 8972 223
15152 15152 337
12113 12113 813
11978 19618 1
15153 19618 5
8341 19618 4
5849 11931 1
7175 7175 253
1605 1605 237
14170 19618 1
11551 12110 2
852 4297 1
15154 910 1
15155 15155 21
2166 8062 1
13937 13937 39
3773 3473 1
12954 12954 69
15156 15156 6
15157 15157 56
3374 19618 2
2937 2937 112
2009 18263 1
9328 19618 1
15158 19618 2
22 16811 1
12809 12809 1281
4461 2366 18
8261 19618 23
15159 15159 27
15160 19618 1
5190 19618 40
15161 19618 1
15162 19618 1
2947 19618 6
8945 19618 9
15163 19618 2
15164 15164 102
15165 19618 1
1036 19618 5
4234 19618 3
8609 5644 1
15166 19618 2
430 430 1752
15167 15167 3
5587 19618 8
15168 19618 3
2697 16379 1
7280 6498 1
15169 15169 12
12782 12782 20
2984 522 2
8557 19618 13
3782 16416 3
8747 19618 3
15170 19618 2
2102 8846 1
12020 19196 3
15171 15171 19
11036 11036 27
15172 19618 2
13508 13508 135
5320 19618 1
14401 14401 6
11376 15762 1
2593 14635 1
4134 19618 7
10956 16119 2
6083 6083 609
2861 19618 1383
8381 19618 31
7451 19618 1
7622 7622 5
8859 8859 283
6647 6647 48
8495 8495 180
15173 19618 13
1371 19618 1
8988 8988 13
4957 19618 148
6172 6172 394
2032 11298 2
1958 12772 1
583 19618 2
5480 19618 1
15174 15174 92
9526 9526 12
15175 19618 2
15176 11983 1
1238 19618 8
15177 19618 2
2448 8143 2
735 7522 1
10124 14565 1
12635 12635 117
183 384 1
15178 15178 1
1978 19618 107
1357 9440 1
2086 13917 1
15179 19618 1
2902 603 1
1870 11348 6
3585 11584 1
1906 19618 4
1079 1079 566
15112 15112 8
15180 15180 1123
10629 10629 590
1542 16597 1
15181 15181 23
4272 19618 3
15182 19618 1
1182 14032 1
4799 19618 3
13348 19618 4
1795 1795 208
15183 19618 5
15184 15184 1
15185 15185 670
6029 6029 35
12445 12445 56
4435 4435 1473
13167 19618 20
15186 19618 4
10280 19618 2
7058 4358 1
15187 15187 1
5309 19618 13
735 7703 1
1475 4180 2
6453 19618 1
15188 19618 1
5094 5415 1
15189 15189 16
6833 6833 2
15190 15190 167
15191 15191 451
15192 19618 1
2452 2452 2517
13382 19618 17
15193 15193 168
7135 7135 144
6468 19618 209
15194 19618 7
5993 17848 1
7912 19618 1
15195 19618 1
9069 9069 65
13778 13778 90
406 3827 13
15196 3853 2
4378 17639 1
693 4279 1
15197 19618 1
3724 11490 1
13762 19618 6
15198 15198 22
15199 19618 2
6654 19618 1
1134 1134 2325
6196 19618 17
15200 19618 3
9389 4568 1
4158 7833 1
10314 13919 1
6570 19618 2
4043 7158 1
8332 8332 3145
784 1267 1
15201 19618 1
1514 1514 50
9848 9848 192
15202 19618 1
2988 2988 7622
7011 14489 1
6310 6310 2
15203 19618 4
14316 14316 447
3588 19255 6
11548 10861 1
1782 19618 2
2974 2974 262
15204 9707 1
15205 19618 3
12505 14993 1
7621 19618 49
15206 19618 3
2383 9409 1
3918 19618 1
1083 7257 2
14647 14647 307
7164 7164 47
15207 15207 6
5463 16546 2
648 723 1
1123 19618 1
15208 19618 1
12340 10844 1
7188 14375 1
109 109 2181
15209 15209 44
15210 19618 2
3791 2340 1
11055 11055 20
4613 4613 307
15211 15211 23
1424 9879 2
5416 5416 5442
15212 19618 1
543 9864 1
360 19618 2
15213 15213 40
9352 3168 1
3932 19618 1
7827 7827 296
7441 19618 20
15214 19618 1
1838 10673 1
15215 15215 461
7393 19618 24
287 19618 282
4109 14535 1
5833 19618 1
1768 19618 32
9061 19618 130
13204 9000 1
8066 13254 5
15216 19618 1
1504 5934 1
15217 19618 1
4648 4648 11
15218 19618 1
7147 8180 1
12463 12463 997
15219 19618 8
8952 616 1
15220 15220 120
15221 15221 16
10178 10178 59
13889 19618 1
1265 10573 3
3435 13848 1
14773 14773 1503
6526 19183 2
7208 7208 474
14928 19618 13
15222 19618 1
329 15399 1
15223 19618 1
15224 19618 1
9893 12078 1
2005 2796 2
5051 19618 1
14802 19618 4
15225 19618 1
12944 19618 1
15226 13500 1
2132 3416 1
7036 19618 17
10433 19618 5
15227 19618 13
6357 6357 101
15228 19618 1
2926 17684 4
15229 15229 3
2750 2750 61
15230 15230 9
7807 18024 1
1647 19618 8
1966 9694 1
15231 19618 1
5831 19618 42
474 9596 2
11333 9926 1
3617 3824 3
11653 19618 1
705 7307 1
6732 19618 2
1347 16569 1
8213 8213 164
15232 15232 7
11241 8699 1
15233 15233 33
3913 19618 238
3972 3972 327
11386 19618 44
15234 17169 1
4200 166 1
618 11568 1
6329 6329 243
7127 7127 14
15235 19618 7
15236 15461 1
15237 15237 219
2482 15871 1
13680 13680 39
8126 4036 1
11242 17794 3
15238 19618 2
6031 6031 180
15239 19618 5
2334 15457 2
310 19618 10
5307 5307 8
9095 2461 2
15240 15240 20
9316 9316 100
4513 19618 61
14540 19618 2
11220 19618 2
4551 12535 1
146 9973 1
15241 19618 1
6701 11527 1
15242 15242 218
2641 2641 681
1223 19082 1
15243 15243 72
4398 4398 10
14174 2480 1
4754 19618 5
15244 15244 62
5255 7938 2
8101 19618 6
15245 19618 3
15246 15246 33
9453 8611 1
10670 10670 41
15247 19618 1
5422 6475 1
15248 15248 2
9393 19618 1
8609 215 1
3385 16647 4
4008 801 2
2255 2859 5
5609 1798 7
844 7980 10
4999 4999 212
1040 19618 37
222 19618 90
14513 14513 111
15249 15249 6
1106 14439 1
15250 15250 297
1688 1106 3
11186 11186 668
11297 11297 35
4256 19208 2
1853 9372 3
4315 18001 1
15251 19618 3
15252 15252 328
12139 14305 1
2587 19618 72
4381 9729 1
3273 9061 4
15253 15253 151
4256 11624 2
6300 6300 115
6526 19618 41
15254 15254 25
14760 14965 1
3608 12225 4
10306 1781 1
15255 19618 2
13410 19618 2
15256 19618 2
2256 2256 351
15257 15257 63
1115 19618 1
511 19618 1
5305 19618 1
15258 19618 1
4423 11504 1
15259 15259 81
4154 4154 95
15260 15260 1
6558 5123 2
9386 9386 2181
4137 19618 6
15261 19618 1
15262 19618 1
6375 6375 9299
12695 13134 2
15263 19618 1
2569 2569 4415
735 14714 58
4001 8841 1
12506 12506 187
13221 13221 28
6762 9003 1
15264 19618 1
5707 10485 3
15265 15265 25
4261 3174 1
15266 19618 1
7660 7660 650
15267 15267 38
5527 5527 956
9828 12655 1
945 19618 67
14927 19618 2
12487 13259 1
7726 7726 679
2342 14956 1
10151 19618 7
10836 13033 1
15268 19618 1
15260 6977 1
15269 15269 7
4781 15500 1
12591 12591 10
15270 19618 1
9365 19618 1
9466 9466 660
4013 2141 1
13128 18924 1
6399 16838 1
1597 1606 1
361 12083 1
13990 14194 1
15271 19618 3
6017 4443 1
8345 8345 6
2118 11392 1
13031 13031 140
10265 19618 33
4784 4784 4176
1082 3147 1
1350 1350 54
5399 15355 1
15272 19618 1
4941 4941 69
10213 892 1
6718 18118 1
15273 19618 1
15274 15274 249
4382 4382 520
11393 12168 1
3325 16990 1
5378 5378 23
9719 6450 1
15275 19618 2
15276 15276 11
15277 19618 1
15278 15278 31
2567 10257 1
3625 19618 1
7213 9332 2
6960 6960 393
15279 19618 1
4437 7301 1
15280 19618 1
7202 19618 126
12999 19618 2
15281 3822 1
15282 19618 12
5490 7606 1
15283 19618 2
208 19618 1
15284 19618 1
15285 19618 2
15286 19618 1
14575 14575 5
14267 19618 1
15287 15287 4
5705 13629 1
15288 15997 1
5029 6420 2
15289 19618 2
8413 19157 1
4984 6176 3
13326 13326 203
12572 954 1
15290 19618 1
11338 19618 1
8555 10342 1
3457 10004 1
7593 7593 244
15291 15291 183
14032 14032 11
1916 19618 13
9441 19618 19
15292 19618 1
13811 19618 2
4248 5804 2
2993 7321 1
13017 19618 1
15293 15293 27
1370 1370 41
15294 15294 14
6046 14002 3
1720 5355 1
10305 646 1
15295 15295 77
15296 19618 1
15297 15297 8
4722 13311 1
14923 19618 1
15298 15298 4
2926 19618 257
15299 19618 6
9543 2604 1
1468 19618 3
10308 19618 8
2356 2356 86
13208 13208 20
10505 14528 1
2987 19618 2
2955 19618 69
15300 15300 28
13522 19618 13
15301 19618 3
10406 19618 1
9611 19618 21
15302 19618 1
10695 17706 2
15303 15303 23
15304 15304 155
3466 535 1
15305 5891 1
15306 19618 1
15307 15307 22
15308 19618 2
5231 15240 1
15309 19618 1
6835 19618 3
8970 19618 2
15310 15310 3
4079 4079 156
829 11909 1
585 4812 1
808 15493 1
15311 5285 1
15312 15312 567
15313 15313 168
5435 5435 1
15314 15314 9
2919 15332 1
15315 19618 2
15316 15316 14
12897 19618 3
9084 5108 1
15317 15317 32
15318 15318 1
3325 12611 1
5983 5983 31
12708 19541 1
904 904 10202
15319 14917 1
15320 19618 1
15321 17241 1
2032 1039 5
4354 15106 1
11242 9427 1
5019 6912 1
15322 15322 23
2567 2567 1646
7428 7428 701
15323 19618 15
15039 15039 23
15324 15324 8
5408 5408 431
6897 12705 1
10163 8028 1
15325 19618 38
5648 5648 115
224 5322 19
8438 8438 1842
15326 19618 1
8998 8998 12
8471 8471 103
2308 19618 264
15327 19618 10
6141 12171 1
943 10012 3
1366 1366 282
12037 12037 80
15328 19618 1
2346 18681 1
15329 19618 1
1856 2107 2
6886 6886 851
7719 15592 1
1654 1113 2
9013 9013 10
7383 19618 288
15330 19618 1
5159 7551 1
461 15903 4
14948 14948 141
8120 185 2
15331 15331 104
15332 19618 1
7999 7999 612
3476 19618 1
11413 11413 272
15333 19618 1
11318 8202 1
4119 14045 1
3447 19618 166
1475 1053 2
10530 10530 345
15334 15334 16
11359 5096 1
3462 3462 5532
8325 19618 7
15335 19618 1
2952 2952 102
15137 15137 108
15336 19618 2
1156 16011 1
3286 19618 23
15337 19618 10
15338 15338 25
6311 14073 1
15339 19618 1
4284 19618 1
15340 15340 19
3173 19264 1
3194 3194 341
12938 19618 1
4084 19618 28
11571 8617 1
857 857 178
2892 19618 12
6804 5896 1
15341 15341 22
15342 15342 264
15343 19618 1
15344 15344 424
15345 19618 1
15346 15346 7
193 7667 1
14858 19618 2
10718 10718 1077
15347 13696 1
5734 4982 1
15348 19618 1
7014 13858 1
14183 19618 18
5145 14909 1
11399 19618 1
15349 19618 1
3488 9496 2
762 762 41
12931 10389 2
2558 2558 174
4757 4757 57
15350 19618 1
11242 10779 3
6680 16952 5
3643 16457 1
72 13578 1
6480 3802 2
15351 19618 1
15352 19618 20
14824 14824 30
7782 7782 157
13732 13732 470
401 19618 150
15353 15353 34
6902 6902 565
15354 19618 1
15355 19618 7
4940 18182 2
13920 19618 2
12355 19618 63
15356 19618 3
3085 14939 1
15357 15357 61
14986 5046 1
7211 19618 1
13808 19618 25
12020 5951 1
15358 19618 1
15359 19618 2
15360 19618 1
3379 5227 1
11774 11774 291
3427 19618 171
2963 2963 65
10034 10034 4
281 13995 3
778 4759 8
15361 19618 1
15362 19618 1
15363 19618 1
922 19618 3
15364 3479 1
378 9301 2
4437 19618 784
6943 7783 1
10816 10816 1
15 15 516
15365 19618 3
8999 19618 2
15366 15366 1691
13185 19618 2
15367 19618 2
1722 1722 13914
11530 19618 1
9110 19618 1
13490 11853 2
15368 19618 1
12035 18851 1
8563 8563 17
9958 9958 513
15369 19618 1
15370 19618 1
6371 19618 1
3065 2913 3
4338 16768 1
11217 11217 254
855 855 8
12003 19618 6
15371 15371 39
7335 19618 281
1473 1473 340
12001 19618 1
12951 19618 10
13088 13088 67
4461 19618 938
12117 5191 1
1212 4897 1
15372 15596 1
8518 10637 1
15373 19618 1
15374 15374 186
975 955 1
14957 19618 5
2005 19618 272
125 9651 3
15375 19618 3
11868 11868 1847
4426 19618 1
15376 19618 2
15377 15377 77
15378 19618 2
611 19618 103
6738 19618 2
12621 12621 64
2432 10550 1
1047 1047 20
15379 3834 1
15380 15380 899
8440 8789 2
4604 19618 1
964 18307 2
15381 15381 553
4688 19618 1
7840 7840 47
8953 19618 1
8991 19618 24
1300 19618 1
15382 15382 202
15383 19618 18
15384 15384 37
3015 9418 1
9696 17262 1
15385 19618 1
10288 10288 104
14591 19618 1
15386 19618 2
15387 19618 1
15388 15388 32
4063 3710 1
14022 14022 4
9521 19618 3
15389 19618 4
3061 6084 1
13240 19618 16
8940 8940 8
5242 5242 7
218 864 1
15390 16809 1
575 10710 1
2244 13011 16
15012 19618 3
15391 19618 35
8121 8121 888
13111 19618 1
8482 8482 4
15392 15392 1
15393 15393 12
4789 19618 6
4351 4351 1598
15394 19618 1
11715 11715 290
15395 15395 2
6120 6120 25
2196 15448 1
7859 19618 1
15396 19618 1
7931 516 1
3299 2240 2
3239 19618 2
15397 19618 1
15398 19618 2
15399 19618 1
1211 13573 1
6922 2451 1
15400 19618 1
3578 16524 1
1192 10889 1
15401 15401 1
9908 10101 1
211 17683 1
9042 15120 3
15153 15153 115
11765 19618 1
3279 16900 1
4297 16428 5
15402 6412 2
3061 3061 6310
15403 15403 76
15404 19618 2
12795 3816 1
2482 16730 1
12512 19618 5
12016 19618 1
15405 15405 98
15406 19618 2
15407 19618 14
12598 19618 1
2802 2802 4867
52 52 23
6480 17469 3
6691 6691 396
6436 9607 1
2064 2064 69
890 5763 7
7594 10827 1
15408 19618 5
9163 9163 176
2010 2010 152
15409 15879 1
3311 19618 5
13224 12294 1
12963 19618 1
705 2879 2
10074 17364 1
3441 3441 760
1004 6682 1
15410 19618 1
5720 5720 1358
3069 4423 3
14050 7278 1
15411 15411 28
8281 8281 134
15412 19618 1
15413 19618 1
5228 5228 60
12051 19277 1
15414 19618 7
2503 2503 396
15415 19618 2
7871 7871 253
425 6815 2
9548 19618 33
12523 3878 1
9147 10425 1
140 19618 25
12889 12889 478
14516 19618 15
15416 19618 2
15417 15417 8
15418 19618 3
6443 17880 1
15419 19618 4
10387 10387 2
2860 13169 5
6528 6528 210
1950 19618 330
10447 6595 1
2076 2099 5
6010 13612 1
2634 2634 23
15420 15420 56
8639 4432 1
15421 15421 8
15422 15422 6
4762 11985 1
13252 19618 8
224 1206 1
4461 6464 1
11923 11923 27
11131 631 1
12956 19618 1
10549 19618 127
6348 19618 1
15423 19618 4
15424 19618 2
15425 19618 3
15426 19618 3
15427 15427 31
12982 12982 18
4183 4183 130
388 5832 1
6209 6209 8
15428 19618 3
15429 15429 5
15430 15430 83
2130 7068 1
12004 12160 1
11598 19618 1
15431 15431 10
486 19618 123
7342 7342 4
15432 15432 13
15433 19618 6
15434 19618 3
15435 4217 1
15436 19618 2
12653 19618 6
15437 15437 152
9325 19618 6
15438 19618 1
7208 7096 1
5594 5594 220
12886 12886 353
111 19618 8
7188 7222 1
15439 14288 1
6418 6418 28
15440 19618 1
4432 17095 1
5464 5464 10
5909 11857 1
3157 3157 68
4732 3926 1
105 8094 1
15441 19618 1
7653 7653 22034
3996 19280 1
10669 19618 1
13803 13803 50
15442 19618 1
15443 15443 192
11111 2072 1
10807 19618 13
15444 19618 1
15445 19618 1
14812 14812 94
13126 19618 30
15446 15446 141
9420 19618 6
15447 19618 1
2181 18123 1
15448 19618 1
1853 556 1
4931 6207 1
13335 4887 1
15449 15449 296
3576 17232 1
2758 2681 1
201 201 2179
3902 17562 1
735 2569 16
4098 4363 1
4268 2222 1
10958 19618 4
15450 19618 4
3525 7010 10
6534 3523 1
12949 12949 261
7235 7235 282
15451 19618 5
7256 7256 22
9233 9233 215
12294 12294 1619
15452 19618 1
11284 19618 2
6790 6790 30
829 16054 2
5971 17901 2
8189 17667 1
9859 16173 1
6183 6221 1
15453 19618 2
15454 19618 1
4461 195 12
15455 19618 4
5972 15804 2
15456 19618 1
12987 19618 1
11567 19618 1
15457 15457 87
3892 2742 1
15458 15458 14
15459 19618 5
15460 19618 4
15461 19618 4
15462 19618 1
15463 15208 1
7368 19618 1
13007 19618 1
7000 19618 9
10904 19618 11
9696 19618 4
15464 19618 2
15465 19618 1
15466 19618 1
11468 3654 1
1855 19618 2
2426 5260 8
6502 19618 15
1386 1386 1130
2818 15501 1
56 2861 2
1949 19618 1
7580 7580 1693
5673 5485 1
9259 12195 5
14106 19618 10
10580 19618 19
15467 19618 1
5234 5497 2
1095 11014 1
14945 16329 1
15468 14298 1
15469 13166 1
15470 19618 1
586 586 597
41 10528 1
15471 19618 1
14377 19618 5
5409 7162 2
1548 19039 1
15472 15472 87
13367 14794 1
8421 5078 4
1626 9614 1
1163 12961 2
15300 19618 2
3117 19618 4
523 5400 2
14071 14071 591
8199 8199 2902
4401 5965 1
4957 13247 1
3587 3587 149
14553 14553 561
9569 9569 196
10543 10543 1510
7719 5616 1
746 2214 6
10007 19618 1
10574 11702 1
15473 19618 5
4210 9283 1
329 19618 131
481 693 13
15474 19618 1
12521 19618 2
15475 15475 7
4282 17102 1
15476 15476 216
10951 19618 1
6054 6054 263
9412 9412 154
8829 19618 2
182 6252 1
15477 15477 12
8761 8761 10
8301 8301 33
1929 3308 1
13089 19618 1
15478 19618 4
7691 19618 1
12244 12558 1
15479 15479 1188
9997 3318 1
15480 19618 1
15481 19618 2
2216 2216 4833
6411 6411 95
14519 14519 94
13701 4034 1
13814 13814 21
15482 19618 1
12741 12741 109
15483 15941 1
6503 3312 1
7841 19618 4
9727 9727 283
15484 19618 1
10969 19618 3
15485 15485 1
4947 4947 3023
5380 19618 3
4170 19618 3
15486 19618 1
15487 17021 1
4092 15750 1
15488 307 1
9175 7210 1
225 3146 1
15489 19618 4
15490 1825 1
7435 7435 127
1567 13215 1
15491 5093 1
9424 581 1
15492 19618 2
7479 7479 462
2988 19303 1
1784 4408 1
5528 18571 1
11127 1073 1
197 1314 1
12173 19618 27
15493 19618 1
224 14932 1
6569 19618 6
11524 11524 233
15494 19618 2
8091 19618 8
15495 15495 2
790 790 19294
15496 19618 5
4101 19618 128
15497 15497 14
555 19618 3
10389 15981 1
5544 10690 1
5657 5657 1371
15498 19618 2
5077 15820 1
6059 19618 2
13932 13932 45
15499 19618 1
15500 15500 27
9566 9566 40
9563 9563 184
11082 19618 1
891 891 2265
11551 19618 23
250 15118 1
7418 10627 1
15501 19618 1
14823 19618 1
5793 2398 1
15502 19618 4
6882 19618 76
2219 8676 1
15503 19618 1
3995 19618 1
12474 5366 1
2218 15116 2
13423 19618 1
749 749 74
9966 19618 2
15504 16413 1
15505 15505 6
15506 15506 3
9160 14705 1
8420 4625 1
1199 19618 1
6983 6983 2070
13524 19618 25
12617 12617 38
14048 19618 1
12194 12194 120
134 15730 1
890 890 30962
3233 4661 1
15507 5618 1
1979 5496 1
4905 8216 2
15508 15508 6
15159 19618 2
15509 19618 1
15510 19618 1
15511 15511 9
4261 14253 9
8758 9560 1
11822 11822 57
8526 8526 110
7936 17674 1
2889 2889 973
501 17687 2
12327 19618 3
14 19618 19
2594 6107 1
5879 11336 1
4606 19618 8
14499 14499 99
1979 4569 1
12341 12341 930
11259 10062 1
11573 11573 33
15512 2321 1
13561 13561 1
8510 8510 196
2348 6146 2
14478 14478 751
15513 19618 1
406 15070 2
1458 11659 3
86 1853 2
14983 266 1
15514 19618 1
5970 1943 1
6896 19618 14
1081 9647 1
15515 15515 11
12680 12680 3
15516 19618 8
2205 19618 102
4251 19618 10
3653 13801 3
1311 18586 1
519 18284 2
15517 19618 4
15518 19618 8
15519 15519 95
15520 19618 1
4049 17636 8
8138 4868 1
15521 19618 2
3728 3728 64
129 129 462
15522 15522 6
270 8369 2
8188 8188 6
15523 15523 19
923 12826 1
14829 19301 1
6156 4441 1
3866 3866 113
11454 11454 210
15524 19618 8
12027 12027 40
3021 3021 55
5196 11057 1
2205 4816 1
3084 9489 1
9714 8702 1
15525 19618 2
6089 19618 24
15526 5795 1
15527 19618 1
7210 7210 1412
358 19618 92
15528 15528 87
7293 4395 1
15529 17946 1
710 4839 5
8047 19618 7
15530 19618 2
3839 11662 3
6305 14041 1
15531 15531 40
15532 15532 1684
15533 19618 1
943 16511 2
15534 19618 1
5712 19618 8
4740 4740 940
15535 15535 374
6253 4189 1
6326 17477 2
114 1151 1
8362 8362 123
15536 19618 1
13491 19618 5
5617 15109 1
2802 2639 2
2697 8884 1
15537 19618 4
1162 15277 1
4858 4858 3241
13637 19618 2
4223 1949 1
15538 19618 2
15539 19618 1
8343 8343 23
15540 19618 1
15246 19618 2
4905 4842 1
12369 12369 43
281 489 1
4996 4996 51
4530 4530 16
6909 10429 1
13388 19618 3
15541 15541 45
5014 1488 2
4955 4955 2851
13925 13925 108
3468 4083 1
15542 19618 2
8864 19618 1
15543 15543 6
4128 19618 2
2163 2163 1433
4485 6391 1
4401 942 1
15544 15544 18
11429 19618 7
14496 5843 1
191 3106 1
15545 15545 41
11555 11555 28
15546 9136 1
12253 12253 9
9937 16817 1
9014 9014 108
9117 19618 2
15547 15547 21
8936 13281 1
15548 19618 3
7286 14235 2
12931 8156 1
8424 18449 1
11296 4145 1
13867 13867 5
1428 522 13
15549 15549 170
15550 19618 2
15551 15551 25
8138 13305 1
2759 13386 1
13273 19618 1
1074 13277 1
6916 12732 1
5080 19618 80
234 234 26728
14709 19618 1
1542 17635 1
15043 15043 127
15552 19618 15
7858 7858 622
15553 19618 3
5497 15129 1
15554 15554 4
15555 5998 1
13373 13373 10
5673 14069 1
10708 19618 1
15556 19618 6
8504 19618 3
9568 2899 2
15557 19618 1
5692 15291 1
3083 3083 81
3173 9441 1
3588 12154 1
9938 9938 186
15558 15558 536
14678 13187 1
7011 18941 1
15094 19618 13
7147 5708 2
6701 19323 1
3540 19618 2
7516 19618 212
3828 13533 1
15559 19618 7
10070 17183 1
2038 9120 1
15560 19618 1
4202 4202 8152
11353 11353 1657
15561 15561 1
4804 4804 31
1882 14995 1
15562 19618 1
5104 5104 1
15563 19618 2
15564 19618 1
15565 11175 1
7516 7516 8554
8330 12547 1
2521 11185 1
1477 16810 1
1835 1835 1531
196 196 7584
298 9164 2
9091 19618 2
298 7654 1
11333 15507 1
15566 1945 1
5170 1381 1
15567 1359 1
15568 19618 2
31 8253 1
2606 16769 2
1406 5709 2
15569 19618 5
1803 19618 1
4445 8871 1
15570 15485 1
3199 5423 3
15571 15571 23
15572 19618 1
2276 19618 199
7215 19618 9
9764 19618 2
2419 19618 2
15573 19618 1
4092 3725 1
14444 19618 1
5360 19618 17
15574 15574 79
15575 18429 1
15576 19618 1
4121 5870 4
15577 19618 1
5032 13342 1
212 1038 1
7514 4298 1
1486 1486 20354
1485 1485 3545
10549 18604 2
8278 6089 1
1748 19618 124
3681 10029 1
5555 19618 10
12178 12178 1010
15578 19618 1
12469 12469 428
15579 19618 9
15580 15580 19
1590 15650 1
9291 19618 11
2479 19618 3
9335 15436 2
106 6255 1
5088 333 6
10153 10153 2
4707 2010 1
1311 365 4
9298 9298 88
10499 18516 7
3991 19618 11
3929 3929 18
9061 15357 3
6315 6315 19
15581 15581 592
155 7455 1
7241 19618 12
12708 19618 3
15582 19618 4
11184 11184 530
8490 8490 66
11506 19618 4
11597 19618 1
10543 19618 38
9640 19618 11
12216 12216 448
14216 19618 2
5133 2227 1
15583 19618 1
15584 15584 33
8526 10869 1
8827 19618 14
15585 19618 2
211 1006 1
805 19618 4
6590 19618 2
15586 19618 1
1504 10138 1
4930 4930 33
4762 9966 1
3126 3126 888
15587 15587 20
4296 8333 1
15588 15588 26
13053 13053 34
15589 15589 300
8347 8347 45
1289 4525 1
8912 2697 1
15590 19618 2
4195 19618 1
5573 5573 209
6755 19302 1
2423 2423 21
15591 19618 1
4319 1009 1
8850 8850 4
15592 15592 25
12187 7129 1
15593 19618 1
4989 16770 1
15594 19618 3
15595 19618 11
5148 5148 125
15020 19618 1
8439 8439 1296
10597 19618 3
3405 3405 507
9538 6757 5
2506 15745 1
8909 19618 1
15596 15596 33
1097 14733 1
15597 19618 7
2820 2426 3
15598 19618 4
15599 15599 43
15600 19618 1
5601 7805 2
15601 19618 1
15602 19618 2
15130 15130 261
4199 4199 6343
1251 18069 1
15504 15504 2699
789 9605 2
15603 15603 25
15604 19618 1
2095 2095 9
3676 12713 3
1491 5422 1
8147 6868 1
12330 12330 4872
2858 16111 2
15605 19618 2
6141 5569 1
15606 19618 1
4962 19618 6
2274 10677 1
1134 15700 1
2514 13013 1
15490 15490 1763
1784 3243 1
14434 9640 1
1067 9395 1
15607 15607 23
15608 19618 1
6551 9861 1
15609 19618 1
11979 12936 1
4591 19618 2
5210 19618 1
2802 4695 3
9029 8867 1
15610 15610 15
14649 14649 230
13793 19618 6
12395 12395 274
12408 19618 2
11960 11960 21
15611 19618 1
9569 17770 1
1876 17980 4
12489 19618 2
15612 16211 1
4979 4979 180
4603 19618 167
7576 19618 1
12062 19618 1
6758 8022 1
15613 17743 1
3794 3674 2
4597 19173 1
2552 11366 1
6083 2501 1
3252 10521 2
222 15468 1
10994 19618 3
4976 4976 169
15614 19618 13
8588 8588 2290
5206 18704 1
7113 19618 9
2394 4007 1
15615 15615 6
10172 17446 1
13717 19618 1
11894 522 3
7068 19227 3
7900 1355 1
3708 17820 1
4109 2652 1
6326 14036 3
4297 4607 4
8190 8905 1
11850 19618 5
166 9244 1
15616 15616 32
6326 8114 1
15617 19618 1
14848 8176 1
1147 11225 1
1570 1570 2601
15618 19618 3
8760 19618 1
15619 19618 6
12500 12500 64
1233 19618 1
1318 19618 2
10447 8160 1
15620 15620 32
12246 5111 1
5941 5941 262
1217 19618 7
15621 19618 1
5309 5309 518
6653 19618 6
9060 9060 176
9113 9113 1987
14563 19618 1
5437 19618 2
6078 11972 1
2441 12259 1
904 1942 3
2320 15191 4
15622 19618 2
15623 15623 17
3314 19618 6
735 18279 1
2977 10297 1
15624 15624 46
3073 3073 1956
7086 7086 2759
5342 8035 1
2525 12868 3
908 945 4
13955 13955 173
15625 19618 1
5593 14121 1
634 531 1
14955 14955 109
2753 19618 6
8951 19618 2
4616 19618 30
15626 15626 50
12873 19397 1
15627 19618 2
6909 3873 1
4768 6606 2
10335 3872 1
15151 790 1
9085 6471 4
15628 15628 69
5838 5838 148
6041 19618 1
15629 15629 121
14689 19618 1
14272 19618 6
15630 15630 19
15631 15631 138
9356 19618 11
12262 19618 1
15632 19618 1
10359 5665 1
12247 12247 161
6361 8795 1
8436 8436 47
15633 15633 166
15634 15634 6
14782 19618 1
7007 5266 1
15635 19618 2
14593 19618 1
15636 15636 62
10126 19618 29
15637 15637 1
15638 19618 1
2161 11020 2
15036 6995 1
15639 15639 74
1619 19618 2
15640 13772 1
3060 272 2
7550 7550 316
1386 19307 1
215 19618 17
8570 19618 1
15641 19618 1
15642 15642 1
455 1804 1
13332 19618 57
6337 6337 1558
9856 9856 72
1722 19618 375
10657 4869 1
4196 4196 1776
15643 19618 2
5322 19618 375
15644 15644 45
12778 12778 36
8488 8488 31
7772 6106 1
1779 4426 1
15645 19618 5
8207 12824 1
1840 19618 1
3530 9871 2
15646 15646 2
15647 15647 5
7725 8745 1
1345 1345 7
15648 19618 6
2382 958 1
1153 19618 136
15323 15323 395
11831 19618 4
15649 15649 48
5897 19618 2
7098 6042 1
9558 9558 16
9114 9114 71
11796 2446 4
15650 19618 1
3736 3736 129
15651 19618 1
8875 19615 1
4890 17573 1
140 2333 2
15652 14879 1
11813 19618 20
15653 19618 2
1008 9343 1
15654 19618 1
13852 13852 258
11052 19618 1
1617 17249 1
15655 19618 1
12128 12128 2
15656 19618 9
15657 19618 1
7409 17923 1
12763 19618 5
7834 9342 1
6375 5575 6
7247 10173 1
4064 4064 3
4684 3792 1
14126 4467 1
7196 9232 1
15658 15658 13
15659 19618 2
1220 1571 1
7461 19618 1
8120 1834 1
7519 8224 2
14033 19618 1
15660 15660 52
9278 15313 2
3028 13639 1
6044 19618 32
5367 2747 2
11193 8547 1
6967 6967 201
15661 15661 6
4328 8776 1
8205 8205 229
8280 19618 5
71 18635 1
6305 15828 1
9614 2161 1
9496 19618 4
679 362 1
15662 19618 3
1779 19618 213
13296 13296 16
5767 8363 1
6163 440 1
4551 19618 56
4042 19618 29
15663 15663 23
1243 9896 2
14980 13112 2
3467 3467 4921
15664 19618 3
4993 19618 1
15665 15665 2
11051 19618 2
2786 18352 1
10883 10883 174
4748 19618 1
11746 7639 1
12159 12159 650
15666 15666 4
3588 10542 2
3001 1907 5
2439 19618 1
11619 11211 1
53 53 8
1067 3099 10
539 5368 6
15667 19618 1
4576 4200 2
3319 17063 1
13042 13042 9
2989 10198 1
15319 19618 3
15668 19618 1
3868 6629 1
12499 19618 2
10089 10089 468
15305 15305 57
12017 19618 1
3292 3292 143
15669 19618 19
10852 10852 34
12752 18530 1
10555 19618 4
15670 19618 5
13434 7225 2
1428 3133 1
7055 19618 2
12266 19618 2
14483 14483 46
15615 19618 1
6789 12887 1
15671 19618 9
727 9464 1
15494 15494 32
10745 19618 3
10037 19618 1
575 575 1132
15672 19618 6
15673 19618 1
1567 1567 2000
3252 15612 1
13934 19618 3
4381 17359 2
3237 5574 1
6780 6780 346
4750 19618 1
6729 19618 3
11718 10669 1
15674 15674 32
14446 19618 30
11804 11804 180
1962 19618 6
11066 19618 1
15279 15279 2
789 11005 1
12293 3413 1
15675 15675 25
14474 14474 188
15676 15676 2
15490 19618 35
15677 19618 1
15678 19618 33
15679 15679 167
13391 13391 176
2649 453 2
15680 15680 36
15681 19618 17
10284 19618 1
1729 12264 1
15682 19618 1
15683 19618 2
13033 13033 5
10892 10892 14
9033 19618 3
3457 3544 1
11178 7338 1
15298 19618 1
15684 15684 8
3215 19618 312
15685 19618 1
15521 15521 28
10095 10095 528
15686 19618 1
1553 19618 1
15589 19618 10
13224 19495 1
12587 19618 3
15687 15687 342
1285 8057 1
13567 19618 1
9794 9794 163
6649 19618 112
1475 35 2
15688 19618 1
267 19618 11
15689 1112 1
8339 8339 86
11740 11740 1
15690 18384 1
7480 19618 1
1095 8659 5
14329 19618 1
7842 3795 1
13001 19618 1
9901 19618 121
7124 19618 1
7057 13408 1
14142 7529 1
1393 19618 30
11714 18181 1
10840 19618 1
732 732 4365
15497 19618 1
15266 15266 6
15691 15691 9
15692 19618 2
15693 19618 1
4963 4668 2
15694 15694 630
5276 5276 363
4461 18077 1
1514 18290 1
1055 15848 2
818 19618 14
15695 19618 1
12720 19618 9
10514 5937 1
5019 5019 1269
10674 19618 3
14773 19618 41
15696 17699 1
10265 11220 3
12692 19618 3
2462 6754 1
6385 6385 101
8124 2743 1
15697 19618 3
14353 19618 7
7643 14048 1
536 10457 1
13050 8520 4
4670 4670 48
2176 19359 1
6876 4211 10
1523 5929 1
15698 15698 3
13109 19618 20
5329 5718 2
15699 19618 1
10341 19618 7
15700 19618 1
8203 19618 42
936 16480 1
1170 3429 3
15701 15701 40
1041 544 1
15702 19618 1
1862 9767 1
15703 19618 2
15425 15425 85
10271 10271 26
14419 14419 34
12256 12256 72
15704 19618 9
12168 1718 1
15705 19618 1
5721 19618 3
15706 19618 3
15707 19618 1
3646 8394 1
1639 5803 1
10751 19618 1
6580 8995 1
6446 5433 1
10664 10664 17
5540 10775 1
15708 19618 2
1505 5313 6
9395 15288 2
10519 10519 43
6577 6577 17
6139 12243 1
1548 5868 13
15709 15709 46
4784 1695 1
15710 13788 1
7173 19618 12
15711 19618 12
7898 19618 2
9018 9018 16
13888 13888 3
14571 19618 25
7764 19618 19
15712 2987 1
6485 18311 1
15713 19618 8
3193 10058 1
14309 19618 1
10266 10266 485
9341 19618 21
9578 9578 285
15671 15671 400
15714 15714 247
15715 15715 480
11161 19618 2
234 15068 1
6975 203 3
10314 19618 28
2358 47 1
14202 13359 1
15716 15716 360
2367 2367 300
13096 19618 1
8381 16412 1
444 444 79
4132 19618 22
11619 681 1
2632 10866 1
15717 822 1
9295 9295 133
9651 19618 4
2705 2705 195
6094 6094 45
15718 15718 16
3395 3395 44
15719 19618 1
15720 1389 1
15721 15721 45
15722 19618 6
182 17420 1
15723 19618 8
9360 9360 4
1067 3231 1
3604 19618 2
7051 19618 3
15724 19618 2
13417 13417 1
9380 19618 1
1395 1395 1
8608 8339 1
344 17362 3
6339 6339 162
6959 6959 212
7371 19618 9
90 90 197
15725 19618 3
5682 10547 1
7349 7349 1178
15726 19618 3
9599 19618 17
15727 19618 26
10549 13985 3
11918 11918 42
2466 6879 1
1931 2914 1
15728 19618 1
88 16624 3
15729 15729 4
7858 14428 1
3653 3653 3762
11175 19618 9
15730 19618 1
12971 19618 14
11615 11615 1
11143 13257 1
3123 13392 1
4488 19618 7
2803 2803 1258
611 611 4627
15067 15067 47
15731 19618 8
15732 15732 295
4508 13397 1
12097 19618 5
15710 19618 2
1206 19618 1
15733 19618 1
3853 3853 2061
15734 19618 1
12612 12612 55
275 3361 1
15735 19618 2
15736 19618 1
10966 7842 1
15737 15737 25
7262 7262 75
15738 19618 1
5027 5027 352
4470 9493 1
8202 8202 594
10925 9221 1
11988 11988 486
12173 11698 1
15739 19618 1
15740 15740 86
15543 13282 1
15741 15741 2
6810 19618 5
11851 11851 25
211 15094 1
1954 15744 1
1189 5712 1
2450 2450 13
6254 8300 1
15742 19618 3
15743 15743 34
8392 11013 1
5442 5388 1
1519 2166 6
4365 19618 1
9652 14057 1
12917 12917 4
3483 13307 1
15744 19618 5
6179 6179 11
15745 15745 372
7409 7409 6387
15746 15746 38
4915 13844 1
4693 2568 1
15747 15747 57
4778 4778 1898
12880 19618 1
15748 19618 1
15749 18014 1
7265 19618 50
9693 19618 20
115 115 2420
15750 9272 2
1853 1295 1
11114 19618 1
15751 15751 9
12875 19618 8
1504 2969 1
3749 970 1
7516 17848 1
12723 19618 1
6505 6505 368
15752 15752 25
11200 19618 1
15753 19618 14
6258 9184 1
3525 3525 23136
15754 13694 1
809 5062 2
3732 16338 1
5627 17450 1
3823 3823 596
1978 10770 1
15755 10641 1
4668 19618 18
15756 19618 1
12845 12845 34
7252 16503 1
2322 18023 1
388 18895 2
15757 15757 4
15758 15758 263
4812 6742 1
15759 15759 15
6559 19618 1
15760 19618 1
2381 19618 1
6438 19618 1
2860 19618 233
3273 10323 1
14914 14914 27
2781 10119 2
896 1898 4
4904 19618 1
3076 3076 116
11259 11259 585
676 6783 3
15761 19618 1
3686 3686 15
15762 19618 1
9657 4509 2
10272 10272 82
6523 6523 16
12643 19618 1
15763 15763 114
2992 2992 81
12239 19618 7
8936 8936 274
12682 19618 2
59 1285 2
15764 15764 44
6610 3484 4
1040 7994 2
8540 19618 1
9923 9923 681
15765 19618 1
14078 19618 66
6740 6740 734
15766 19618 1
1014 19618 1
15767 19618 1
14817 19618 2
15768 19618 3
3462 19618 155
9957 6790 1
5255 14659 1
4715 5238 1
10679 3214 1
2996 5882 2
6784 19618 1
15769 19618 2
178 6947 4
659 9340 2
6060 19618 19
2930 2994 1
15770 19618 1
2603 2603 1324
4906 1447 1
15771 15771 83
10505 15621 1
15772 19618 1
4181 4181 491
15773 19618 1
1725 12039 1
10573 19618 3
15774 19618 1
9332 19618 292
7809 19618 6
7882 7882 1133
2130 2130 12138
4369 19618 1
814 13744 1
7671 12161 1
8906 12092 3
15775 15775 61
5937 10535 1
12070 19618 1
49 49 2219
203 3861 2
5682 8967 1
3191 19618 33
3578 18268 2
2332 2332 1967
15776 15776 24
15777 19618 8
15778 15778 3
15779 19618 11
15780 19618 1
15781 19618 1
10844 10844 1
1389 5316 2
1218 12151 1
15782 19618 1
8180 12814 1
12392 12392 16
11060 11060 36
3453 3453 13
5465 14926 1
9147 1361 1
15783 19618 1
9739 11509 1
3737 5275 1
15784 15784 48
8440 13710 1
15785 15785 17
4188 3863 1
5988 5988 10
4582 6678 1
15786 19618 1
15787 14250 1
6510 9352 1
15788 19618 3
15789 19618 1
5911 5911 2154
2509 5554 1
3329 19618 7
15790 19618 1
6232 19618 8
4974 4974 93
3606 18213 1
15791 19618 3
15792 19618 5
15793 19618 1
15794 19618 12
6997 6997 1
9580 10831 2
9274 19618 2
15795 15795 100
2038 2038 747
11482 11482 13
8816 17601 1
8871 19618 1
15796 19618 1
5880 6028 1
11763 11763 227
8825 6242 1
15797 15797 2
8696 458 1
165 19618 5
2655 19618 3
1308 12700 1
6106 5277 1
1612 19618 7
7727 19618 8
15798 19618 2
15532 19618 36
15799 19618 2
11070 8925 1
794 19618 68
15800 19618 3
2977 5768 1
4351 19618 44
5797 5797 19
14148 14148 70
2751 3783 1
12139 12139 111
150 14178 1
15801 19618 2
3524 19618 4
15802 15802 17
6035 2908 1
7086 18532 2
5203 10502 2
1660 9830 3
15760 15760 3
12421 19618 38
15803 19618 1
15804 897 1
15805 15805 5
13502 13502 32
2373 19618 9
15806 19618 3
201 17050 1
15807 19618 1
1450 3994 3
15808 19618 1
846 19618 1
5876 19618 42
15809 15809 57
12264 13205 1
14036 1354 1
14432 14432 18
15810 7363 1
487 19618 1
8817 5306 1
15732 19618 7
5761 13976 1
3834 14388 1
15811 15811 27
112 2100 1
1539 19051 1
4266 15763 2
15812 19618 2
11999 19618 3
3287 4108 27
11639 19618 11
15813 15813 22
15814 15814 1
3542 3542 225
9756 19618 3
15815 19618 11
293 11023 6
9773 9672 1
1982 12506 1
426 3701 3
7531 7531 107
114 11547 2
11704 11183 1
15816 15816 273
970 4057 4
15817 15817 64
15818 19618 3
15819 19618 3
15820 19618 1
15821 19618 1
15822 19618 1
15744 15744 103
4522 19618 1
9210 9210 8
15823 19618 1
10915 10915 441
2670 13104 2
1931 1372 11
3279 1116 2
520 520 460
4778 11264 1
15824 15824 4
9922 18973 1
15825 19618 1
15826 19618 1
15157 19618 1
15827 19618 1
6326 7716 4
2861 21 1
10278 16133 1
5609 11073 1
7308 19618 21
2058 19618 15
581 19618 1
7661 7661 266
9712 9712 195
15828 19618 1
15829 19618 1
2108 14568 1
7538 19618 7
15830 19618 2
424 11274 1
5601 9976 1
15831 15831 32
4008 19618 10
15832 19618 1
5198 19618 71
13973 13973 78
6507 6507 697
10397 5914 2
15833 19618 12
15552 15552 1
125 9738 2
9047 11642 1
11701 8223 1
8513 19618 1
4928 4928 196
11344 19618 1
13825 19618 1
15834 15834 61
720 15004 1
10363 14854 1
15835 19618 2
15836 19618 7
10655 6354 1
15837 19618 3
13560 14903 1
11733 11733 21
50 19618 1
15838 15838 97
3477 3477 75
1616 6168 2
15839 19618 1
15840 19618 3
5739 16401 1
15841 19618 2
1306 15535 2
6956 6956 23
13201 19618 15
15842 19618 1
1060 2849 4
5349 10512 1
15843 15843 12
15844 19618 16
15845 19618 1
13526 19618 1
224 4688 1
2445 19618 14
15846 15846 755
2776 16436 1
426 9023 2
3799 19618 1
11775 11775 123
995 18905 1
2023 19566 1
15847 19618 2
15848 15848 75
12539 19618 2
8501 8501 55
6811 19618 5
15849 19618 4
2758 6076 2
4298 19618 50
7987 7987 147
3047 2067 1
589 2469 1
5945 12081 1
15850 19618 1
15805 19618 1
8264 3658 1
15851 16737 1
4328 10495 1
15852 19618 3
15853 15853 6
15854 15854 47
9319 8093 1
7421 8255 1
5893 6969 1
15855 19618 3
10205 10205 2257
15856 15856 4
648 10893 1
15857 19618 1
7296 7296 3764
8792 8792 266
15858 15858 32
14133 19618 9
9490 19618 6
15859 15859 2478
15077 19618 11
13418 19618 1
15860 15860 130
746 9681 1
3585 1364 1
2605 16717 1
7972 4131 2
4002 4002 497
15804 19618 1
218 13905 1
2944 2944 1603
1040 15887 1
15861 19618 2
13692 19618 1
534 4588 1
15862 19618 1
3331 10843 1
1614 17285 1
9405 9405 1
1067 9109 1
13257 19618 23
10167 10167 15
2774 19618 53
15863 15863 112
461 4386 1
11639 3628 1
7633 511 1
15864 19618 1
8153 3754 2
10638 10638 32
13285 19618 2
295 2711 1
2395 2395 4672
3797 3533 6
1022 14876 5
15865 15865 40
15866 7372 1
4095 19618 130
14129 19618 1
4647 11194 1
4057 9319 2
9187 9187 15
7921 7916 1
2097 2097 390
1431 19618 194
5676 19618 5
10604 16089 3
1167 19618 2
6161 12420 1
15867 19618 3
6981 19618 1
5881 5881 1298
9700 9700 10
5140 19618 8
8802 18916 1
212 4808 1
621 4867 4
1153 17593 3
2949 12769 1
11648 19618 1
4131 6927 1
13592 4089 2
8450 15100 1
4809 4809 968
8609 4772 2
359 7905 1
15868 19618 1
409 17728 5
7155 19618 2
5166 5409 6
15754 19618 5
15869 19618 4
6351 6351 327
15870 19618 1
10374 10583 1
2428 19618 95
11683 19618 22
3989 18441 1
15871 19618 1
2839 12954 1
5765 8811 1
15872 15595 1
2490 15548 3
14707 14707 63
6573 6573 24
766 651 1
217 6112 1
15873 19618 2
15874 15874 105
6379 19618 126
7477 18222 1
15875 15875 32
15876 19618 1
1748 9204 1
15877 19618 1
7087 7087 17
1305 935 1
5223 7676 1
15878 16721 1
15879 19618 1
5546 5546 1
13869 19618 1
15880 3015 1
5613 5135 1
7512 7512 48
657 19618 34
8143 12551 2
8601 10642 2
11090 11090 23
7540 9315 2
12036 15794 2
3816 11304 2
4117 19618 1
2751 14467 3
13916 13916 64
1792 10956 1
12627 5162 1
15881 19618 20
15882 15882 8
3257 6305 2
13829 13829 27
10694 19115 1
2653 2653 2589
12431 12431 121
6166 18243 2
9206 9206 98
15883 19618 7
15884 19618 1
12087 19618 1
1725 1097 3
15885 15885 280
15886 19618 1
12333 19618 2
4314 4314 14
9322 19618 1
15887 19618 1
3801 3801 338
5032 7251 1
15888 19618 1
9747 9747 364
9496 4063 1
15889 19618 1
15890 15890 9
15891 19618 1
2864 2864 7
10649 19618 4
15892 19618 2
8281 19618 3
4199 5144 2
15893 15893 16
12618 12618 12
15894 19618 2
273 19618 63
15895 19618 29
15896 19618 1
12876 19618 1
1022 9876 3
15897 19618 1
1830 4345 4
9902 16210 3
2032 15366 5
780 14249 1
1176 15839 1
2690 2690 502
15898 15898 2428
11178 8781 3
9881 9881 35
13990 13990 635
8992 8992 515
3916 19618 1
15899 19618 6
15900 15900 221
13592 19618 45
1683 1683 163
1127 12917 1
15901 15901 36
1004 19618 47
2760 13805 3
4297 4297 10343
8748 8748 266
766 16754 1
15902 15902 6
15646 3899 1
4141 1427 2
15903 19618 4
2691 2691 35
1931 5541 1
7050 7365 1
10239 19614 1
11977 19618 1
1211 13147 1
546 4119 4
15904 15904 1385
14642 14642 42
5739 14919 1
8041 13735 2
15905 15905 14
2738 2738 21
7226 17341 2
15906 15906 21
15907 19618 2
13947 14888 1
12336 19618 3
15908 15908 21
14150 16309 1
13840 19618 11
3795 16017 1
6606 19415 1
14649 16886 1
2113 12681 1
13614 13614 8
12396 12756 1
5198 2718 5
3665 3665 1765
2332 18725 1
5133 5866 3
15909 19618 1
15910 15910 122
6334 6334 48
15911 19618 2
4224 19618 452
15502 10952 1
15912 19618 1
8827 8827 732
5047 5047 206
4033 4033 2836
1228 19618 1
10209 10209 14
68 6241 3
15345 15345 4
13697 19618 38
15883 15883 348
10515 19618 1
15913 19618 1
951 843 1
13897 13897 1
3218 3489 2
13223 19014 1
10964 10964 18
1978 1978 4709
15914 15914 57
10222 10222 651
15915 15915 74
1870 1618 4
816 4888 1
4732 6027 2
1698 9876 1
15916 19618 1
7304 19618 14
1818 718 1
4497 17607 2
12786 12786 246
1045 17960 1
1770 4005 1
538 19618 105
4129 1048 2
15917 15917 37
8438 13856 1
3966 19618 2
10453 26 2
13947 18971 1
3983 3983 301
15918 19618 1
15053 3326 1
465 14520 1
4615 4615 70
15919 15919 35
2072 19618 5
9086 19618 10
12654 12654 16
9787 2197 2
8493 19618 2
965 13951 1
15920 19618 1
10815 10815 19
8846 8846 12
509 12074 1
14572 19618 5
5081 3278 1
2871 19618 12
12528 19618 4
481 250 3
1754 16813 1
15921 19618 1
3673 3673 9
5290 7320 1
15877 15877 13
344 12599 4
5970 14 3
14852 19618 1
7639 19618 1
15922 1383 1
4089 19618 16
15923 19618 1
11641 9713 1
5088 12147 2
15924 15924 75
15925 15925 17
12970 19618 3
3183 11922 1
12202 19618 9
7341 19618 4
3095 3095 24
288 2126 1
15926 19618 2
747 1613 1
10860 6092 1
15927 19618 1
9157 19618 39
10921 19618 1
8288 19618 16
7437 19618 4
7286 16177 1
13986 19618 1
1668 19618 2
852 852 192
3299 12538 3
1297 837 5
8842 18251 3
1239 17100 1
15928 19618 2
20 20 83
2334 2334 4061
15929 15929 35
10935 19618 4
15930 19618 1
15931 19618 3
15932 19618 1
3273 3273 10366
14397 14397 42
88 13444 1
3561 19618 1
15933 14330 1
6713 12965 1
3745 12602 1
3260 3260 9
15934 19618 1
9211 9211 168
3185 3185 81
15935 19618 1
11130 11130 8
9311 9311 129
15936 19618 1
5090 4166 1
1650 9857 1
7363 7569 2
15937 15937 18
164 19618 2
1490 997 3
15261 15261 4
10630 19618 39
2627 7617 3
791 208 1
13419 13419 34
3589 19618 68
1504 4906 3
11813 18633 1
166 4896 5
15036 15446 1
8153 1839 1
8326 564 1
8328 8328 10
14755 9907 1
15938 19618 2
15939 19618 1
15940 19618 7
15941 15941 21
222 2063 2
8625 19618 1
15942 15942 31
7614 17436 1
746 18255 1
15943 15943 2
7112 7112 286
5899 19618 11
15944 15944 487
15945 19618 2
6015 7766 1
5119 19618 1
1650 17676 1
4211 13365 1
10738 10738 278
15110 3311 1
4765 4765 98
15946 19618 1
9933 10308 1
1588 10865 1
14871 19618 3
12092 12092 264
14402 5480 1
1609 5320 1
2300 19618 87
919 19618 25
4854 19618 2
11523 19090 3
15947 15947 84
15948 14717 1
15205 15205 175
13074 19618 1
15949 19618 9
5076 5076 52
8142 19618 1
15950 15950 3
10313 19618 115
3071 300 4
7260 7260 214
15951 11001 1
6915 6915 1124
9543 9543 1162
5888 9731 2
15952 15952 33
9878 9878 27
15953 19618 1
15954 15954 240
15955 19618 2
10326 10326 36
9793 146 1
6746 6746 60
427 19618 1
6165 6165 70
15956 19618 1
735 10022 1
15957 19618 8
7445 19618 2
15958 19535 1
3988 19618 3
3481 10124 1
3445 3445 5
5593 19618 35
1870 2757 1
8683 8683 56
14433 14433 543
3435 19618 39
15959 19618 1
7682 13336 1
14364 14364 165
3928 2481 1
15960 19618 6
2186 13794 1
13193 6036 1
8128 7668 2
6975 12916 1
1548 4440 1
15961 15961 3
15962 15962 93
6078 6078 1373
15963 15963 16
9432 7658 1
15964 19618 4
15965 19618 1
15966 15966 1034
15967 19618 1
11255 19618 1
15968 19618 1
768 768 28
5531 11921 1
6762 5383 1
11166 11166 3
1835 4831 1
281 281 1752
15689 19618 18
15969 15969 54
15970 14017 1
15213 19618 2
15971 15971 284
201 19618 57
4600 7954 2
15972 15972 10
2524 11613 3
11510 11510 28
15973 15973 3
15798 15798 36
296 3920 2
3570 8796 2
15974 19618 3
7953 7953 52
12505 12505 376
15975 19618 3
2433 2433 897
1870 19618 378
3441 19618 16
890 8082 1
2274 14843 2
1290 1290 1349
9270 1536 1
14720 19618 1
3676 661 1
15976 19618 2
8921 8921 5
15977 19618 6
15978 15978 1
1548 6762 2
13324 13324 41
10390 10390 300
15979 19618 2
7913 19618 10
5035 5035 37
3026 19618 1
8130 19618 56
7773 19618 1
2560 198 1
14911 19618 1
804 6898 2
5727 19618 3
15729 19618 1
15980 15980 201
5914 19618 263
426 5908 2
4479 6152 1
15981 19618 1
8439 13764 1
5259 19618 1
6326 19618 158
5406 19618 1
702 702 3974
15982 15982 156
8817 707 1
15983 19618 10
15984 19618 1
1698 15044 4
11866 1436 5
15985 19618 65
15986 15986 230
3498 12426 1
3313 3313 11
2758 10733 1
401 15988 2
15987 19618 2
15988 19618 9
619 17793 1
4713 19618 7
15989 19618 1
2720 19618 65
2934 2934 14
15990 15990 3
15991 15991 46
1341 10824 8
15992 15992 415
7409 9712 1
15993 19618 3
15994 19618 1
8452 8452 36
2130 513 5
14555 14555 97
7585 14582 3
15995 19618 4
648 17623 2
15996 15996 64
5654 3394 2
7884 19618 1
10795 10795 93
11176 11176 1854
2099 2099 717
8268 8268 3752
15997 15997 74
15998 19618 3
15999 15999 377
11001 1748 1
11569 11569 13
1749 1749 161
7400 19618 12
11557 19618 4
7252 6374 1
16000 19618 4
16001 12203 1
2205 9871 1
16002 19618 3
15984 15984 10
1331 2579 2
14725 16245 1
1639 1639 1974
15313 19618 5
13759 13759 191
4886 4886 896
16003 19618 1
8946 8946 1001
13423 13099 1
16004 16004 1
5109 10767 1
2773 4958 11
7929 19618 220
5500 19618 44
5364 19618 1
14228 14228 237
2820 13329 1
714 7111 1
16005 19618 1
15423 15423 79
317 8419 3
16006 16006 32
1357 14385 1
16007 16007 12
5327 19618 1
7716 4143 1
3814 3814 155
5770 19618 8
16008 9443 1
16009 19618 2
1804 17234 1
6642 18133 1
2607 19618 1
5761 9728 1
929 14541 1
1648 19618 268
9161 19618 5
150 150 2680
2283 2283 230
13183 13183 1
7304 9337 1
2908 19618 1
3148 3148 35
8794 9290 1
5509 5509 648
16010 16010 23
11178 4347 2
9309 18002 1
5580 19618 4
14411 19618 2
8335 6885 1
16011 16713 1
16012 19618 1
11255 11745 1
13975 13975 248
2050 2050 110
4493 19618 86
14115 14115 43
9227 19618 1
13560 16214 2
16013 19618 2
16014 19618 1
16015 19618 1
5079 3183 1
14182 12669 1
11610 11610 741
16008 16008 43
16016 19618 2
10858 19618 3
2623 2623 7
16017 19618 1
16018 16018 16
1038 1038 180
7404 11068 1
1663 828 1
5535 5535 79
16019 19618 3
1297 1297 11970
6302 6302 86
14133 7877 1
14543 14543 159
787 1893 1
12038 19618 1
13257 8772 2
10513 10513 24
6669 19618 2
9133 9948 2
11666 11666 28
10956 12261 1
5995 5995 20
2820 15459 5
16020 19618 1
10130 10130 75
11587 11587 923
16021 16021 27
1871 1871 133
15062 15062 87
10008 10008 77
4335 9108 1
5955 19618 1
6457 6630 1
4847 10043 1
12444 12444 22
16022 19618 1
735 123 12
14414 14414 8
1549 19618 2
16023 19618 2
1557 1711 2
16024 19618 1
1441 1441 2004
1406 459 1
1789 1789 91
5025 19618 1
5355 4846 4
15699 15699 40
9999 9999 6
7905 5374 1
6139 16593 1
11632 11632 190
16025 19618 18
16026 16026 231
7191 19618 8
13587 19618 2
7942 7942 303
6134 6134 152
13148 19618 1
3776 11858 1
16027 19618 1
16028 19618 1
12072 19618 9
7732 7732 179
15617 15617 10
16029 19618 3
7404 18008 2
124 19618 2
16030 17244 1
11575 19618 12
9719 15999 2
13361 12517 1
16031 19618 1
16032 19618 1
2287 2287 990
13535 11638 1
10508 10508 476
16033 19618 2
15568 15568 57
16034 19618 1
10188 19618 3
8755 8755 132
2868 19618 1
1770 4333 7
932 19618 6
9299 9299 230
16035 19618 1
8419 8419 1301
6632 6632 45
12596 5038 1
3023 3755 1
4268 4268 122
8029 19618 5
2244 16014 1
10982 13391 1
1033 13009 1
16036 19618 1
5391 18272 1
16037 19618 1
702 8538 2
12054 12054 18
16038 19618 2
12614 12614 410
5647 19618 2
6211 5960 2
6189 19618 16
14589 14589 18
8594 19618 1
741 237 3
1451 19618 16
10075 10075 38
8226 7963 1
10914 19618 1
10672 10672 38
16039 19618 4
9913 5902 3
7760 13426 1
5673 2150 1
7421 14409 1
11568 2665 1
16040 19618 1
4780 19618 1
858 7903 1
16041 16041 53
9146 7492 1
8106 13118 1
9116 9116 4
6443 3768 2
4885 14603 1
9286 17840 1
2469 19618 9
3438 19618 1
6983 5601 2
1349 6638 1
16042 19618 3
1868 19618 85
16043 16043 5
2797 16091 1
11475 11475 21
16044 19618 1
1003 3041 1
14245 19618 1
3576 6718 2
3252 15227 2
4401 19618 194
1876 9599 2
8794 1184 1
11345 10268 1
6001 11635 1
6498 19618 1
16045 16045 322
814 19618 76
4848 4848 124
10228 10228 29
10413 10413 694
3466 14230 1
11941 14966 1
16046 19618 66
1557 3127 1
2638 2638 1058
5607 19618 126
16047 16047 222
4011 11106 1
2585 12493 1
14873 14873 35
7283 19618 1
16048 19618 1
6186 19618 33
9902 1803 1
4576 1890 1
5298 5298 7
5393 5393 73
16049 19618 1
5540 5914 2
7172 7172 19
1517 9535 1
3564 18399 1
5039 19618 58
2203 12022 1
14821 16362 1
16050 19618 3
9061 17196 3
8763 8763 41
2887 17227 1
16051 19618 1
12271 19618 1
16052 16052 3
2212 5139 1
1317 7367 1
13078 13078 645
13776 19618 1
9638 19618 3
2810 15104 1
16053 19618 2
4639 4639 389
6844 19618 1
16054 19618 12
3528 38 1
3884 19618 57
16055 19618 4
15529 2263 1
8649 16110 1
16056 16056 4
16057 16057 59
16058 19618 1
13390 15868 1
5038 12104 1
1331 19618 162
13617 19618 2
3756 18479 1
4285 10899 1
16059 16059 20
16060 19618 1
9062 9062 163
441 16361 1
3077 11323 1
4702 19618 8
2257 7337 1
2148 19618 3
16061 16061 8
16062 14271 1
13398 13398 1007
10930 10930 2
1285 5315 1
491 10951 1
2949 11792 1
16063 16063 11
1293 8194 2
16064 16064 2
16065 19618 1
4368 4368 3123
1725 12492 2
6441 6441 65
6021 19618 2
4101 6533 2
1900 19618 9
735 962 1
13046 13046 181
4671 11583 1
16066 19618 1
7187 19618 102
15325 15325 1182
16067 19618 8
16068 19618 1
2618 19618 215
16069 19618 1
1662 19618 1
3149 3149 8
16070 16070 12
10939 10939 865
16071 16071 97
11979 16788 1
11269 19618 1
8516 19618 2
16072 16072 47
16073 19618 2
6253 5405 1
16074 19618 2
7147 4758 1
12986 19618 2
8661 2754 1
845 845 8578
5560 5560 12737
598 598 69
16075 19618 1
1856 15721 1
1905 1905 235
14092 14092 173
4428 512 1
16076 19618 1
16077 19618 2
2332 19618 49
16078 19618 2
16079 19618 2
16080 16080 49
16081 19618 4
15548 15548 48
16082 16082 24
16083 19618 1
7188 19618 40
11917 11917 141
6914 15959 1
7653 2587 4
6809 6809 37
9370 886 1
4642 4642 2420
11888 11888 311
16084 16084 64
247 14669 1
4269 4080 1
12390 12390 40
2770 2822 7
16085 19618 13
11548 18584 1
2365 19618 4
5910 19618 2
4959 16777 1
211 11535 2
12482 12482 98
4100 19618 13
12473 19618 3
1294 19618 303
14615 19618 1
3612 19618 387
13268 13268 119
8638 19618 4
5159 18963 1
16086 16086 35
356 19618 7
14159 14159 68
2684 19618 2
16087 16087 37
4724 13233 1
3539 3539 1
5644 5644 25
12192 12192 47
4782 4782 2
9814 9814 36
4458 18779 1
2057 2057 68
1701 3431 1
16088 19618 1
10984 10984 3
16089 19618 3
16090 19618 1
13854 19618 1
7973 7973 8
15220 19618 3
6879 19618 7
13598 13598 37
3273 14456 1
96 19618 1
16091 19618 2
16092 16092 125
6820 19618 17
2087 2087 84
10891 19618 2
8473 19618 1
16093 3970 1
9998 19618 37
10015 19618 8
7059 15888 1
3361 907 1
7772 19618 54
14811 14811 10
14106 14106 424
9238 19618 7
16094 19618 4
16095 19618 6
15140 17677 1
8421 15470 1
10240 19618 12
3629 14320 2
15580 19618 1
6850 906 1
11936 11936 204
744 744 236
10589 19618 7
16096 19618 1
16097 19618 1
2190 12216 1
9522 19618 18
8614 8614 42
16098 19618 5
115 19618 69
16099 16099 14
495 1459 2
15294 19618 1
9265 19618 1
8042 8042 770
15880 15880 350
4925 4925 377
13302 19618 85
2486 464 1
8430 8430 710
873 13054 1
14672 15526 1
16100 16100 22
8284 19618 2
15841 12675 1
3227 19618 2
5777 5777 213
10971 19618 4
5170 19618 238
10655 19618 142
2511 19618 38
4307 19618 2
11256 254 1
15853 19618 1
10809 19618 45
4461 8938 18
14674 14674 159
1631 5707 6
15844 4801 1
11716 18349 1
1736 8168 2
1698 8942 1
16101 19618 4
15290 15290 4
3554 19618 1
4468 17588 2
16102 19618 1
8732 19618 1
1354 11600 4
148 16625 2
1010 19618 3
648 15464 1
16103 16103 28
16104 16104 4
260 260 6
3208 3208 879
5098 5098 263
194 10695 1
16105 19618 1
1322 14363 2
1008 5916 1
1444 13509 3
16106 19618 1
7578 7578 56
9156 19618 1
670 7281 3
16107 16107 11
14537 19618 3
1829 1543 1
8816 7652 1
16108 19618 1
16109 19618 23
16110 16110 30
14114 19618 1
58 58 1059
194 17047 3
8286 10107 1
16111 19618 2
7250 14685 1
4495 4495 58
9983 19618 3
16112 19618 1
6098 19618 4
11478 10492 1
3287 6694 1
15110 3223 2
3921 11423 1
9879 13883 1
16113 19618 5
573 9012 1
3330 5867 1
15378 15378 53
1948 11599 1
16114 19618 4
648 12562 1
155 14142 4
14673 14673 220
11131 19618 18
16115 16115 14
16116 19618 1
16117 16117 18
16118 16118 56
11801 19618 1
12912 12912 8
16119 19618 3
4088 19618 1
7447 10773 1
5660 19618 158
5970 19428 1
8811 8811 22
9656 15405 1
4323 6044 2
2617 1817 1
5444 19618 1
1265 2647 1
14341 19618 2
16120 19618 1
7704 11074 2
16121 19618 1
16122 19618 1
16123 16123 407
11829 19618 1
4612 17613 1
15431 19618 1
901 11943 2
15753 15753 533
2967 16836 1
14232 14232 319
6576 6576 86
14439 14439 35
16124 16124 14
12407 13602 1
11787 13641 1
13849 13849 318
7642 7642 84
10848 11656 1
5471 19618 2
15867 15867 64
491 15986 1
16125 16125 21
16126 16126 43
3325 9543 2
797 797 1413
12790 19618 2
3819 3819 479
15754 15754 89
10911 7246 1
11525 19618 2
16127 19618 11
5446 5446 11862
15639 19618 2
15937 19618 2
5028 15311 1
16128 19618 1
13765 16498 1
11932 8400 1
16129 9793 1
16130 19618 1
3472 3472 16
15397 15397 3
3964 11867 1
45 19618 2
14374 14374 7
1926 14910 2
4160 4160 926
2312 2312 2
4502 19618 331
1982 1982 2522
2567 9832 1
14608 19618 5
16131 19618 1
4025 18004 2
14536 19288 1
2325 2325 427
2891 13738 6
185 19618 11
16132 16132 89
16133 19618 21
9538 10685 1
3327 5530 1
13665 10074 1
16134 11060 1
10393 10393 189
16135 19618 5
8913 18715 1
7762 19618 1
16136 19618 1
1703 19618 3
6710 6710 9286
9084 9084 2116
13694 19618 1
10455 19618 2
1868 1868 3927
1707 11441 4
414 4710 1
65 65 12
6388 17966 2
10831 19618 429
10126 19390 1
16137 19618 3
4504 17810 1
715 19618 2
16138 19618 1
3881 16765 1
8041 7779 2
344 2316 2
14500 19618 5
16139 16139 9
16140 19618 1
9913 17912 2
8196 19618 57
16141 16141 102
16142 19618 1
5303 6055 1
16143 19618 17
16144 16144 14
3085 13284 3
5751 5751 1210
7476 19618 7
2403 19618 6
2902 7939 1
10172 14355 3
1779 1779 9866
1311 14603 1
9151 19618 8
5223 13196 1
5368 19010 1
5986 19618 1
16145 16145 9
3720 40 1
3909 3909 417
1429 6619 1
12348 19618 4
16146 16146 42
15741 19618 1
6368 19618 7
16147 19618 1
619 19618 212
16148 16148 41
6772 7579 1
7922 7922 2357
5032 3383 1
7063 7063 154
16149 19618 3
13539 13539 246
16150 19618 7
5521 19618 17
2618 7930 2
3708 17295 1
3663 11610 2
16151 16151 720
6370 6370 222
16152 19618 1
3357 19618 5
16153 19618 2
15468 15468 19
16154 19618 1
14837 2208 1
9996 9996 18
16155 19618 1
1409 1365 1
11108 11108 82
12993 19618 4
4011 738 1
11 19618 1
1897 19618 2
16156 16156 260
7980 877 3
16157 19618 2
16158 19618 2
4107 14603 1
3271 19618 2
3897 2960 1
1029 13262 1
16159 19618 1
9527 9527 643
7824 19618 10
3071 1693 11
16160 19618 1
16161 19618 1
16162 16162 28
16163 16163 77
16164 19618 1
11490 11490 42
7619 4619 1
6273 19618 17
2441 1341 1
15924 19618 3
3060 9474 1
5877 238 1
15191 1474 1
14286 14286 12
16165 14666 1
11817 19618 1
10792 6962 2
2679 19618 2
11242 7711 1
1096 11752 1
16166 19618 1
16004 18082 1
16167 19618 9
7216 1909 1
5094 3093 2
1239 19618 190
8759 8759 3978
16045 2810 1
166 7758 1
12245 16249 1
1554 19618 2
7719 15777 1
10091 19618 9
16168 19618 1
8153 8153 7800
1067 15975 1
5268 5268 4
16169 19618 13
2648 2648 197
4047 2024 2
7908 7908 329
16170 19618 1
5813 4223 1
6893 19618 5
1119 13260 1
8329 19618 1
13489 19618 15
2820 19032 3
15761 15761 12
134 19618 70
2492 2492 178
8119 19618 3
16171 19618 4
14716 14716 252
9498 19618 1
6616 5340 1
2865 19618 2
10511 10439 1
16172 19618 1
12020 4794 1
10899 10899 628
16173 19618 1
11348 19618 66
16174 16174 28
10531 3075 1
735 19517 1
2229 2229 877
16175 16175 18
9432 448 1
4108 9422 3
6192 19618 1
3737 16580 5
16176 19618 1
16177 16177 38
6336 19618 1
3214 18246 1
16178 19618 5
2086 14761 1
15176 19618 3
12867 12867 51
16179 19618 5
145 12187 1
14607 19618 2
4147 1258 2
11232 13890 1
13842 5054 1
16180 19618 1
10094 17214 2
3626 3626 1
11276 191 1
16181 19618 1
1297 2383 2
15101 18689 1
11605 19618 17
16182 16182 1
177 4118 1
7019 19618 9
1561 4981 1
5654 10943 2
16183 19618 2
5517 5517 5
3525 9253 10
358 1268 1
7855 7855 3049
1339 11178 1
16184 19618 1
16185 16185 164
7210 8974 1
12815 12815 3
16186 16186 231
16187 16187 6
1188 18457 1
13568 19618 1
6608 19618 39
12039 19618 1
12978 12978 206
13310 13310 26
9077 9077 45
9953 9953 184
16188 19618 1
3685 19618 1
10310 19618 1
7236 8038 4
1633 13945 1
12438 19618 1
16189 19618 1
9178 19618 1
3530 19618 202
12481 19618 2
16190 19618 2
12865 12865 40
16191 19618 1
539 17009 1
1991 18124 1
4918 927 1
2029 3225 1
16192 16192 10
16193 19618 6
8105 19618 1
16194 16194 8
6888 6888 17
6325 6325 47
2496 19279 1
16195 16195 140
10767 19618 1
9803 19618 1
4138 15938 1
9948 14412 1
4481 2178 2
10694 10083 1
11840 4174 1
11039 14203 1
10152 8118 1
5928 7272 2
9583 15495 1
4014 19618 184
6649 13074 1
6985 6985 419
375 19618 56
546 14739 2
12312 12312 18
9097 19618 56
11045 19618 15
12245 12245 1100
1746 14146 2
2882 3457 1
621 8558 1
2352 14261 1
5730 12034 7
1176 17007 1
15051 15051 11
4329 4329 3
1849 19618 4
16196 19618 1
4676 19618 8
16197 19618 1
4502 14691 5
1139 3220 1
6819 2961 1
4101 4101 4735
11099 11099 249
16198 19618 1
1978 84 1
3187 18378 1
5730 8915 5
16199 19618 1
3938 10219 1
2692 19618 2
1862 19618 289
3011 19618 1
9499 5938 1
8982 16056 1
305 305 23
13211 13211 13
7540 12155 1
16200 19618 1
943 15585 2
13711 17470 1
11560 15018 1
9310 19618 1
13536 13536 5
16201 1777 1
4630 7894 6
16202 16202 10
16203 16203 9
16204 19618 27
14565 19618 1
16205 19618 1
2793 7706 1
10531 17650 2
16206 19149 1
8555 19618 22
16207 19618 1
6582 6582 13
2610 19618 14
16208 16208 5
2667 4194 1
16209 536 1
10499 4248 2
4047 19612 1
2259 19618 167
2537 15450 3
8190 8190 226
16210 19618 11
16211 19618 2
6099 16437 4
16212 16212 40
13726 19618 1
1105 8885 1
16213 19618 1
344 344 9766
1013 19618 7
279 10080 1
10695 4011 3
8589 7075 1
11314 11314 32
8210 8210 31
4201 2430 1
6801 6801 3
2656 19618 2
16214 19618 3
277 5181 1
16215 19618 2
105 8531 3
8107 8107 97
16216 16216 117
6786 5610 1
5914 3273 6
7719 19618 10
9387 19618 90
299 19618 130
15168 15168 122
13281 13281 35
10419 10419 16
8588 17483 2
11033 19618 5
2751 5992 1
16056 19618 1
13066 19618 2
16148 19618 1
12120 19618 7
2066 18970 1
5323 4825 1
3343 4540 1
6578 347 1
16217 19618 1
10426 19618 5
612 12647 1
15834 19618 2
9382 9382 213
15491 15491 216
16218 19618 6
1264 19618 109
11183 19618 1
6197 1081 1
2761 7734 1
10401 19618 36
3938 2726 1
12228 19618 1
11990 19618 1
11994 11994 325
15735 15735 86
4984 3170 3
2902 2902 2013
7053 7053 191
2625 5425 1
10511 10511 6055
16219 19618 1
16220 19618 1
1861 1861 17
234 3787 1
13308 12446 1
2005 629 1
544 18753 4
2759 2759 3192
337 19618 1
3668 15757 1
10093 16144 1
16221 19618 5
2075 4394 1
7191 7191 351
16222 19618 3
1001 19618 109
16045 19618 4
6779 19618 1
4444 17717 1
16223 19618 1
7778 2759 2
15540 15540 1
751 11298 1
11630 19618 3
4899 16630 1
13405 3197 1
16224 19618 1
16225 19618 1
13159 13159 168
2998 19618 13
5303 19618 21
2881 19618 15
16226 19618 4
4878 4878 45
9569 6543 1
426 3068 3
16227 19618 1
14928 14928 416
3211 19618 2
9270 9270 457
16228 19618 1
10800 19618 32
8470 8470 1161
10023 10023 61
9461 4211 1
7525 19618 22
1914 1914 8426
16229 19618 2
16230 19618 1
16231 16231 12
2204 14331 2
8764 19618 4
14912 19618 2
16232 16232 32
5105 19618 1
16233 19618 16
16234 16234 283
3208 18848 1
9510 19618 30
15583 15583 47
9975 19618 1
2002 6703 1
8208 19366 1
6375 8726 2
9350 1014 1
11870 19618 2
8993 8993 29
2705 9986 1
16235 19618 11
1308 4935 2
16236 16236 42
12872 12872 23
16237 16237 22
5278 17922 1
891 4889 2
11650 19618 22
632 3869 1
10587 19618 1
14588 18051 1
677 9881 1
16238 18534 2
9720 15415 2
2860 8626 4
14501 14501 27
16239 19618 2
11891 19618 10
16240 16240 222
14906 19618 3
3660 5820 4
3996 5946 1
4722 12326 1
16241 19618 1
8729 19618 1
16242 16242 3
4328 17373 1
16243 19618 2
11913 4396 1
16244 16244 49
5200 5200 225
953 19618 1
9177 9177 17
2871 17424 1
7038 19343 1
16245 19618 1
13947 9219 2
611 17998 2
16246 16246 93
14155 19618 1
7585 9699 1
15083 19618 16
16247 16247 1094
9042 3399 6
10837 19618 4
12945 19618 1
15570 15570 23
3081 19618 1
16248 19618 1
1570 19618 63
5171 19618 20
3906 19618 17
10256 10256 26
12710 12710 9
16249 16249 31
12757 12757 28
16250 19618 1
16251 16251 2
12287 19618 1
905 963 1
9109 19618 8
15910 19618 4
16252 16252 125
9369 12906 1
7323 8590 1
8282 8282 378
16253 19618 2
118 19618 2
16254 16254 31
3328 19618 2
12311 19618 3
4706 18092 2
14968 19618 2
3829 3829 17
13071 19618 1
16255 16255 93
15797 19618 1
16256 19618 5
16257 19618 1
5997 5997 1289
13690 13690 18
2799 19618 6
7146 18720 1
16258 19618 1
16259 19618 2
12668 19618 34
15207 19618 1
3878 14052 3
634 1238 5
11518 19618 6
10141 19618 2
13510 19618 1
3853 6127 1
11980 1032 1
1342 11644 1
11790 11790 6
222 9276 1
1767 1767 87
16260 19618 3
16261 16261 1117
6876 9426 1
14328 14328 179
2612 19618 132
15254 19618 2
8198 8198 884
1614 10574 2
4086 5698 1
9674 19618 9
9791 3285 1
8789 8789 2905
4131 19618 2256
7202 4899 1
13752 13752 334
16262 19618 1
8854 19618 4
16263 19618 3
10331 19618 1
2322 1042 1
16264 19618 1
1212 19618 31
8268 19618 83
3214 19618 1
1604 529 2
9708 9708 100
16247 15934 1
2489 7922 1
5203 10569 2
7777 19618 3
9183 9183 24
11271 11271 4
15566 19618 3
16265 19618 5
15196 19234 1
14314 8805 1
2434 18567 2
16266 19618 1
16267 16267 23
11211 19618 9
9138 19618 2
3488 19618 76
14891 19618 1
3368 12991 1
4630 4630 20835
16268 19618 1
4336 2794 1
6641 6641 181
1033 1033 393
16269 19618 1
16270 19618 2
16271 16271 9
16272 19618 21
4229 19618 3
2397 2397 660
723 723 6148
16273 19618 1
11686 5292 1
8879 8879 72
4401 3610 6
13560 849 1
4136 4136 445
16274 2406 1
16275 19618 1
5850 15708 1
1494 1494 9
279 19618 13
16093 19618 2
1 1 2728
9988 19618 42
4222 4222 11553
10106 7827 1
16276 16276 131
16277 16277 80
16278 19618 1
4794 4794 24
4241 11064 1
16279 19618 2
4140 2657 1
7968 7968 49
4634 19618 855
16280 16280 406
4119 19618 82
3920 3283 1
11805 11805 1882
7994 7994 252
16281 16281 14
2539 2539 1854
13838 13838 39
15565 8747 1
4331 4331 474
6131 6131 20
13129 19618 10
10482 19618 3
8413 19618 118
1478 1478 5
16282 16282 122
14558 14558 59
16283 19618 1
16284 16284 287
1663 4352 1
16285 16285 477
10655 11303 2
8126 4010 2
16286 19618 1
11415 11415 47
1464 8212 1
9904 19618 3
1557 157 1
7252 9137 3
9211 6364 1
9354 6274 1
16287 4943 3
7858 2825 2
4177 19618 1
8623 19618 8
16288 19618 1
2361 2361 2658
15706 15477 1
16289 19618 1
3534 19618 3
2234 17733 1
9165 9165 39
16290 19618 1
13846 13846 175
16291 16291 1
12562 19618 4
16292 19618 1
9947 19618 1
12883 12883 1
16293 19618 1
16294 19618 1
16071 19618 5
14343 19618 1
191 191 1252
1835 12745 1
16295 19618 1
12725 19618 3
2579 6142 1
4092 18110 1
16001 19618 2
16296 19618 1
11290 10981 1
15717 10470 1
4784 13347 2
1770 4132 1
16297 19618 4
16047 19618 6
1751 19618 1
4475 19618 21
16298 19618 1
5316 62 1
6593 9356 4
486 573 2
16299 16299 46
16300 16300 3
88 3212 1
15403 19618 3
16301 16301 85
16302 16302 3
5920 5920 77
5234 1473 1
1388 19618 16
16303 19618 1
4285 10401 2
16304 19618 3
16305 19618 1
16088 16088 42
14614 14614 315
16306 19618 15
2157 18382 1
1917 1917 22
4954 9702 1
5308 19618 4
15861 15861 50
16307 19618 1
16308 16308 45
9193 10931 1
8932 19618 2
16137 16137 83
14770 10475 1
12548 19618 39
10619 10619 215
4906 4906 545
6859 6859 20
16309 6502 1
11641 11641 132
1445 3636 3
6649 6649 3713
6942 5880 2
16310 16310 42
14945 19618 7
2317 2317 530
8129 8129 747
16311 19618 3
7380 10182 1
13540 19618 1
6914 250 1
8875 19618 95
4654 1900 2
16312 4537 1
1688 6739 2
2487 2487 2520
13660 13660 69
5832 1353 2
10634 10634 5
16313 19618 1
16314 19618 1
9124 9124 70
4113 4113 3388
16315 19618 1
16316 16316 1
14683 14989 1
16317 19618 12
13756 13756 490
15329 15329 31
3205 4942 2
16318 16318 15
359 17968 1
1279 19618 2
1698 12022 4
14297 6120 1
6742 10508 1
16319 19618 1
16320 16320 44
2228 13354 1
15295 19618 4
13666 19618 1
11940 19618 6
15123 19618 1
16300 19618 1
14160 14160 410
16321 19618 13
2775 19618 2
16322 19618 4
16323 16323 140
4471 15427 1
573 573 711
16324 19618 1
7030 19618 1
9160 19618 27
13834 13834 16
16325 19618 1
16168 16168 17
15837 15837 57
10499 14090 1
5180 6356 2
16326 19618 6
16327 19618 1
597 597 7
14925 19618 1
16328 19618 1
1519 1519 13930
5115 9689 1
1960 19618 39
6291 19618 26
296 296 3777
5714 19618 6
7661 19618 7
16329 19618 1
11708 19618 7
14506 13986 1
16330 16330 77
12112 19618 1
7925 7940 1
351 351 75
16331 525 1
8686 8686 25
1001 15769 1
13610 19618 1
16332 16332 153
13442 19618 2
16333 19618 1
1389 11499 1
15971 19618 6
1632 10868 1
16334 19618 7
4630 3282 10
2796 10568 1
401 401 5742
16335 19618 5
16336 16336 95
6265 7405 1
9814 14016 1
14054 14054 2
16337 16337 15
16338 16338 103
4321 4321 455
3570 18459 1
16339 16339 30
1386 14153 1
16340 19618 3
6557 8959 1
16341 19618 1
16342 19618 3
2054 19618 2
2157 19618 241
16343 16343 29
6775 6775 4
16344 19618 1
433 8472 1
13641 13641 3
2 15670 1
2973 6462 1
14574 19618 1
6406 6406 770
11848 19618 1
270 3870 1
10583 10583 16
16345 16345 10
16346 19618 1
1308 16707 1
16347 19618 13
16348 19618 3
16349 16349 35
3676 3261 3
2718 10240 3
16293 12909 1
9083 19618 11
16350 19618 1
4713 4713 257
4437 10967 1
16351 19618 1
1062 19618 43
9604 9604 1126
15739 15739 2
287 2973 1
8576 19618 8
5630 5630 6
3107 3107 11
3708 17651 1
3907 11797 2
7280 7280 1871
4603 3756 1
3794 894 1
13003 13003 15
522 3096 2
16352 19618 1
11994 12497 1
5753 5753 353
1898 586 1
16353 19618 1
4396 4396 72
3832 3832 2002
10434 10434 23
6574 6574 8
8129 19618 18
16354 19618 1
11040 9918 2
5590 5590 496
16355 19618 1
1482 16312 1
8268 19298 1
13632 5824 2
12214 12214 504
16356 16356 3
2740 8090 1
6908 17456 1
16357 19618 1
9550 9550 7109
7381 11015 1
1067 9733 1
12930 12930 204
15770 15770 19
11551 7501 1
6985 12619 2
2137 19618 4
12187 12187 313
2923 19588 1
7824 17716 1
3954 3954 34
15401 19618 1
4132 15915 2
12875 12875 232
6350 13380 1
16358 19618 1
4884 15971 3
13889 13889 56
10006 19618 2
16359 16359 862
12291 12291 214
13862 13862 67
7469 7469 534
16360 19618 1
2891 6443 6
16361 15760 1
5639 658 1
1349 15305 1
8698 8698 165
7713 19618 1
10201 19618 1
16362 19618 1
10164 10164 62
2323 2323 16
13503 19618 1
16363 16363 76
16364 19618 3
7817 7817 65
10089 19618 10
10114 2021 1
14438 19618 3
2266 2266 19
4809 7041 1
13207 13207 125
7936 462 1
3228 1082 1
12261 11582 1
16365 16365 89
4255 19618 11
13592 16292 1
12910 12910 4090
14035 19618 5
6107 9663 1
4131 5816 12
8192 19618 2
13845 19618 5
3217 3367 1
12607 12607 66
5672 11160 2
16347 16347 464
1819 12567 1
3880 3880 2
16366 10287 1
16367 19618 1
16368 16368 38
5718 3700 1
2296 10881 1
4372 19618 6
10580 5056 1
16369 19618 5
1296 1228 1
7779 1521 1
2650 2650 3621
15507 15507 57
7159 19618 28
16370 19618 1
1095 1095 7459
10919 19618 1
4921 3703 3
16371 16371 1252
4768 7340 2
16372 19618 2
6399 1223 2
16373 16373 15
16374 19618 1
11943 14232 2
12431 14289 1
14452 14452 16
8087 19618 2
15616 19618 2
12514 12514 27
479 5999 1
16375 16375 9
12189 5895 1
5260 19618 148
3407 3407 32
10655 18763 1
16376 19618 2
1446 19618 5
16377 19618 1
16378 19618 1
16334 16334 419
8927 19618 1
6433 19618 3
16379 19618 1
16380 16380 27
1431 8910 1
3802 3802 211
16381 16381 190
6384 16525 2
13172 13172 253
5409 3250 5
16382 19618 7
16383 19618 1
5541 19618 30
13682 13682 237
9538 5713 1
91 2592 1
16384 19618 2
15596 19618 2
16385 19618 1
15794 4300 1
10635 19618 28
12037 19618 3
9766 19618 9
2689 12391 1
2861 6542 5
16386 16386 93
16387 4542 1
9066 9066 542
15278 19618 1
1954 6924 1
3933 19618 19
7433 19618 1
16388 16388 14
16107 19618 1
7589 9611 2
16389 19618 2
7836 19618 1
16390 16390 1
14058 1863 3
7889 7889 237
16391 16391 430
5869 19618 5
5699 19618 7
11821 19618 4
11866 2213 1
1372 6800 1
16392 19618 7
16393 19618 1
1898 11643 1
13832 19618 2
5692 5692 2765
8879 3352 1
9147 15630 1
14597 19618 2
16394 16394 93
16395 16395 89
901 3977 1
14745 12140 1
7621 7621 2163
8110 19618 5
1270 1270 270
1331 5851 3
16396 6669 1
908 19618 202
16397 19618 1
929 6561 3
4174 17001 1
8229 8229 444
7755 19618 1
16398 16398 1
314 6653 1
317 12482 1
9108 9108 69
10186 19618 1
16399 16399 4
3123 12922 2
9538 9538 10739
7093 12305 1
16400 3656 1
1048 1048 2416
14238 19618 2
16401 19618 1
780 3622 5
16402 19618 1
13611 13611 13
16403 19618 1
10872 10872 156
4338 11321 1
331 11809 1
14498 19618 1
5654 5654 6600
5657 19618 31
3936 3936 809
12351 12351 47
10452 10452 7
299 299 5257
4742 19618 22
5065 5065 34
16404 19618 1
16405 19618 1
2442 4159 1
7633 301 1
16406 16406 27
16407 19618 2
1531 1531 600
8647 8647 12
778 13864 7
16408 19618 3
15503 15503 10
16409 19618 1
6933 19618 28
13656 19618 1
3060 19618 38
8611 9616 1
3126 9166 2
2720 18736 2
8817 7095 1
16410 16410 200
4719 10404 1
16411 13191 1
7981 19618 3
8096 8065 1
13677 19618 7
16412 16412 103
7585 3838 3
4199 3557 1
16413 19618 1
5425 5425 33
11514 11514 20
15443 19618 3
8077 8077 67
8469 8469 5
14088 19618 1
63 10001 1
16414 16414 14
16415 16415 23
7980 1805 2
267 336 1
15791 15791 85
4778 19618 51
7719 7719 480
11836 15740 1
16128 16128 23
7431 17094 2
3508 19618 6
5559 5559 24
15257 19618 2
16416 19618 3
16417 19618 7
11346 4819 1
11353 11047 1
12990 4126 1
5919 19618 46
9256 19618 3
6270 16356 1
10860 4927 1
8125 1697 1
16418 19618 1
16419 19618 2
2408 2408 25
2617 14768 1
15599 5476 1
7516 3447 1
12560 12560 45
16420 19618 1
14630 19618 1
4158 4810 1
16421 8870 1
16422 19618 5
16423 19618 1
9737 1057 1
1701 17792 1
16424 19618 1
6099 3806 1
10655 9442 2
7520 7520 139
10655 4449 1
4942 4998 1
11852 19618 8
14944 14944 1
16425 7087 1
16426 19618 1
912 9106 3
6047 6047 1533
8442 8442 80
6067 19618 20
10205 18795 1
1809 1830 2
5699 5699 235
281 8052 1
359 8618 1
9679 9679 64
1297 895 2
4131 5040 22
3757 3757 27
4626 19618 3
15749 15749 417
16085 16085 613
12157 19618 1
4716 4716 20523
4068 19618 15
1765 1765 46
1620 1620 25
13556 13556 1
16427 16427 84
2276 14369 3
16428 19618 5
7932 19618 1
254 18789 1
16429 19618 1
6757 2241 1
15687 19618 12
5230 19618 5
16430 19618 2
15181 19618 1
11295 14095 1
13509 13509 168
2830 19618 1
59 13736 1
6206 5072 1
15627 15627 35
3959 3959 293
16431 16431 19
4010 12395 2
7162 2970 1
7978 19618 4
2822 2822 2632
8946 15152 1
16432 16432 585
2718 11260 1
4296 11709 1
2029 5378 1
3803 3803 620
16433 16433 19
6230 6230 40
3334 16934 2
16434 16434 34
8227 8227 3258
4093 15094 1
12656 19618 7
15490 17433 2
2906 14935 1
3797 377 10
5597 5597 1153
13302 8034 1
7929 15769 1
16435 16435 49
16436 13780 2
4481 5690 1
16437 19618 12
5926 9666 1
6060 2915 1
16438 16438 186
12101 1766 1
12237 17171 1
11205 11205 58
9315 7581 1
1660 1660 2714
14778 14778 6
3583 19618 3
16439 19618 1
16318 19618 1
1485 378 3
200 12790 1
5527 10987 1
2175 12156 6
13827 2581 1
6975 10336 1
16440 19618 1
14506 762 1
11491 11491 1
4065 13857 2
1616 11383 3
16441 19618 12
3036 3036 82
4921 12415 1
9451 9451 489
1720 5232 2
3377 19618 72
8153 7979 2
11345 19618 13
4020 18760 1
16442 19618 2
18 19618 1
1688 6416 1
8738 19618 4
12818 19618 1
1572 5791 1
16443 16443 778
1171 2767 1
8739 8739 410
3615 3752 1
16444 16444 62
10549 3678 1
221 19532 1
6190 6190 590
6047 15577 1
144 144 36
6193 4713 1
7633 9267 1
16445 19618 1
10809 19132 2
5538 5538 223
3620 3620 442
2603 1471 1
16446 16446 43
5734 10601 1
3373 4656 2
16447 2417 2
16448 19618 1
16449 16449 93
2572 2572 13
4559 17825 1
6109 6109 39
16450 19618 2
2582 3543 2
13239 19618 2
15276 19618 1
3379 5915 1
10183 10183 3776
16451 19618 1
2239 1842 1
11694 8573 2
5922 16311 2
1022 5100 1
16452 19618 1
16408 16408 53
16453 16453 3
15502 15502 173
9875 5743 1
4156 75 1
16454 16454 63
2282 610 1
3071 1135 2
16455 19618 1
11102 11102 33
4901 4901 39
10447 19618 36
5015 5015 61
16456 19618 2
187 13447 1
516 5381 1
2454 18577 6
732 12113 2
11777 17763 2
11430 19618 1
15786 15786 9
2645 14353 1
16457 19618 1
11386 16573 1
5542 19618 9
4163 19618 4
1896 16317 9
16458 6402 1
13349 13349 10
13627 13627 44
6740 4305 1
16459 16459 61
6117 6117 4
7037 9634 2
8712 19618 10
9649 4237 1
16460 19618 2
16461 19618 10
4913 4913 207
12843 2805 1
12732 12682 1
14150 19618 5
12274 175 2
10846 19618 7
813 19618 1
10249 19618 1
16462 11905 1
8168 19618 9
1731 7390 1
2497 13043 1
641 6720 1
6218 8460 1
16463 19618 2
7982 19618 1
15074 15074 40
462 5613 4
13362 13362 153
16464 16464 12
16465 19618 1
15284 15284 9
16466 16466 10
12000 19618 1
7117 8835 1
14641 19618 5
7120 14563 1
16230 16230 15
10350 10350 6
13357 19618 2
694 19618 1
2198 2198 12854
16467 16467 291
9575 10256 1
11146 11146 56
11223 11223 329
16468 16468 15
9739 6234 1
247 7691 1
104 19618 32
4025 19610 2
7008 6108 1
3001 3001 4739
11241 11241 230
8433 19618 1
6337 13271 3
831 726 1
2325 6098 1
2525 2622 2
16469 19618 1
16470 19618 3
7917 19618 57
16471 19618 1
16472 16472 86
11071 10368 1
11009 2813 1
1647 6487 1
13930 13930 58
13052 19618 4
16473 19618 2
778 1981 5
15247 15247 29
12283 12283 7
15795 19618 2
964 2760 3
6000 19618 7
86 13833 1
5456 7915 1
6001 17444 1
11114 11114 49
13824 7249 1
844 374 7
2114 16193 1
14819 19618 3
5755 5755 9
7721 19618 1
8779 8779 208
5970 5053 1
16474 19618 1
6720 19618 1
7454 19618 18
10398 10398 36
16475 19618 3
7068 11796 5
16476 16476 68
14467 14467 486
7173 16967 2
8326 19607 1
2426 17791 5
15902 19618 1
9208 8471 1
2482 6374 1
5540 15766 1
9913 2807 1
475 13726 2
11953 19618 4
4418 4418 271
365 11763 3
16477 19618 9
16478 19618 7
3692 8429 1
15745 19618 11
10696 19243 1
12823 19618 1
11837 11837 653
13335 19618 9
3205 334 3
16479 19618 2
1564 10834 1
1867 19618 1
11109 11109 78
7510 528 3
8801 19618 1
5123 5325 1
15009 19618 5
11352 11352 20
16480 13758 1
5008 10482 1
16481 15373 1
9267 17556 1
6794 5260 1
8853 19618 2
14987 14987 331
7811 19618 1
16482 19618 1
14070 14070 50
16483 19618 1
14453 19618 20
7673 19618 63
1585 17300 1
8153 19471 1
352 352 1039
2645 7324 1
10758 10758 702
16100 19618 1
16484 16484 31
13199 13199 82
16485 16485 4
12832 16323 1
8612 8612 304
8120 8120 6110
16486 7263 1
4740 16877 1
16487 16487 1
16488 16488 88
4172 19618 2
6138 12995 2
10586 10586 80
7514 15785 1
16489 19618 1
13578 13578 27
30 11464 1
585 19618 96
7618 19618 39
11071 4717 1
10582 10582 54
16490 16490 31
10833 10833 6
16491 19618 1
2689 16744 3
16492 16492 11
16493 19618 1
10086 10273 1
6316 19618 1
16494 19618 1
5560 2770 6
4480 654 1
432 19618 2
431 7292 2
7653 13786 1
16495 19618 7
15724 15724 74
16496 19618 1
12553 12553 2
16497 19618 1
10625 19618 1
16498 16498 37
16499 19618 2
6062 15248 1
6443 6443 1306
11649 11649 86
9598 9598 20
9132 9132 1
6092 6092 138
6066 8048 1
11535 10166 1
7477 11999 2
15488 19618 3
16500 19618 1
4735 19618 3
16501 16501 17
7988 7988 110
16502 16502 57
5191 18845 1
14711 14711 18
2614 12541 1
16503 19618 7
166 18312 1
844 16845 3
344 5079 5
2823 17028 1
4852 1412 1
16412 19618 4
16504 19618 7
3845 3640 1
2812 11284 1
7704 7704 3927
5048 8722 1
16505 19618 1
14684 19618 8
16506 16506 207
85 19618 2
16507 19618 1
10383 19618 1
13671 4423 1
16508 17219 1
14023 19618 2
2616 2616 5
8541 16976 1
5741 5741 4
3478 3478 52
16509 19618 10
16510 16510 18
5088 552 1
3299 2036 5
12677 19618 5
1688 3980 1
4740 19618 21
1441 967 1
15654 15654 5
16511 19618 2
4937 4937 78
3078 19618 6
791 6848 2
14473 14473 2682
16512 19618 1
16513 19618 1
5343 11152 1
14999 10643 1
15293 19618 1
107 19618 358
12925 16484 1
16514 16514 168
2613 19618 6
15749 19618 10
3674 3343 1
11366 11366 251
8440 7831 1
3782 5405 1
3283 6573 1
16515 19618 1
16516 19618 4
16312 1845 1
16517 19618 2
16518 19618 1
16519 19618 2
6215 6215 81
14789 19618 30
621 11948 1
13559 3126 2
16520 19618 2
16521 16521 83
16522 19618 1
16523 16523 58
11334 11009 2
37 16864 1
3552 3552 393
8128 19618 9
4915 4915 1062
7213 4630 5
16524 19618 7
1202 1202 29
12043 12043 24
4109 14306 1
9709 19618 6
8820 19618 1
1428 8652 1
15386 15386 23
8708 1118 1
8768 1110 1
16525 16525 60
10292 10292 6
13572 14608 1
3055 19618 4
5601 6045 1
2617 9979 8
7436 7436 87
1567 16291 1
16526 16526 20
14523 2472 1
11242 3616 1
16527 19618 1
7573 19618 1
1809 18891 1
4076 15105 1
1722 5322 3
13320 13320 38
16528 19618 4
16529 16529 24
16530 19618 2
15599 19618 2
14153 14153 63
16531 19618 39
106 16576 4
5170 3663 2
7595 7274 2
16 7626 1
7230 7230 32
3828 11139 2
2289 2289 17
14191 3908 1
5698 19618 1
223 15865 1
2185 7325 2
2689 19618 296
16532 16532 49
11290 11290 748
4378 4378 1610
1870 7864 3
12058 19618 1
1756 19618 2
16533 19618 1
16534 19618 1
2161 12789 1
3713 19618 1
2056 19618 1
16535 19618 1
2147 19365 1
1998 19618 1
16536 16536 42
5032 15428 1
339 15075 1
3246 10699 1
14105 4992 1
2239 18887 2
2869 19618 35
778 310 6
11940 11940 441
8823 19618 1
2696 6701 1
3619 3453 1
16537 19618 1
1964 19618 5
16538 16538 4
13438 13438 4
6443 19618 43
16539 19618 2
4984 1927 1
16425 19618 13
14761 19618 2
1280 2260 1
2086 19618 58
16540 19618 1
14264 7238 1
16541 16541 54
16542 11026 2
5263 19618 1
10629 19618 14
16543 19618 1
7003 2666 1
11721 19618 10
15128 15128 21
9652 15707 1
41 41 2252
16544 19618 1
955 955 9
5661 5661 21
3538 16475 3
1067 19618 1569
12965 19618 7
7992 7992 30
16545 19618 7
12332 12332 14
8412 8412 11
341 341 439
6078 16332 1
16546 16546 174
2836 19618 5
8154 2585 1
11853 11853 13
7922 13020 1
4121 4121 11973
16547 16547 13
918 19618 3
16548 19618 2
9550 11273 3
8440 19618 222
14132 14132 35
11170 11170 52
12632 2215 1
12962 9815 1
16549 16549 2
16550 19618 1
10809 10809 1582
6276 6276 3
5702 19618 6
14429 19618 3
16551 16551 21
8598 19618 1
16552 16552 4
16553 16553 58
12618 15778 1
7929 5886 2
11509 11509 56
13255 13255 403
7808 7808 4448
14737 14737 153
12575 12575 188
16554 934 1
4593 19618 11
5801 19618 2
8387 12783 1
3833 16055 1
4666 4666 239
3533 19618 44
3676 17621 1
1176 660 1
16555 16555 136
14226 17127 1
10640 19618 8
6740 15102 1
2885 787 1
16556 16556 18
3086 19618 25
14104 2206 2
3275 17927 3
13298 19618 18
8587 8587 12
495 17490 1
5028 6695 2
375 595 1
12379 19618 26
16557 19618 1
16558 16558 40
5353 16078 2
10499 4480 8
16559 19618 1
15875 19618 3
3828 18870 1
14468 14468 341
16560 16560 9
16561 19618 2
1409 1409 2263
621 15263 1
10705 10705 41
10804 19618 1
16562 16562 133
7367 7367 1071
12321 19618 1
16563 19618 1
16564 16564 100
791 8528 5
15139 19618 2
16565 16565 16
16566 19618 7
5254 19618 6
8223 8428 1
7329 19618 1
1508 1508 6
16567 16567 4
11341 4162 1
7980 5869 1
2698 19618 1
6772 19618 40
3151 3151 70
16568 16568 529
16569 16569 33
7754 7754 97
1477 7495 1
7350 19618 11
16570 19618 2
16571 19618 2
1049 1531 1
7271 16529 1
2480 19618 1
6708 6708 28
8913 2903 2
16572 19618 1
2860 1512 1
250 6551 1
8535 1435 1
7716 7716 8517
4884 18244 5
2858 19618 92
9963 9963 15
1306 8451 1
277 2370 1
16573 19618 28
16574 19618 1
11847 19618 1
4766 4766 314
549 17987 1
521 521 19
13073 19618 10
3413 13089 1
732 16939 1
6034 6034 185
1357 15392 33
16575 19618 3
4811 3518 1
12931 12931 372
9259 376 7
4960 17283 1
16576 19618 4
877 8127 1
10633 19618 18
14152 14152 24
13830 13830 30
16577 19618 1
2482 17898 1
4190 16223 1
10402 19618 5
1611 19618 6
14371 9615 1
11446 19618 1
16578 19618 1
16579 16579 21
1958 11247 1
9697 9697 62
13257 13257 925
1914 18506 5
11983 11983 11
13845 15379 1
6423 19618 1
10007 10007 74
16580 19618 5
16581 19618 2
2693 2693 5
16582 19618 1
16583 19618 6
7043 7043 6
2098 9051 1
7475 9039 1
3461 19618 1
10521 6730 1
7612 19618 73
10687 19618 4
15768 15768 53
10195 7576 1
5300 15556 1
4005 19618 2
13590 13590 173
4960 19618 143
1948 1298 1
15941 19618 1
16584 16584 1
12409 12409 217
16585 19618 9
16586 19618 1
3527 19618 3
1784 6040 1
2384 12518 1
619 1623 4
16587 19618 2
13620 19618 10
1722 18672 5
2452 5676 1
14445 19618 10
384 384 79
16588 16588 1
287 17342 1
11177 19618 6
648 10874 1
6166 19618 335
14448 14448 21
9068 9068 152
779 12598 2
3466 7360 1
16589 19618 1
5402 19618 1
14853 14853 16
1677 14450 1
16590 16590 96
9369 1740 2
12749 12749 97
9786 19618 1
611 8206 2
2086 10744 1
2426 2140 1
5654 12800 1
15164 19618 4
8447 11733 1
2212 7305 1
1784 3046 1
778 5936 1
16265 16265 177
3337 6162 1
16591 16591 9
919 13539 1
5301 5301 212
16592 19618 1
6287 6287 1556
3606 354 5
9398 9398 3
13041 19618 2
10311 19244 1
16593 16593 62
16594 16594 7
5462 5462 149
5696 19618 31
16595 16595 43
16596 19618 1
250 250 195704
1285 11408 1
2482 19360 24
8840 11445 1
1039 15274 1
195 9480 3
3612 13750 1
237 19618 9
7216 13225 1
14011 14011 243
171 19618 807
10296 9967 2
5252 15284 1
16597 16597 4
9883 19618 13
14445 3105 1
16598 19618 1
16599 16599 18
2386 3740 1
5844 19618 1
10836 5312 1
10694 19618 59
11106 19618 51
16600 16600 31
670 8372 1
6909 18800 2
10162 10556 1
2043 2565 3
6710 13636 3
4642 10809 1
6482 19618 3
2176 19266 1
16162 19618 1
16601 16601 5
7152 19618 1
5804 5811 1
147 315 2
453 2313 4
16602 19618 1
14089 4044 1
13516 19618 2
11544 11544 5235
6265 16516 1
6364 6364 8
16603 9101 1
16604 19618 1
16605 19618 25
12458 14594 1
16606 19618 5
10377 15632 1
16607 19618 1
16608 19618 1
9611 9611 1056
9871 93 1
16609 19618 12
869 11342 1
9790 9790 80
15917 19618 1
7744 7744 283
2190 2190 3277
16366 16366 539
10662 16814 1
16610 16610 72
2036 19426 1
15149 19618 1
7391 19618 7
302 19618 2
1530 1530 8
3533 3533 1326
14916 14916 399
7641 7641 492
16611 16611 41
1784 3804 1
11707 11851 1
3427 9969 3
16612 10786 2
16066 16066 8
1678 19618 70
2689 12811 3
1109 1109 93
16613 19618 1
2175 2911 1
7893 19618 4
2996 11426 3
3838 3838 1803
1163 7989 1
8684 19618 93
16614 19618 5
16615 16615 2
4723 3985 1
16616 19618 1
16617 19618 1
15162 15162 16
15420 19618 1
13962 13962 6
1178 1178 73
13866 13866 181
12110 19618 7
631 19618 52
10893 1417 1
16618 19618 3
6836 4774 1
2615 18056 1
8420 708 1
12966 19618 1
16619 19618 1
11468 11468 61
4001 18882 6
2475 16690 1
4783 4840 2
6448 19618 159
965 14622 1
3485 14267 1
2260 13221 1
14830 19618 5
5281 16449 1
10590 3669 1
16620 19618 8
10417 19618 15
12609 19618 1
6406 9510 2
9045 19618 12
3573 254 1
16621 19618 5
15316 16971 1
7696 7696 3
409 2470 8
16622 19618 1
3696 19618 1
3807 6400 2
6398 16583 1
7422 7422 66
16623 19618 1
5109 6432 1
4575 19618 1
8554 19618 3
14110 3965 1
2132 5850 2
9911 19618 1
3578 6324 19
11928 11928 90
12761 12761 47
550 18102 1
1958 8898 1
16624 19618 3
115 13002 1
2647 19618 13
16625 19618 20
11129 11129 55
5836 19618 23
119 19618 5
12532 12532 123
2663 16836 2
14208 14208 357
16626 16626 15
16627 16627 46
8726 4708 2
12204 5283 1
1247 11066 1
10231 10231 86
16628 14100 1
16629 19618 2
7204 10559 1
343 19618 1
10232 19618 2
9347 19618 13
7671 14110 1
16630 16630 10
3354 13047 1
3683 16832 1
8413 8413 4811
14457 19618 2
14127 14209 2
1114 12307 1
16631 16631 12
670 13760 1
1142 14731 1
16632 19618 1
9434 19618 2
16633 19618 4
8896 19618 1
16634 19618 1
15832 15832 9
13199 19618 2
16635 16635 415
13194 19618 3
16636 19618 4
16637 7008 1
8611 19618 1
9667 9667 247
5985 19618 37
16638 19618 1
352 14229 1
16639 19618 1
7641 12950 1
15304 19618 7
16640 16640 99
8906 13422 1
16641 16641 74
12661 11906 1
16266 16266 18
13097 13097 43
1486 13515 1
14721 19618 2
14305 19618 12
14977 19618 1
2452 4660 1
2595 6527 2
8878 4348 1
2494 2494 20533
9871 19618 7
15948 15948 417
1218 8837 8
16642 16642 4
14226 14226 126
5849 19618 1
2305 4603 1
3495 6734 1
14217 14231 1
11095 11497 1
13153 19618 7
12120 12120 374
2176 17077 1
2462 8904 2
2536 12224 1
9625 11102 1
3846 19618 15
7626 19618 1
16643 19618 1
7405 7405 13
7026 19618 1
15810 13381 1
9829 5792 1
6771 6771 93
5672 12963 1
15713 14583 1
6445 19618 69
3705 3705 74
16644 16644 2
2386 12678 2
9653 13467 1
9621 19618 4
13649 19618 3
16645 16645 115
16646 19618 1
16647 19618 4
1341 19077 2
10094 12945 1
3578 1448 1
4315 6570 1
2462 4279 3
16648 19618 2
11504 250 1
11900 11900 64
2341 2392 3
13597 19618 4
14069 19618 4
3894 3894 168
12246 8861 2
16649 16649 4
4650 16427 1
13193 3476 1
16650 19618 2
14417 19618 2
15906 19618 1
9369 19618 20
16651 17592 2
14520 14520 73
14733 14733 119
29 14188 1
8952 19618 16
797 6415 1
16652 16652 14
5947 19618 11
16653 16653 1
1243 3073 10
7807 7807 6750
1548 15552 15
3354 14560 1
10266 11862 1
16654 16654 276
4781 7512 1
5927 19618 1
14915 3761 1
16655 19618 1
16656 16656 3
16657 19618 5
13123 13123 961
16658 19618 3
3819 12871 1
16659 16659 5
1711 1711 205
5359 19618 1
13544 17666 1
4167 2733 1
16660 19618 1
12049 12049 79
4674 4674 435
1218 6808 9
166 7949 1
746 3270 3
2494 5326 10
1910 19618 1
12330 19618 132
234 12625 8
4217 4217 8
5469 19618 1
2796 10145 1
12529 12529 11
4989 18881 6
3662 19618 123
4889 19618 1
16661 16661 129
221 19060 3
16662 19618 2
779 9887 4
13197 19618 1
5430 19618 3
16663 16663 77
4218 4218 77
16664 16664 9
1049 7527 2
1218 2831 1
11621 11621 2172
9146 9146 787
12163 12163 14
4014 2890 5
16665 19618 1
4074 19618 2
16666 16666 108
16667 16667 51
6517 14436 1
1230 1230 5466
8106 8106 1936
16668 16668 15
2984 19618 186
11591 11591 21
16653 19618 1
1040 1040 1535
585 16986 1
896 10149 5
16669 19618 2
5081 8733 1
4719 19618 23
16670 19618 5
8134 19618 13
1119 12658 2
8189 8189 32
3555 5671 1
16322 2534 1
16637 19618 5
9649 4833 1
937 19618 1
4168 11938 1
15243 19618 3
4905 1235 2
273 10194 1
14526 19618 8
16671 16671 70
16672 19618 1
7433 7433 25
15146 19618 5
3565 19618 8
16673 16673 1
734 18698 1
2955 834 1
6752 6752 140
3170 3170 4468
16674 19618 11
5317 19618 1
2229 15171 1
1003 14163 5
9527 2907 1
227 19618 6
4979 19618 3
8648 8648 852
16675 19618 1
7897 2325 1
261 15909 1
377 14505 1
6434 7231 1
732 19618 110
10302 10302 55
4202 19618 223
16034 16034 2
3578 11171 1
1862 16944 1
16676 19618 1
277 3409 2
2821 19618 4
1604 15873 1
16677 16677 16
5092 1640 1
790 7630 3
5904 19618 2
16678 18765 1
8209 8209 224
10430 10430 1
16679 19618 1
4656 15864 1
576 19618 58
11017 12205 1
4685 9540 5
948 727 1
6781 9554 2
4558 17401 1
2215 19618 37
16498 8376 1
5412 19618 11
1604 6138 2
14922 13790 1
16680 16680 190
16681 19618 3
5404 5404 1165
16682 19618 1
12134 12134 167
735 1537 1
3155 3155 502
3237 6583 2
16683 19618 1
11685 11685 88
16684 18493 1
10595 10595 19
15092 15092 3
11022 19618 3
11988 18316 1
3509 11024 1
3613 5106 1
8503 18719 1
16685 16685 4
16686 16686 7
9339 1758 2
3065 10061 1
9520 19618 4
2154 2154 5342
900 3287 4
11113 19618 1
8450 13568 1
16687 19057 1
14349 14349 146
16688 16688 2
1933 4916 1
11850 18166 1
12779 12779 171
450 17181 1
12891 12891 24
1142 4795 2
4972 4972 7646
5446 6434 3
295 295 9103
16689 19618 2
8182 19618 4
16690 19618 1
15031 19618 1
3660 8245 1
2235 19618 5
12284 19618 67
16691 16691 1
15287 19618 1
16692 19618 1
831 19618 105
16693 19618 3
16694 16694 38
16695 19618 1
16696 19618 1
2324 19618 103
8134 14760 1
13333 19618 9
4964 4964 42
6693 19618 21
4672 4672 50
4485 16118 1
3791 19618 6
2433 5330 1
1331 6458 2
14771 11687 1
3566 11036 1
12229 12229 8
16697 19618 1
8894 3509 1
11538 19618 3
16262 16262 33
10762 19618 1
308 308 23
16698 16698 59
12484 19618 8
10052 10052 8
16699 19618 1
1431 1431 7304
10380 10380 61
9028 3483 1
13791 9800 1
11640 19618 1
3801 7683 1
16700 19618 2
16294 16294 27
15553 15553 39
6909 1937 3
16701 19618 1
16702 16702 61
8708 613 3
15750 15750 378
7288 9081 2
10861 10861 1
5072 19158 1
14868 19618 4
7476 16156 1
16703 16703 177
2446 989 1
9681 11410 1
11698 11698 65
15421 11975 1
4392 19618 14
9551 16493 1
5602 9931 1
9892 9892 1351
10822 19618 3
16354 16354 6
4957 6379 1
16704 19618 1
1182 2499 1
6085 6085 370
3497 3497 23
16705 19618 2
5747 18823 1
11595 11595 240
12882 12882 146
1246 19618 34
1987 13949 2
14814 19618 1
10827 19618 1
714 19618 51
8286 19618 2
3602 14349 2
16706 16706 51
13758 19618 1
16707 19618 1
14562 19618 1
512 512 3526
1095 15910 1
3943 18411 1
16708 19618 2
11523 2145 1
13928 19618 3
12141 19618 8
6914 6914 8883
4029 3102 1
735 7332 1
15636 19618 1
13906 19618 21
4458 5241 1
15888 15888 30
1729 1729 2237
3556 19618 6
10495 10495 41
3243 12179 1
3608 2685 1
2161 11928 1
10750 14027 1
8447 8447 1563
1209 1209 6289
1950 16782 3
16709 19618 11
12051 19618 73
13822 19618 6
3062 12971 1
677 16825 1
10564 19618 1
539 14169 1
14792 14316 1
16710 19618 1
9151 9151 474
7545 7545 5
9555 9555 25
16038 8166 1
12569 19618 7
12731 12731 59
659 11693 1
16711 16711 68
7287 7287 194
3279 14868 1
11890 11890 355
11345 14850 1
14057 14057 99
2298 16592 1
2995 19618 1
8180 9129 1
16712 19618 1
5868 5868 3958
12581 19618 1
6156 14516 7
7352 7352 154
12059 12059 13
16713 16713 154
16714 19618 1
10015 889 1
3218 14922 1
16715 19618 4
10017 19618 1
16716 19618 1
16717 19618 5
5055 5055 6
16718 16718 338
2132 2132 10791
3283 19618 20
13990 5389 1
14657 14657 109
14488 14488 1
1142 7888 1
14701 19618 1
16719 19618 1
16720 19618 2
16191 16191 8
16721 19618 1
12835 12835 170
4006 392 1
13794 13794 3
3842 3842 10
6975 6753 1
16722 7503 1
4011 18488 4
9985 19618 6
15063 19618 3
10949 19618 2
3015 17782 3
6680 3237 2
6690 16169 1
16723 16723 4
16724 16724 1
1824 18978 1
2212 4704 1
13094 16992 1
13950 19618 7
16725 19618 1
16462 9587 1
16726 19618 3
15975 15975 59
16727 11397 1
1814 19618 2
16728 19618 2
4456 13877 1
16729 19618 1
11316 19618 1
16730 19618 2
9204 9204 88
2851 17602 1
16731 16731 95
12842 19618 2
6889 19618 5
15606 15606 17
16732 16732 4
5673 5567 1
16733 16733 1
16734 16734 9
4861 19618 2
16735 19618 6
5801 10814 1
8040 19618 9
16736 19618 1
7992 3511 1
5383 19618 5
11529 11529 7
4261 19618 640
7670 19618 1
10374 1756 2
16737 7427 1
2720 2769 3
16738 1953 1
14595 14595 17
12622 19618 6
16739 19618 1
16740 10950 2
6536 6536 14
16741 16741 13
9538 1490 2
11012 19618 1
4421 12613 1
4958 19618 17
2410 2410 145
16742 19618 1
13645 19618 3
11713 11119 2
7489 7489 433
13157 19618 2
399 14875 3
6047 3065 2
13570 13570 5
150 19618 62
3658 19618 2
2506 19618 83
10138 19618 4
6478 6478 170
3525 5381 2
3335 19618 1
3061 6946 1
6785 6729 1
2233 2233 433
16743 6663 1
1342 9809 2
16744 19618 3
15253 19618 6
16745 19618 1
5313 10292 1
1067 11799 11
16746 16746 28
14420 19618 2
3609 3609 25
2840 19618 1
14792 1888 1
16747 16747 28
9690 9690 56
3629 7088 1
2800 19618 23
16748 19618 1
14890 14890 26
14104 10585 2
5134 19618 2
9767 19618 6
13770 13770 24
3950 13489 1
1642 3704 1
16749 19618 1
16750 19618 1
16751 19618 1
3794 3789 1
6176 6033 1
113 19618 145
15409 19618 10
1713 19618 1
12177 12177 55
458 458 61
2272 12386 2
12561 19618 14
8656 18686 1
16752 19618 2
12201 12201 39
16753 16753 179
16754 19618 16
16755 19618 1
13758 13758 30
2583 1357 1
16756 16756 224
866 17331 1
8131 19618 4
421 19618 13
8492 8492 18
735 735 187456
16757 16757 75
8618 8618 8
5135 6523 1
8422 4140 2
2314 13198 1
4437 5379 1
13626 13626 77
16758 16758 23
13086 3943 1
16759 16759 12
1012 1012 127
3022 7810 1
9235 19618 1
12330 7521 2
16760 16760 26
13469 13469 32
16761 19618 6
15428 9472 1
32 19618 3
16762 19618 1
16763 19618 1
5497 19618 3
15406 15406 35
3843 12444 1
16764 19618 1
12196 10709 1
11619 10069 1
2622 2399 1
10335 9532 1
12236 19618 1
10235 10235 10
16765 19618 1
16766 16766 2
6049 6049 826
1203 11508 1
205 16054 3
13189 13189 666
7492 19618 3
3925 19618 73
4905 6372 2
16767 19618 1
9580 12197 1
14368 19618 3
16768 8554 1
16769 19618 2
13544 15216 1
16770 19618 1
16771 19618 1
502 12810 1
3750 3738 1
16772 19618 9
1527 1527 3682
8622 7608 1
13588 19618 1
10755 18196 1
13091 19618 2
7894 7894 8907
2288 2288 2
14509 19618 5
1057 19618 6
4062 4062 42
6964 19618 1
13669 13669 406
9885 19618 265
1722 13593 1
4500 19618 4
5419 12183 3
2574 19618 1
16773 19618 1
16774 16774 43
5607 16341 1
12101 12101 132
16775 16775 29
10831 6285 1
1710 19618 2
2509 2509 420
5773 5773 27
16776 19618 1
11032 3906 1
6139 1243 1
9550 8068 2
3749 6785 1
1113 1113 248
16777 16777 49
1630 19618 1
16778 19618 1
198 19618 4
5973 19618 11
16779 16779 759
11500 18119 1
16780 18344 1
3833 12614 5
4230 4230 479
16781 19618 15
3022 275 1
16782 19618 3
13929 13929 293
2409 19618 7
8789 16464 1
3530 11658 1
16783 19618 3
10484 18839 1
16784 16784 78
1388 7380 1
296 16799 1
16785 19618 1
15379 19618 12
11814 11814 4
7589 7589 1657
16786 16786 48
14805 19618 21
10325 19618 2
3356 19618 4
13642 13642 344
10124 3565 1
9390 19618 1
1149 1149 477
13134 5365 2
14230 19618 3
8048 8048 16
1523 8996 1
11076 16558 2
5120 13863 1
16787 16787 5
16788 19618 3
15954 19618 7
6575 6575 928
4248 19618 126
16789 19618 1
4291 12254 1
4669 9913 2
2353 4114 1
9278 12061 1
16790 2428 1
5928 19618 42
16642 19618 1
16791 19618 1
3204 3204 36
16792 16792 10
3945 3945 900
8444 19618 65
16793 19618 1
16794 16794 489
832 19064 1
9391 2229 1
8977 8977 57
1006 18828 1
13508 10625 1
10328 10328 64
831 863 3
16795 19618 1
4376 4376 139
16796 16796 5
1931 938 14
296 14184 1
16797 19618 2
101 101 10
8653 8653 804
10119 10119 382
5135 5135 1316
16044 16044 20
16798 19618 1
16799 16333 1
546 16250 1
10459 10459 395
1055 1055 3139
6222 6222 4
16800 19618 3
4415 11852 1
16801 16801 27
10509 19618 1
14882 14882 7
3361 7309 3
14055 19618 1
6429 16492 1
5726 5726 7819
11633 11633 291
14240 14240 3
10551 19618 1
1189 1189 711
2136 2136 6
12407 19618 2
15822 15822 5
16802 19618 1
2255 803 6
12341 16394 1
13499 13499 32
13268 5135 1
3368 16530 2
16803 19618 6
15391 15391 926
5765 8277 4
16804 19618 1
4461 8588 11
2506 11619 2
9447 9447 1872
8380 19618 36
345 345 930
11033 15033 1
16805 19618 1
9140 18785 1
16806 19618 3
7298 19618 1
7963 19618 1
16807 16807 7
7453 432 1
5384 19618 1
4722 19618 56
2244 5580 1
10112 10112 6
3570 6797 1
863 4987 1
2514 14136 3
16808 19618 5
16809 16809 78
16810 16810 28
1361 1361 2324
895 4401 1
2984 2984 7077
9568 7478 1
13939 19618 17
6778 19618 2
2242 19618 84
1903 17223 1
765 13709 1
4491 19618 1
11074 13745 2
12586 19618 24
10654 10654 100
3653 504 1
11921 11921 42
16811 19618 2
3660 12386 1
1542 19618 21
11095 19618 253
1243 2713 11
16812 7413 1
9152 14312 1
588 18667 1
9209 9209 12
16607 16607 33
1076 8231 1
735 2309 1
2938 19618 3
3892 12386 1
9317 19618 3
4368 18874 1
16813 16813 292
4310 4310 11807
117 17949 2
88 2689 2
16814 16814 90
2434 6665 1
16815 19618 25
5099 19618 3
3206 9381 1
12057 19618 2
16816 16816 90
5606 8241 2
5234 5234 4349
4820 4820 178
2530 339 5
8211 8211 297
223 16884 1
16817 19618 2
4023 4023 583
2506 422 2
16818 19618 3
6892 18044 3
2118 1329 1
3229 16363 1
6320 11967 1
13947 19618 68
16819 19618 1
4699 4699 399
11713 19618 83
13519 19618 4
9632 9632 161
6327 19618 1
1182 19618 41
6996 15188 1
2858 15364 2
16820 19618 1
3252 17072 1
16821 19618 1
16822 8469 1
16823 19618 3
9146 19618 19
6442 6442 149
1066 19618 2
13687 13687 92
16824 14472 1
1862 7795 1
9389 14833 1
2496 13185 1
7580 15746 2
16825 19618 1
8133 19618 11
8400 19618 1
7088 7620 1
4401 4401 7465
16826 19618 1
12007 19618 3
16827 16827 31
3379 3823 1
16828 16828 26
16829 19618 2
797 9635 2
16830 19618 2
16831 19618 2
1339 14043 2
16832 16832 16
16833 10016 1
3465 3465 51
16834 16834 60
2032 9404 3
3608 7671 3
147 147 5849
16835 19618 1
2287 19618 20
6073 12773 1
10486 2833 1
9760 15666 1
5072 714 1
6522 6522 13
16836 16836 60
13436 19618 1
16758 19618 1
16837 19618 3
14103 19618 1
8596 19618 2
13227 13227 297
4483 4267 1
8293 8293 50
12273 19618 1
12910 12145 2
10305 722 1
5624 19618 1
7615 7615 5
1978 14927 2
2794 2794 19
4801 2073 1
16838 19618 1
9978 19618 2
1958 18726 1
15144 3362 1
1990 7570 1
13238 19618 1
16839 19618 1
16840 15680 1
5269 18447 1
16841 19618 1
4110 7074 1
16842 19618 1
16843 19618 1
16844 19618 2
16845 19618 13
1752 7115 1
15196 19618 7
2055 2055 17
2181 17552 1
16846 19618 1
3576 3576 533
4933 7162 1
2143 14757 1
10115 19618 2
9998 9998 1218
3404 19618 1
8194 18049 1
15285 15285 116
13535 8906 1
6384 15958 1
15550 15550 51
3907 3907 1794
16847 19618 7
11924 7818 1
7717 7717 20
15028 19618 1
454 19618 1
5846 5846 79
13289 19618 7
2339 9414 1
2720 9622 3
15985 15985 2134
573 10707 1
16848 19618 1
16849 19618 1
10788 19618 2
16850 19618 1
16851 16851 49
98 19618 3
1796 8629 6
7594 7594 314
125 17096 2
10555 4698 1
355 11617 1
7703 7703 36
9649 19618 32
7349 19618 27
3584 19618 5
16852 16852 812
13985 19618 10
16853 19618 1
16454 19618 1
16854 19618 1
3663 1794 1
1614 8998 1
10369 10369 13
6311 6311 135
1877 19618 1
9597 19618 1
16855 19618 2
16856 16856 7
12420 19618 1
11963 11963 393
14324 14324 8
544 16054 1
4788 19618 53
113 7453 2
16160 16160 3
5994 19618 1
1824 329 1
9800 9800 48
2048 19618 1
16857 16857 11
793 19618 42
16858 19618 1
16859 16859 7
1257 7436 1
16641 19618 4
10382 19618 2
16860 19618 1
2972 19618 3
13560 18079 1
16861 19618 1
3084 17428 2
16862 19618 1
16863 4405 1
6065 6065 5
6088 6088 2
16864 15580 1
11397 19618 6
1116 14460 2
8945 16684 1
6812 13712 1
16865 19618 4
16866 19618 2
15383 15383 779
1078 1078 142
6902 14334 1
1889 1889 1050
16867 19618 1
16400 5666 1
8926 19618 34
14310 14310 92
683 16658 1
10074 14729 1
15132 19618 13
16868 7323 2
2065 2065 35
6228 6228 541
15133 15133 772
16869 19618 2
1876 11563 5
16870 19618 6
7778 9847 2
8781 8781 384
680 19118 1
7951 19618 1
16871 19618 16
3183 19618 71
1896 250 1
7387 19618 1
3567 19618 14
16872 16872 56
10791 10791 12
11267 18414 1
6339 1131 1
16873 19618 30
5863 5863 19
6140 14033 1
5255 18366 4
4420 19618 22
16874 19618 1
9303 12999 1
195 8461 4
1006 4761 1
10156 2000 1
6166 15261 1
16875 16875 4
11943 19618 58
11942 19618 2
6235 9063 1
5203 602 1
8016 8016 56
453 12312 1
6046 10752 1
16711 19618 4
6890 6890 76
5421 19618 1
6170 9518 2
16876 19618 1
4378 7473 1
8576 15999 1
12781 6589 1
2689 2281 1
8089 8089 78
10140 10140 815
11612 19618 1
14887 19618 1
870 870 1951
11040 11040 2888
4470 15930 1
11980 6390 1
7925 19618 88
13142 19618 1
205 4658 12
12468 6150 1
16877 16877 22
2475 2475 102
1591 16438 2
1074 5498 2
16878 19618 2
1898 7170 3
15781 15781 2
1085 16369 5
12417 10327 1
10873 19618 3
3173 13997 3
4716 7649 1
1770 7855 6
15188 15188 36
14567 14567 219
13396 6097 1
1714 17610 1
6773 6773 35
16879 19618 1
2765 3154 1
648 3820 1
13550 19618 1
16880 16880 12
1779 6895 2
5020 5020 94
16881 19618 15
16882 16836 1
1669 1669 10
6825 15525 1
16883 16883 7
2366 14916 6
16884 16884 321
317 317 6908
15913 15913 9
7764 1854 1
247 13229 1
2332 5696 2
577 4999 1
14398 19618 2
16885 19618 2
1993 19618 2
778 1649 8
16886 16886 26
10417 10417 419
16887 16887 103
16888 19618 1
7957 19618 4
5154 5154 23
7845 6858 1
3015 1565 3
8906 18701 1
7880 3697 1
1944 10708 1
7202 19543 2
13224 19618 95
2772 3773 1
2957 18325 1
10063 19618 1
2617 497 2
16115 19618 1
16889 19618 1
3895 19618 5
5094 13261 1
16890 19618 9
7582 14914 2
4611 5372 1
1099 6925 1
3123 2776 1
3170 6090 2
14585 1021 1
16891 19618 1
14058 14058 2796
12577 19618 5
16615 19618 1
16877 19618 1
4718 19618 1
2247 19618 35
16892 19618 1
2211 2317 2
3657 3657 1557
3069 16109 6
8819 19618 15
2007 2405 1
3065 5973 1
831 15253 4
6257 6257 103
5528 19618 20
205 5022 8
6099 6099 3246
1990 18781 1
6188 5932 1
4190 1168 1
6443 17431 1
3454 633 1
3390 19618 1
16893 10960 1
14224 4995 1
5951 19618 1
16894 19618 3
2632 7896 1
1020 2256 2
16441 16441 334
4617 19618 10
2504 19618 1
10823 19618 4
6900 6900 32
3608 4844 1
16895 16895 2
16788 16788 53
1409 13792 1
15173 15173 456
16896 19618 3
6369 19618 38
3975 19618 1
7633 12228 1
14858 10463 1
2490 2720 4
1986 13846 1
4158 4158 2331
16897 19618 1
5043 4487 1
15132 15132 580
2102 2102 1924
16898 19618 1
5855 15551 1
15217 15217 14
16899 16899 6
800 10672 1
16900 16900 36
2539 10695 1
11095 9964 4
3287 19461 23
1916 1916 661
168 17128 1
9646 8002 1
16901 16901 461
16902 19618 1
874 7201 1
5237 5237 10
2334 2883 1
16903 16903 97
16904 19618 3
11425 11425 495
11844 6932 1
14453 3076 1
1135 11737 1
2175 19618 569
11150 19618 1
10931 10931 8
15490 11523 1
8218 8218 9
13685 19618 4
2926 13321 2
9328 9328 7
10230 19618 1
3301 8321 1
877 19618 17
4366 4366 79
3782 13756 1
3201 13784 2
14134 14134 3
16905 16905 9
6500 19618 4
15427 19618 1
6719 19618 3
16883 19618 1
2182 19618 13
155 12181 1
6477 6477 9
11796 15245 3
4668 4668 600
10835 10835 81
1991 10735 1
7373 11006 2
16906 19618 2
16907 19618 1
16908 19618 1
4189 5350 1
4801 4801 556
6763 17105 1
16909 16909 13
1725 6610 1
16910 19618 16
16911 19618 1
11840 10193 1
6485 19618 142
1720 19096 2
16912 16912 20
4095 4742 2
2088 19618 2
7274 19618 1
1201 17710 1
5650 11555 1
9937 19618 6
8288 14243 1
16913 16913 32
16914 19618 1
486 10014 2
6144 6144 26
6593 3597 2
16411 16411 31
1729 18109 1
355 19618 182
9027 19618 3
15237 19618 7
3627 17277 1
6614 6614 163
5922 5923 1
8495 9349 1
4565 1812 1
1067 16216 2
8041 19618 115
16894 16894 104
11777 11777 3352
16915 19618 1
16916 19618 1
10752 3404 1
4104 19618 1
16917 19618 1
5839 13014 1
14469 14469 1
16918 19618 9
4884 15654 1
8389 19618 1
6718 11359 2
16919 19618 2
16496 16496 10
8633 8633 755
16920 16920 96
1230 19232 1
4461 14456 2
2988 5753 4
2224 11655 1
14367 19618 1
2516 19618 1
4889 4889 18
16434 19618 2
8450 17002 1
16921 16921 12
6521 4513 2
2701 2701 1515
11789 19618 1
7475 19618 5
11762 11762 9
1094 16074 1
16922 16922 6
1631 18007 1
16923 16923 457
16924 19618 1
24 13431 1
5483 15658 1
1526 19618 1
7998 7998 4
5910 7714 1
14985 1430 1
16925 19618 5
14145 14145 165
5747 5747 213
9484 18115 1
7585 19618 109
16926 16926 7
16927 13612 1
8141 19618 1
3028 19618 3
16928 16928 2
344 8553 5
16929 14213 1
13511 13511 65
8620 8620 24
15411 19618 2
6473 18301 1
10956 8612 1
16930 19618 1
2007 17582 2
16931 19618 4
16932 19618 1
16933 16933 7
16934 19618 2
2627 12982 1
16935 19618 12
1495 18336 1
8424 10612 1
3484 3484 3799
660 19618 7
11606 11606 45
16936 16936 83
6615 6615 31
16937 19618 1
2670 4949 4
16938 16938 37
16939 19618 1
9965 19618 1
780 11614 3
2773 6426 8
193 10011 6
16940 19618 1
16941 19618 1
1804 19618 241
15451 15451 166
2482 16787 1
875 875 12
12354 12354 11
5273 5273 32
428 5679 4
16942 19618 3
2874 2874 17
16943 16943 2
2024 2024 268
4131 17379 1
8697 19618 8
16944 19618 2
16945 16945 7
16946 16946 62
3022 14086 2
16947 19618 1
1824 519 2
2759 13765 1
5227 5227 2
5602 2731 1
5377 5377 398
16942 16942 16
16948 16948 55
8684 14357 2
8053 13152 1
8226 16419 2
344 14828 2
737 4591 1
5465 5465 83
12425 12425 163
3726 6617 1
15364 15364 154
577 17071 4
2208 13576 1
12376 17012 1
4199 13787 2
8784 8784 5
3741 5249 1
35 6632 1
12036 16339 1
16949 16949 55
11408 19618 1
2675 2675 897
4684 5468 1
4089 1322 1
3046 3046 68
2114 1944 1
10755 10755 123
12092 10085 1
11100 11100 6
16950 16950 53
16951 16951 85
113 8303 1
16952 16952 495
11167 3620 2
5198 4791 2
4888 4888 277
16953 19618 1
3326 11176 1
11745 11745 238
16766 19618 1
11235 11235 9
7343 19618 3
16954 19618 1
16406 19618 2
10787 19618 1
6922 10496 1
2353 16322 1
5350 2133 1
1255 1255 91
15227 15227 507
2722 3125 1
11318 19618 43
8463 8463 129
1060 3025 4
12450 19618 1
16955 19618 1
4361 19618 1
10429 1770 1
12734 12734 614
9087 10155 1
4665 19618 18
15038 18129 1
6837 16549 1
13577 14256 1
1428 15077 1
11709 11709 1
9061 8218 1
16777 19618 1
130 17848 1
666 13232 1
11444 11444 996
929 929 8778
1622 15857 1
5419 8272 3
5718 5718 964
16868 19618 5
5036 19618 3
16956 16956 351
14051 19618 5
1333 4387 1
15938 15938 20
16957 16957 9
3585 5084 3
904 11761 2
16958 19618 2
16959 19618 1
13459 13459 159
14505 19618 3
16283 16283 8
3369 3369 23
15940 15940 196
3520 10088 1
16960 19618 2
2689 15345 1
16961 16961 71
16962 19618 1
5564 6637 2
9680 19618 61
16963 16963 37
5786 5786 129
13968 16750 1
16964 19618 1
14492 19618 1
16965 10622 1
15908 19618 1
8037 12170 2
7805 7805 954
11202 19618 1
929 19618 196
12396 6854 1
12180 19618 2
702 14145 1
259 6323 3
16966 19618 1
16967 16967 15
14433 19618 14
13674 13674 1152
7625 19618 2
2120 2120 6
9875 6449 2
9770 2007 1
12668 16378 1
3839 15372 1
16968 19618 1
4138 19618 8
16969 14680 1
510 19618 2
11563 4179 1
2488 5075 1
16970 19618 3
8899 8899 10
11010 19618 5
1557 1557 1660
4202 10484 3
4078 4078 16
14740 14740 3
16971 19618 1
16972 16972 8
3816 19618 120
559 19618 7
293 293 13182
10373 19618 9
1682 19618 3
16973 19618 2
16974 19618 1
16975 19618 1
10570 10570 122
4461 3026 1
13975 16910 1
16976 16976 36
14426 19618 1
10876 10876 6
10860 8757 1
345 7834 1
16977 19618 21
11701 19618 4
2966 2966 16
3515 13708 1
11486 19618 1
9862 19618 9
16978 16978 2
1357 13507 1
14186 19618 1
11706 14413 1
5761 19229 1
7894 994 1
16979 19618 22
4097 5071 1
621 19618 2703
4291 4291 3588
2850 19618 2
8655 8655 75
4308 19618 37
16980 19618 4
14619 14619 52
10327 19618 4
359 2836 2
13988 19618 1
1190 19618 1
3215 13025 6
16981 16981 111
7595 2115 1
15380 19618 23
16982 19618 1
1748 4657 1
13158 19008 1
130 12784 1
16983 3029 1
10439 17925 1
261 10803 2
16984 16984 8
4630 18042 5
3093 19618 38
7265 34 1
16985 19618 1
16986 16986 6
16987 16987 235
392 15646 1
6228 13617 1
9988 15131 2
16988 19618 1
7037 7037 1626
5788 19618 11
539 2236 1
3570 3570 9337
1784 12927 15
183 15149 1
15473 15473 114
5106 5106 499
1503 15391 1
16989 16989 86
11756 5458 1
3782 12015 2
4007 4007 16
16990 16990 94
16991 16991 112
15758 19618 7
16992 19618 1
16993 19618 1
8817 3327 1
16086 19618 2
5977 5977 4
4028 13990 1
5702 5702 233
15661 19618 1
322 19618 27
6202 14207 1
1642 1642 965
12069 12069 10
3769 3769 3
2211 1858 1
2432 2432 114
13802 19618 3
2797 2797 2183
7325 16731 1
8659 19618 8
16994 19618 1
2229 10150 2
13966 13966 57
15204 15204 27
1504 2221 2
16995 19318 1
16996 19618 1
16997 19618 1
16998 19618 1
3873 3873 54
16999 16999 143
1670 19618 14
17000 19618 1
2188 14325 2
9988 9988 1392
4462 5705 8
5553 19618 1
4191 11077 4
17001 19618 1
10727 10727 12
2822 7202 2
2678 2678 14
2777 19618 1
5206 5822 1
14425 19618 2
13927 13927 277
1617 1617 105
8945 12300 1
764 764 245
2508 19296 4
5775 5775 478
17002 17002 27
4257 4257 393
11149 19618 7
9595 17931 1
4893 19618 4
3816 7382 1
5549 19618 2
17003 17003 29
12003 13200 1
6410 6410 153
14146 14146 117
871 18289 3
10956 4493 1
11971 19618 1
4181 11893 1
5915 18518 1
17004 19618 1
17005 4993 1
17006 19618 2
17007 19618 1
71 12095 4
17008 19618 7
3917 19618 47
9601 19618 2
3004 19618 28
4345 4345 2446
9773 10594 1
5016 19618 73
17009 17009 51
486 12875 2
5513 8713 1
6352 19618 3
7253 19618 1
17010 19618 2
17011 19618 1
13297 12443 1
794 104 2
13912 9482 1
16029 16029 63
3118 19618 29
17012 19618 1
17013 6939 1
3883 16090 1
17014 17014 128
719 719 24
17015 19618 1
1926 10892 1
1049 1389 1
1483 4303 1
9460 19618 22
1153 3184 1
7673 1370 1
3892 18322 1
413 413 216
17016 17016 60
14450 19618 7
6164 19618 13
16612 16612 601
12879 12879 78
4224 18300 1
7367 18350 2
10764 19618 3
3804 3804 173
17017 19618 1
17018 19618 5
15324 19618 1
7018 7018 2
4842 11258 1
16858 16858 3
2383 2383 1894
17019 17019 20
3882 19618 54
1008 2264 1
6101 13581 2
1536 15072 1
3687 19618 2
3068 19618 47
17020 17020 68
13791 348 1
1171 4128 1
1428 19618 1192
1523 17907 1
17021 17021 12
2453 8029 1
1954 14615 1
17022 19618 1
3606 4214 1
13316 13316 285
1200 1200 17
15138 19618 6
777 19618 4
1701 9975 1
1578 1578 9
16892 16892 33
17023 19618 1
17024 11947 1
15668 15668 19
10667 10667 259
837 3959 5
9147 19618 85
7546 7546 94
1698 3196 6
17025 17025 50
12820 12820 3
58 19618 29
515 3417 1
4328 2550 1
5163 5163 49
1898 19618 144
16705 16705 58
4179 4179 522
7229 19618 2
16660 16660 47
15515 19618 1
14235 14235 135
17026 19618 4
4876 4876 53
10667 15 1
15269 19618 2
1416 1416 911
17027 17027 21
17028 10662 1
884 8316 1
14446 10691 1
13710 19618 9
7249 7249 27
3374 3374 119
17029 19618 1
17030 19618 1
12379 11703 1
1893 19618 9
1342 3624 2
995 6916 2
13792 13792 364
10869 19618 1
17031 19618 27
10596 9584 1
5091 5091 204
14517 18198 1
15000 19618 1
17032 19618 4
10973 11837 3
17033 19618 1
16381 19618 4
17034 17034 44
6770 9921 1
1079 6135 1
15866 15866 12
17035 17035 34
441 2342 1
17036 19618 1
13931 19618 5
6539 19618 8
9402 9402 34
9639 19618 1
3381 19618 29
14885 14885 202
10024 19618 5
10735 10735 8
6110 19618 1
1170 15818 2
17037 19618 1
15958 15958 454
16455 16455 2
9074 9074 2035
2175 2175 20587
1389 1220 2
9772 9772 15
6818 17079 1
4243 8153 1
17038 19618 1
17039 19618 1
17040 19618 1
6761 280 1
13605 13605 191
7323 6666 1
2630 2630 13023
14531 19618 1
13840 2924 2
17041 19618 2
9367 372 2
6127 6127 65
3743 3743 18
17042 19618 2
3412 19618 1
10521 13073 1
5407 19618 18
6039 19618 19
17043 17043 34
10611 6698 1
705 5922 1
5322 15806 3
11596 11596 50
4603 9929 1
17044 19618 13
5673 6838 1
706 706 220
4857 4857 2043
5126 19618 2
5924 19618 31
17045 17045 659
16480 19618 1
15584 19618 1
5504 19618 13
5162 5162 48
17046 19618 1
14635 14635 12
2228 8960 1
3834 14834 1
17047 19618 3
17048 19618 1
7308 3641 1
17049 17049 26
13188 19618 6
17050 17050 12
14777 14777 6
140 140 911
3693 3693 3
5302 19618 2
17051 19618 4
155 15656 9
3619 13822 3
13240 9628 1
10572 19618 5
83 19618 1
641 2728 1
4101 6499 2
17052 17052 68
14271 14271 299
13640 19618 7
8958 14093 1
10270 19618 4
17053 19618 1
11820 11820 105
9341 9341 1211
8629 12878 2
5133 19257 1
13385 13385 3
17054 17054 2
17055 19618 1
12817 19618 2
16306 1130 1
5463 17281 1
16757 19618 1
14578 14578 8
3691 3691 6
17056 17056 4
17057 19618 1
17058 12630 1
14301 19618 3
621 12886 2
3217 15494 1
16713 19618 6
16621 16621 210
5203 14606 1
3218 14924 3
17059 19618 2
1654 12735 4
3746 17681 1
17060 17060 76
5654 258 1
8965 10295 1
17061 19618 12
10227 19618 6
2930 14711 1
17062 19618 2
1452 1452 10453
3922 5168 1
5566 5566 1303
16832 19618 1
17063 19618 1
4010 4010 2068
4504 10169 1
276 276 26
16057 19618 3
15551 19618 1
12524 19618 4
493 19618 1
7980 3979 3
17064 19618 3
5191 14558 1
3022 19618 124
6462 11739 1
15426 15426 37
15234 4848 1
4722 9382 1
5313 17842 1
17065 19618 1
6141 6141 364
17066 17066 9
1340 1340 2641
12920 12920 16
17067 19618 1
1106 14896 1
3170 5052 2
13082 13082 34
14042 8284 1
17068 17068 686
17069 19618 1
1384 19618 52
4047 7057 3
17070 19618 1
1577 7587 2
829 4325 14
3299 3299 9783
1944 9970 1
8796 12469 1
12175 14311 1
17071 19618 4
7725 7725 835
11578 19618 1
16322 16322 247
12056 8488 1
1359 3868 3
1146 4162 1
17072 19618 1
6690 4474 1
13733 2785 1
1537 19618 1
17073 17073 383
11894 18290 1
12168 19618 6
15524 15524 387
2921 1211 1
2367 5519 1
13124 13124 52
3776 3776 4405
13192 13192 1
6186 1080 1
4791 3310 1
13895 13457 1
15690 19618 97
17074 19618 4
17075 17075 102
17076 17076 7
6323 19618 3
13768 19618 1
1829 2458 1
11406 1661 1
17077 19618 1
16511 16511 45
9859 5612 1
2244 7868 1
17078 19618 1
3921 5818 1
7011 15381 1
17079 17079 2
6350 18934 1
10311 19618 1
2666 2513 2
3570 14810 3
3341 19618 2
16316 19618 1
291 5825 1
16157 16157 47
17080 19618 2
10962 10962 977
3065 11863 1
16124 19618 1
1809 461 1
11517 19618 1
155 16491 1
14842 613 1
735 17903 1
17081 19618 3
17082 19618 1
1303 19618 8
16833 19618 2
4784 13698 1
9122 19618 6
3484 7826 1
9232 19618 7
6603 15107 1
16481 16481 6
5705 19618 42
5566 15091 1
2568 19618 15
5474 19618 1
11571 11571 334
17083 19618 1
16878 16878 64
2543 16578 1
5602 19618 33
4933 9198 1
17084 19618 2
1122 1870 9
16043 13123 1
17085 19618 1
9539 9539 2
410 410 3
17086 17086 247
11949 11949 586
16390 19618 1
12638 12638 215
2341 1886 1
2537 8283 3
1502 14270 1
3578 4765 5
1142 7946 2
14463 14463 8
17087 17087 13
13998 19618 1
3858 3858 101
16252 1100 1
7156 10867 1
17088 19618 1
17089 19618 1
17090 8508 1
166 166 27698
539 17138 57
17091 17091 14
2330 2167 1
2431 19618 1
16818 16818 110
9392 15132 1
621 4519 2
16680 19618 4
2620 19618 1
17092 17092 233
17093 17093 68
1654 7228 1
7827 8183 1
7407 19618 6
16238 19618 8
13632 19618 10
331 16761 3
8983 6548 1
7810 19618 4
16655 16655 3
6126 19618 1
383 7333 1
10604 17950 2
4850 4850 1328
13712 19618 1
12305 19618 1
7363 12112 1
3022 9813 1
1111 19618 27
615 17193 2
12959 12959 8
2988 4554 3
5685 4101 1
790 461 5
2434 393 1
17094 19618 2
7226 19618 81
3056 3630 1
17095 17095 21
8076 8076 2
970 970 12260
15259 19618 2
3071 5835 4
10749 10749 120
11868 16868 1
13400 13400 41
14128 14128 88
17096 19618 2
5381 250 1
17097 19618 1
1452 7364 2
16674 3033 1
365 14603 1
11424 9742 1
14790 19618 1
12765 19618 2
12479 19618 4
17098 19618 5
6305 14399 2
590 19618 7
17099 17099 2
4847 4847 6309
2556 11075 3
17100 17100 100
10030 10030 7
6586 8330 1
6304 11352 1
6409 713 1
2537 22 4
2942 305 1
1311 11040 2
398 1641 1
6284 6284 580
5203 19618 74
8599 8599 9
17101 17101 166
6508 19618 39
7257 5264 1
3643 3643 1196
4587 19618 20
703 12218 3
4939 19618 1
409 3028 1
10697 10697 216
11716 11716 150
2114 171 2
13676 9020 1
10510 19618 3
17102 19618 1
3520 17560 1
11178 9237 3
9323 19618 1
1572 1179 4
705 17493 1
17103 19618 1
2537 11098 3
10418 9037 1
16080 19618 1
4385 19618 6
17104 17104 4
2576 19618 1
663 19618 3
7917 1737 1
10530 4122 1
17105 19618 2
317 2857 6
4099 19618 2
13060 15827 1
3023 4812 2
4098 8126 4
5843 3469 1
484 12442 1
15203 385 1
9353 9353 16
15698 19618 1
8785 8785 15
17106 17106 19
14489 1397 1
3667 3667 120
948 18491 1
17107 19618 1
1280 15184 1
17108 17108 14
13557 6082 1
17109 19618 1
6794 19618 24
10179 13083 1
11577 19618 16
12955 12955 12
12404 19618 1
3533 1019 1
17110 19618 1
5417 10986 2
2320 17520 5
377 376 4
2906 9851 1
12022 12057 1
1595 1595 10
863 19618 69
647 5098 2
14372 19618 1
273 8889 1
17111 19618 1
17112 17112 7
251 11338 1
13874 15074 1
5971 5971 4043
10700 10700 845
6445 6445 2405
8206 19618 2
270 3955 2
1609 15657 1
17113 19618 1
15833 15833 355
16566 16566 288
6320 4251 1
14318 19618 1
11590 6103 1
17114 17114 6
3073 4172 1
17115 19618 1
11684 19618 1
17116 19618 1
1655 1655 14
4683 4683 244
9475 13385 1
4084 16681 1
17117 17117 9
3466 19593 4
7213 5296 1
11933 19618 1
4304 2928 1
15511 19618 1
10866 19618 1
9237 2298 1
6065 19618 1
603 17896 1
17118 19618 1
1239 19547 2
10915 9762 1
14829 14829 888
17119 17119 4
1866 12750 1
17120 17120 48
15017 15017 4
2352 19618 45
17121 19618 2
3105 3105 425
10900 4027 3
17122 17122 92
1761 4279 1
17123 19618 1
17124 19618 1
3992 10309 1
17125 17125 1
17126 19618 1
7468 19618 2
791 1617 4
6262 9241 1
1170 4214 2
4339 19618 70
17127 17127 53
2387 10599 1
241 2605 2
10487 19618 2
2804 4233 5
11980 7114 1
17128 17128 72
676 19618 150
13068 13068 150
8193 19618 4
17129 19618 1
13110 19618 1
502 502 27250
17130 17130 31
17131 19618 4
17132 17132 20
17133 17133 32
14354 14354 58
9113 14504 1
17134 19618 10
7340 7340 436
17135 19618 3
15362 15362 24
17136 19618 2
3337 3337 1143
9259 12508 1
6265 16008 1
2009 19618 119
9236 2232 1
12251 19618 4
17137 19618 1
7180 7180 2151
17138 19618 57
17139 17139 2
1714 10589 3
14009 777 2
6326 2194 1
2902 9604 1
6768 19618 23
1954 17619 1
16997 16997 12
17140 19618 1
1597 7172 1
10947 10947 12
3008 16908 1
8684 19616 2
1031 8710 1
7606 2715 1
9784 19618 2
17141 19618 4
181 12879 2
2324 2324 3773
3690 19618 1
6690 17463 1
4110 4983 3
452 19618 6
4125 19618 6
4432 19354 1
16116 16116 86
13311 13311 25
1148 19618 130
1222 1222 8478
171 18570 13
950 950 24
6123 19618 4
3291 19618 1
3089 19618 1
6982 19618 1
8842 3104 3
15265 19618 1
1293 19618 277
16828 19618 1
13678 19618 2
17142 17142 43
16440 16440 40
15479 19618 26
17143 19618 2
17144 19618 3
8883 19618 24
15775 19618 3
296 5024 2
7784 19618 4
8250 10616 1
17145 19618 1
2955 5028 1
2320 13897 1
6757 1241 1
15628 19618 4
12974 12012 1
14535 14535 34
13545 19618 5
11074 11074 1844
7098 304 1
17146 19618 1
12085 12085 58
8622 19618 157
11500 6792 2
2630 12710 1
17147 19618 1
16520 16520 47
10074 5164 1
4072 19618 5
2818 16176 1
1104 8979 1
4972 19618 207
222 222 3045
16864 19618 1
10645 10645 27
171 7537 11
8428 31 1
3153 19618 24
11322 19618 1
9309 19618 46
2886 19618 1
17148 19618 1
638 638 18
16377 16377 19
17149 17149 45
6908 10870 1
17150 19618 1
147 6204 1
16164 16164 8
4847 2307 4
5752 5752 323
2032 2032 24647
17151 19618 1
1093 1093 2625
11524 19618 4
17152 19618 1
10119 19618 10
1280 13164 1
13117 13117 17
17153 17153 6
10958 17686 1
1316 1316 141
17154 17154 1
13212 13212 1
4838 4838 70
1504 2809 1
17155 17155 8
17156 17156 65
7265 13038 1
7653 11519 1
13361 19618 6
1454 10406 1
2643 9153 1
4600 19618 61
4519 10873 1
15794 15794 471
13674 1600 1
9171 9171 126
11082 3625 1
10615 589 1
15624 19618 1
17157 19618 1
12914 12914 6
5679 4861 1
17158 19618 1
16072 19618 1
17159 17159 7
11805 11256 1
832 8604 1
8120 13954 1
6361 7712 2
17160 19618 2
1587 1587 64
12425 19618 7
8445 8445 25
13083 13083 3
1769 19618 5
14454 14454 58
17161 19618 1
2916 11818 1
1931 2658 2
8845 8845 559
8292 11540 1
17162 17162 11
12929 12929 209
15763 4913 1
6102 19618 44
2813 13615 1
17163 19618 1
1843 11269 1
15942 19618 2
12323 12780 1
3467 4216 4
16031 16031 7
17164 17164 56
12755 12755 66
1649 15648 2
17165 19618 1
298 17521 1
7692 19618 1
17166 19618 1
6892 5725 1
5917 19618 21
6923 19618 1
1245 584 4
16435 19618 2
3373 15516 8
4603 4137 2
17167 19618 1
1707 1707 72673
1881 1881 2024
17030 17030 59
3444 19618 15
15380 8563 1
13245 19618 1
17168 19618 1
6825 15504 1
17169 19618 1
16348 16348 85
10128 10128 6
17170 19618 1
17171 19618 1
187 6616 3
31 2248 1
14290 19618 1
2988 1176 3
17172 17172 12
10594 10594 8
1243 14329 1
4020 18183 1
3187 12056 3
9977 9977 45
735 15117 1
8027 8027 356
6124 6124 173
3782 13349 1
17173 19618 1
4049 1077 2
17174 19618 2
1720 6226 2
2005 12674 1
1388 17260 1
5886 17354 1
26 19618 76
9152 19618 70
17175 19618 1
17176 19618 2
8201 19618 1
17177 19618 1
12565 12565 225
17178 19618 1
3323 15338 1
16261 13521 1
10140 13950 1
13409 19618 1
8733 9090 1
16399 19618 1
15152 12236 1
8145 14268 1
17179 19618 1
17180 19618 1
249 11903 1
781 6672 1
6038 19618 3
13014 13014 418
17181 19618 1
7519 19618 134
1450 19562 1
11426 11261 4
1216 15438 1
16141 19618 3
17182 19618 1
6544 19618 1
618 15510 1
7147 13101 1
9605 9605 1796
11563 19618 77
17183 17183 24
17184 19618 2
11705 19618 2
2763 19618 2
10662 19618 7
9074 15945 1
11984 19618 1
14074 17813 1
16903 19618 4
17185 13630 1
2161 8700 2
3403 15648 1
17186 17186 39
17187 1328 1
8807 19618 1
8536 19618 5
5069 5069 165
7389 19618 1
12446 12446 52
10333 10333 9
16092 16095 1
17188 17188 1118
1672 1672 2188
16949 19618 2
7422 5581 1
17189 19618 2
2036 17866 1
6153 19618 8
6138 15626 1
1067 2904 1
17190 17190 48
371 19618 5
10484 19618 32
15886 15886 18
17191 19618 7
1828 1828 9532
14363 14363 299
8579 10961 1
634 17759 4
5300 18644 1
17192 19618 1
11522 19618 2
1148 13182 1
17193 17193 117
1677 17389 4
15211 19618 1
12167 5184 1
2672 19618 14
6781 19133 2
15587 19618 1
17194 17194 21
7213 7213 5079
755 16951 1
17195 17195 149
8780 11708 1
16010 4845 1
3196 3196 866
15847 15847 15
7145 7145 390
8010 8010 429
2255 11840 4
3816 6034 3
11169 19618 6
14399 14399 136
14545 14545 4
1773 19618 218
17196 17196 79
11270 19618 35
14180 19618 2
17197 19618 3
621 10486 1
10414 10414 223
17198 17198 30
13298 13958 1
17199 17199 22
13813 13813 538
14765 19618 4
17200 17200 15
8762 8762 21
12558 12558 229
3254 19618 2
3570 15628 4
1458 11829 1
10965 19618 27
1322 19618 115
12573 19618 1
390 390 2639
8549 8549 9
17201 17201 320
17202 19618 1
5746 12393 1
809 7293 3
17203 19618 1
7947 17945 1
12492 12492 140
17204 17204 36
17205 10725 1
406 9652 10
17206 17206 91
4437 12100 1
12035 2978 1
6197 711 1
1853 5469 1
4374 930 1
2727 18593 1
17207 17207 46
13353 19618 1
13700 13700 215
3366 19177 1
17208 17208 7
17209 17209 35
13592 8724 1
5607 19379 1
11014 11014 5
11810 19618 2
15104 15104 6
9705 16062 1
17210 17210 52
17211 19618 4
14266 19618 1
4813 19618 1
1781 19618 1
13201 15318 1
15836 15836 187
312 7643 2
16549 19618 1
13995 19618 5
12961 19618 3
15464 15464 30
9496 9496 299
17212 19618 1
13234 19618 30
5696 9043 1
17213 19618 1
17214 19618 3
2097 19618 11
10313 2200 1
6457 4764 1
4347 4347 113
17215 17215 24
17216 17216 13
10938 10938 28
1863 19618 23
14157 14157 45
17217 19618 1
5116 19618 25
16774 19618 1
17218 19618 1
17219 17219 57
17220 17220 163
6759 14795 1
2098 19618 17
17221 19618 11
6032 6032 10
11872 11872 34
2208 8918 1
4485 18131 1
9885 9885 9800
5446 12124 5
10062 10062 17
3275 17555 2
10534 19618 4
9823 19618 1
900 11605 1
1004 1004 2204
9253 9253 2211
4920 19618 2
621 3898 1
7227 7227 447
17222 19618 1
17223 19618 1
14369 15541 1
899 899 152
1225 4130 2
3564 1590 2
12746 12746 7
9468 6001 1
12673 19618 1
17224 19618 1
17225 17225 45
9720 6129 1
7656 7656 36
17226 17226 188
4603 6421 1
5217 5217 393
17227 19618 1
1436 9898 1
11508 11508 328
13958 2447 1
4572 4572 350
10626 10626 3
17228 19618 1
9391 14623 1
6035 9999 1
2560 15602 1
16005 16005 16
8363 8363 37
13533 19618 1
2212 344 2
12298 325 1
17229 19618 4
13313 16160 1
12469 19618 11
9113 1594 1
331 10456 1
4334 17847 1
17230 19618 1
4180 4180 556
17231 17231 7
17232 17232 2
8981 6554 1
2482 5927 1
1738 1738 2498
17233 17233 10
2839 12512 1
17234 19618 1
17235 17235 34
11682 3748 1
753 1188 1
15463 19618 29
5433 9197 1
9140 5721 1
17093 19618 1
17236 8537 1
3688 3688 135
615 8839 2
10561 19618 2
12726 19618 2
4414 10036 1
17237 19618 1
7474 16652 1
4287 9805 1
16736 16736 15
51 9145 1
8746 17170 1
4916 4916 94
7050 876 1
17238 19618 2
3457 14690 1
8344 19618 2
375 5602 2
10721 10721 19
17239 19618 2
13646 16315 1
1667 1667 88
1570 18558 1
3217 10422 2
517 19618 4
148 7373 3
2128 19618 3
6771 19618 1
3467 6817 1
17020 19618 2
7328 2645 1
14124 14124 11
1082 13366 1
5739 5739 2428
2808 19618 17
7557 8232 1
17240 19618 2
17026 17026 116
17241 17241 13
17242 19618 1
17243 1115 1
17244 16802 1
17245 17245 10
3048 16455 1
5204 9783 1
3926 19618 34
16873 17065 1
4109 13486 1
3385 7428 4
3948 3948 67
17246 17246 27
312 15883 2
170 13717 1
14875 14875 22
9988 13287 2
5390 122 1
6468 15276 1
12215 19618 1
1866 24 1
9654 9654 35
17247 19618 1
2661 2661 1019
5902 6559 1
292 292 13
8726 5962 3
17248 19618 6
15230 19618 1
13595 13595 128
5850 15696 1
9998 17284 1
15907 15907 9
9114 19618 2
2822 8665 4
2930 2930 3676
17249 19618 1
9095 4754 1
6074 6074 40
13298 13298 840
17250 19618 1
16974 16974 1
8416 986 1
6901 6901 6
17251 7071 1
16677 19618 2
2490 18494 1
3118 3118 1340
322 8948 1
11420 19618 1
8561 8561 244
17252 17252 183
655 655 68
13521 19618 1
13138 18710 1
3458 19618 1
17253 17253 3
15476 19618 6
17254 17254 12
2926 11879 1
896 3122 1
2236 2236 5
3236 9928 3
2135 10089 1
2106 19618 1
2029 2029 845
1293 8649 2
12372 18394 1
10999 10999 1
13591 14962 1
4497 13526 1
1029 701 1
16492 14118 1
8588 7716 1
12400 8026 1
12135 12135 29
1390 19618 1
13520 13520 17
10939 6052 1
15214 15214 1
844 18225 1
7431 8886 1
14177 14177 419
7404 8877 1
9519 19618 214
17255 19618 2
9478 5511 1
7540 7540 3103
7226 15702 1
16909 19618 1
5993 19618 77
10210 19618 5
5582 19618 8
5917 3115 1
14347 14347 24
14071 15163 1
8862 8862 3
15951 19618 2
14273 14273 1
2967 12932 1
499 499 331
5094 5604 1
17256 19618 1
2132 8020 1
11076 11054 1
1372 10221 5
12280 19618 6
17257 19618 8
17258 17258 32
10531 13237 1
13344 19618 5
5795 5795 19
17259 17259 2
13691 3458 1
16199 16199 9
1361 18639 1
7318 19618 18
4468 18248 1
6203 19618 2
8339 19618 2
17260 19618 1
8794 13570 1
6947 5080 1
68 16443 3
17261 17261 4
16932 16932 5
10580 6384 1
7772 8322 1
131 131 3
17262 17262 73
297 8163 1
507 2270 3
16473 16473 42
17263 17263 274
218 7412 3
7255 19618 1
11962 11962 855
616 616 13
8227 1137 1
14352 19618 1
204 204 735
9723 19618 3
12083 12083 8
17263 14750 1
17264 17264 112
10365 19618 7
17265 17265 17
1347 5901 1
17266 19618 1
17267 19618 1
3891 3874 1
992 19618 27
5627 17554 1
10048 10048 691
5673 9721 1
13437 19618 26
4462 8200 1
17268 17268 61
5033 8540 1
3196 6781 2
17269 19618 5
6197 19433 1
16429 16429 9
107 2700 1
17270 19618 1
17271 19618 6
11836 11836 205
17272 19618 2
4675 4675 292
1726 5572 5
13663 19618 1
5316 2055 1
16030 16030 10
11377 19618 3
2022 2022 4325
8743 19618 1
17273 19618 1
11124 19618 1
2804 1117 1
2893 2893 8
3964 15836 2
5640 5640 127
17274 17274 14
3576 19618 10
3413 19618 1
1961 19618 1
10939 11716 1
5570 5570 3
16714 16714 13
11887 19618 1
3794 19618 197
9694 19618 4
16425 16425 565
1045 17408 1
13329 13329 78
3427 7870 1
2610 2315 1
13332 13299 1
34 19618 1
9340 19618 7
9392 17384 1
2218 14621 1
2454 19618 378
17275 19618 2
11911 11911 78
17276 17276 7
6466 6466 175
14285 19618 1
7540 4103 1
16738 19618 1
17277 17277 43
13075 13075 121
6922 2727 4
3311 7927 1
1082 1082 3163
15169 19618 1
686 15962 3
6305 12478 1
9866 9866 219
17132 19618 1
2566 11682 2
6796 6796 43
12572 17906 2
15491 19618 4
14639 14639 16
9932 19618 1
1854 19618 1
10338 8836 1
8065 19618 3
3288 10242 5
4669 17645 1
1852 4258 1
17278 19618 1
3750 3750 164
11253 19618 1
6638 6638 47
6909 17695 3
17279 17279 10
4401 17800 1
9411 19618 28
17275 17275 86
17280 19618 1
17281 19618 1
7817 19618 1
17282 19618 2
17283 19618 1
4479 18017 1
17284 19618 3
17285 19618 1
2243 19618 24
4694 19618 2
17090 11908 1
17286 19618 1
17287 17287 10
354 8336 2
17288 17288 298
17289 19618 1
17290 12028 1
11088 11088 91
13127 19618 1
2612 2612 4678
17291 17291 693
5337 5337 12
12583 12583 19
13105 13105 28
17292 19618 3
2717 17663 1
6365 6365 2
3422 3422 9
2625 18180 1
6760 19618 24
13300 13300 155
7347 19618 11
3326 3326 879
14850 19618 1
9432 19618 43
17293 17293 9
5385 19618 3
2129 19618 6
5973 9571 1
315 315 46
735 5209 1
355 3392 1
1048 15811 1
17294 19618 1
16590 19618 4
817 7935 1
4019 19618 1
9147 6180 2
8428 18932 1
4168 19618 9
13133 19618 1
3533 13149 1
17295 17295 8
732 1332 1
6591 19618 3
2272 4423 1
14962 14962 48
4317 19618 1
4514 4514 343
10109 10109 80
17296 19618 2
8159 19618 17
868 3340 1
17297 19618 1
10213 16112 1
4368 3571 2
15923 15923 48
17298 17298 25
5113 5113 20
2086 14605 1
17299 17299 161
10569 10569 1074
2227 6410 1
17300 19618 1
1852 18572 1
17301 19618 2
2228 2228 3678
4011 19618 632
17302 19618 3
12023 12023 333
951 19618 16
3565 3565 459
17303 19618 2
1285 13983 2
5993 303 1
4057 4057 2043
1617 19618 6
2009 5147 1
538 9207 2
14125 14125 23
15107 19083 1
17304 17304 11
16175 19618 1
5934 4390 1
17305 3176 1
935 19618 6
17306 17306 222
11885 3549 2
7894 16806 1
5696 15465 1
438 10794 1
5199 8159 1
11329 11329 19
15857 15857 35
318 318 274
12465 12465 22
16432 19618 12
11186 15973 1
14924 11021 1
17307 19618 11
17308 17308 41
17309 19618 1
17310 17310 15
11725 6296 1
4110 18613 2
15384 19618 1
17311 19618 13
6305 7316 6
1850 1850 1
9538 4109 3
14902 19618 1
1876 10847 1
8873 19618 1
16272 16272 636
3363 12559 1
4353 19618 7
9259 2673 2
4223 12025 2
1174 3885 1
10890 19618 1
8324 11581 1
10465 6510 1
3551 10420 1
11894 148 6
17312 19618 1
16396 19618 1
8354 16932 1
10367 19618 1
17313 17313 157
17081 17081 90
10327 9425 1
3726 3726 352
819 819 8
17314 17314 124
17315 19618 1
16486 16486 108
6907 19618 2
4788 6049 1
17316 17316 115
780 1476 2
17317 17317 83
7116 19618 2
15736 15736 6
790 14826 1
9908 9908 8100
3024 13755 1
17318 19618 2
17319 19618 12
1220 17185 1
11639 11639 516
15267 19618 1
17320 19618 5
7621 19101 1
16509 16509 349
7302 19618 7
331 7514 5
9460 1363 1
5914 12053 1
9663 19618 2
15625 15625 11
6763 6763 1029
17321 17321 346
693 7125 1
3023 7091 1
172 19618 1
17322 19618 2
871 135 1
8950 8950 173
17323 17323 38
2322 19472 2
17324 19618 1
13759 1280 1
11526 8310 1
1914 19618 221
16289 16289 9
293 8275 1
14792 14792 1128
3522 3522 61
10086 1993 1
15352 5181 1
8783 8783 241
2688 19618 25
17325 17325 3
11311 11311 18
7233 7233 67
5088 4259 1
7864 19618 4
11610 8513 1
8467 19618 5
12199 19618 15
15490 17524 1
9244 9244 6
17326 19618 1
6116 19618 1
5419 19618 59
17327 19618 1
6889 6889 157
5372 7677 1
17328 19618 1
3385 19618 535
17329 19618 5
16 16 51
4157 4157 161
17330 19618 6
1216 1427 2
12493 12493 23
5466 5466 40
5529 19618 17
16083 16083 30
8791 19618 1
2996 10952 4
9047 9047 1998
12886 15956 1
17331 19618 1
14233 19618 5
17332 19618 5
464 18902 1
250 9124 1
14347 17572 1
5077 5077 284
5665 5665 194
17064 5180 1
8024 19618 1
3488 14281 1
705 16301 3
17333 17333 173
13398 7883 2
17334 19618 4
6320 13053 1
778 19618 862
17335 17335 29
17336 17336 4
17337 19618 3
17338 19618 1
8014 17744 1
12095 6866 1
6529 6529 2550
5108 5108 711
5220 5220 368
17339 17339 286
17340 19618 6
17341 19618 2
14771 19618 2
17342 19618 1
1939 9593 1
13999 15198 1
17343 17343 2150
8774 19618 2
11015 19618 4
6571 6571 3302
11548 5174 1
17344 17344 26
2653 17599 1
2812 16385 1
17345 17345 68
13711 13711 158
4297 163 2
114 19618 53
8609 965 1
7805 7398 1
5198 5198 3642
5894 5894 8
14142 155 1
5016 998 4
14583 19618 1
10828 19618 12
17346 19618 1
14771 14771 139
2988 1242 1
13884 19618 1
12219 19618 1
11575 11575 403
16562 19618 3
14019 19618 5
12873 13555 2
12428 12428 283
17347 17347 17
10796 19618 58
1898 16703 1
15573 15573 2
2009 14512 1
15085 5506 1
9859 11427 1
9886 19618 3
16359 6820 1
5660 5660 5398
17348 17348 4
17349 19058 1
17350 19618 1
17351 19618 2
15784 19618 3
565 18961 1
16784 19618 2
17352 19618 1
7518 19618 2
4131 5675 1
2132 19618 244
15064 19618 1
17353 19618 2
7465 7465 21
5033 15147 1
17354 19618 2
5286 5286 27
5129 5129 50
2758 3268 3
15957 15957 290
17355 17355 48
2196 16625 1
17203 17203 27
17356 19618 1
17357 19618 2
14028 19618 3
17358 19618 2
7815 19618 2
832 3228 5
3566 3566 6413
543 1505 1
17359 17359 70
17360 19618 1
8834 15892 1
391 809 3
7707 7707 7
3063 19618 8
2804 8485 1
17361 17361 2
4439 10023 2
2795 2795 412
16076 16076 6
10281 10281 8
14585 19618 11
13594 2783 1
10407 19618 15
13481 474 1
12474 12474 1703
8137 8137 228
889 889 106
15592 19618 1
2332 6014 1
6242 11420 1
15075 19618 1
6350 17559 1
7243 7243 44
5716 5716 48
14965 19618 1
2179 2179 15
5649 5649 65
16129 19618 4
8817 19618 5
109 1681 1
6610 17137 1
16961 19618 2
5442 5442 168
5873 5873 22
17362 19618 3
15879 15879 19
11941 7450 1
9872 19618 1
10352 10352 129
1331 10896 1
4957 9304 1
8837 19618 8
1305 1305 314
16644 19618 2
2322 7203 1
14135 14135 2
277 3009 2
6011 19618 12
7527 16043 1
6023 10178 2
12003 12003 271
2727 15980 1
15337 15337 451
9583 11348 1
7378 19618 15
3503 16620 2
7211 9655 2
14668 19618 2
8528 15664 3
17363 19618 3
3177 3177 172
7340 15823 1
17364 15752 1
1060 1060 16481
3889 10006 1
17365 17365 96
16020 4376 1
17366 17366 17
239 239 99
8422 19618 66
4057 19618 40
2749 19618 62
17367 17367 44
17368 19618 2
17231 19618 1
17369 19618 1
10019 6744 2
3015 4581 1
10466 11597 1
7726 19618 24
71 1659 1
882 3131 2
17370 19618 1
3566 17049 1
11295 9442 4
6471 15497 1
2815 2695 2
11675 11675 29
4819 19618 1
9184 19618 1
8421 19536 2
17371 17371 4
16468 19618 1
803 18925 1
14630 14630 25
17372 19618 3
14684 5777 1
17373 17373 3
17374 17374 33
17032 17032 134
4162 19618 6
4768 8674 1
13813 9951 1
14724 19618 1
17375 17375 133
11954 14015 1
1736 1736 31
241 17163 1
607 607 31
12689 19618 1
13280 19618 15
2718 9773 1
13885 17017 1
17376 19618 1
6445 8783 1
372 9185 1
6933 10718 1
12460 19618 1
14038 14038 5
14651 14651 4
14956 14956 224
7561 8286 1
2045 6205 1
3798 3798 807
13767 13767 81
17377 19618 1
1563 19618 55
7614 19618 7
2270 7463 1
8844 19618 71
15810 15810 132
17142 19618 2
17378 19618 1
4352 12036 1
4285 15737 1
751 18515 1
3881 2752 1
14037 19618 16
12628 19618 3
1907 16193 2
9785 2373 1
3882 16891 1
17379 19618 1
17380 19618 2
17381 19618 1
16811 16811 74
1357 19618 5041
17382 19618 1
10438 10438 625
6375 5244 3
5600 5600 18
16604 16604 4
11711 18630 1
17383 19618 1
5732 19618 9
14017 14017 89
10191 19618 1
5434 19618 1
17384 19618 1
10718 19618 33
5657 10121 1
3690 3690 27
14842 19618 22
17385 17385 496
7190 19618 4
1483 9796 1
3442 16754 4
6610 6610 10591
17166 17166 12
17386 19618 1
16135 16135 203
1522 3810 1
17387 19618 1
17388 19618 1
15812 15812 78
14540 13767 1
17389 17389 173
5613 15063 2
17390 17390 100
16901 19618 10
15921 15921 16
8881 19618 1
17391 19618 1
5423 4478 1
168 19080 1
17392 17392 3
6876 4650 10
17393 19618 3
4259 10600 1
1608 19618 4
114 11816 2
8219 8219 406
17394 19618 1
5892 5892 78
17343 14438 2
17395 17395 16
10604 10604 2879
6243 5740 1
17220 19618 3
14382 14382 55
16272 17086 1
7921 2777 1
17396 19618 1
15289 15289 72
1560 16479 2
12740 19618 44
285 7211 1
8562 8562 533
3943 19618 24
17215 19618 2
17397 19618 1
651 19618 1
4957 3422 1
7837 7837 27
17398 17398 9
15529 15529 182
1077 388 1
17399 19618 1
1569 19618 2
13701 13701 78
3571 3571 11159
653 2578 1
12537 19618 2
17400 17400 30
8327 8327 73
3832 11743 1
17401 19618 3
16436 15272 1
16453 19618 1
5937 5937 3678
13060 19618 2
3528 19618 90
1268 1268 1885
11246 11246 99
706 10978 1
7938 13608 1
13267 13267 38
17117 19618 2
4142 4142 56
5094 5094 13065
3861 19618 6
17091 10756 1
14888 14888 5
9535 9535 4
5556 19608 4
15419 15419 268
12258 12258 299
17402 19618 4
218 15287 1
17403 19618 1
648 19618 4281
8848 11143 1
12428 42 1
17404 19618 19
1134 2404 1
6250 4604 1
11179 11179 14
17405 19618 1
15681 15681 768
17406 17406 52
10966 3736 1
8368 19618 1
17139 19618 1
15485 19618 1
4600 3380 1
17407 19618 3
4131 13291 1
17408 14980 3
13476 19618 2
17409 17409 36
17410 17410 15
12122 2120 1
6429 17725 1
13190 19618 7
2903 19618 67
479 11775 1
17411 19618 1
17412 19618 1
10531 8903 1
10399 19618 1
17413 19618 1
3770 19618 6
17414 19618 1
4200 12320 1
2259 12252 1
14865 14865 41
17415 19618 6
15846 2962 1
2718 14496 1
1784 539 14
14514 19618 7
17416 17416 14
9849 9849 97
1306 5990 4
17417 19618 1
16299 19618 1
13835 13835 17
17418 17418 844
7114 17528 1
8402 19618 2
15480 15480 2
563 7661 1
2272 2984 1
4248 12367 3
11188 19618 4
12002 12002 21
16282 19618 4
2139 19618 1
17419 17419 11
2792 2130 1
17420 19618 1
14178 19618 1
15412 15412 115
8884 19618 1
17421 19618 13
12364 19618 1
5673 18293 1
17422 19618 1
9386 14737 3
14524 14524 50
12482 6594 1
15409 15409 322
17423 19618 3
11751 11751 31
2795 19618 11
8417 19618 2
837 6744 1
17424 17424 40
6739 8256 1
17425 19618 4
14667 14667 126
9771 19618 13
438 19618 11
357 8621 1
1770 8980 1
901 3117 1
5860 6225 1
2842 5600 1
109 19618 45
13286 19618 3
3133 11467 4
4462 5911 6
4051 19618 3
17426 19618 1
6125 6125 318
376 18953 6
5372 19618 9
187 187 8609
6712 6649 1
3282 3282 1811
707 19618 6
13334 13334 21
5605 5605 121
2262 2262 1557
7797 7797 3
17427 19618 10
2452 4146 1
3571 19618 267
4337 4337 316
17428 19618 3
1333 4562 2
8332 7386 1
12566 12566 74
17429 19618 1
17371 19618 1
17430 19618 1
6962 15725 3
5556 16423 1
12036 9015 1
6800 7744 1
6714 6714 220
17431 19618 2
330 19559 1
2222 2222 21
17432 9265 1
4814 4814 38
2456 751 3
12753 19618 4
17433 19618 2
13726 6076 1
14833 19618 2
17434 19618 1
9543 19618 30
903 19618 1
7108 19392 1
663 18217 1
16017 16017 35
11295 15965 1
17435 17435 116
9867 17829 1
2525 15822 1
9095 15449 1
621 6479 2
6379 18290 1
17436 19618 1
1679 1679 2540
10211 1066 2
1902 1902 846
314 5417 3
17437 17437 81
17438 19618 2
344 6261 1
17439 19618 1
17440 19618 1
7742 19618 3
2211 11762 1
10966 19618 22
4437 10020 14
17441 17441 81
11002 19618 1
5561 5561 12
17442 19618 2
8794 2722 1
10754 10754 12
15504 14359 1
17443 19618 1
17444 17444 8
17024 17024 4
1017 1017 18833
2661 1932 1
17445 19618 1
17446 19618 3
2913 3567 2
659 5568 3
3361 6528 1
6139 9118 1
4276 19618 3
7950 19618 38
1966 19618 63
17447 17447 6
1821 16448 1
17448 19618 1
354 5639 1
9087 19618 3
13122 19618 10
4458 10243 2
17449 19618 1
16738 16738 20
17450 19618 1
519 5331 1
13237 19618 3
17451 11902 1
17452 19618 1
2568 2574 1
3513 7656 1
2114 687 1
3145 3145 5
15067 1092 1
2265 7417 1
7382 13072 1
17453 19618 1
14527 14527 139
326 326 71
3489 3489 95
7805 3566 1
10695 15993 3
10518 10518 49
13914 13914 18
2957 19618 18
11534 14212 1
7447 9290 1
9568 16288 1
17454 17454 32
2525 2525 2492
858 19618 116
341 19618 9
14842 60 1
12811 19618 9
151 19618 5
17455 17455 17
9152 7602 1
12148 12148 88
12174 12174 5
3370 19618 60
4456 4544 1
17252 19618 8
10260 19618 1
6852 6852 66
1104 8149 2
17456 19618 1
1 12764 1
11131 1986 1
17457 17457 50
17458 19618 1
13851 19618 1
13882 13882 163
1610 7461 1
2320 18675 1
8355 19618 2
17459 19618 3
5770 3137 1
17460 19618 1
1895 16786 1
17461 19618 2
11706 6111 1
10578 10578 35
1096 15946 1
7033 19618 1
17462 17462 23
14868 15538 1
17463 17463 7
8694 8694 18
523 3316 2
3503 7248 4
14172 19618 1
12752 17675 1
16205 16205 42
14820 14820 67
943 10217 2
11244 11244 23
6262 17649 1
17464 17464 334
7883 19618 7
17465 19618 1
1085 19618 461
17466 19618 1
1677 4311 1
16556 19618 1
14920 19618 1
8041 7951 1
12646 12646 657
4671 19618 33
17467 19618 1
11077 11077 380
17468 19618 2
4881 19618 18
409 816 1
13513 13513 41
15952 19618 2
13060 2654 1
7757 14480 1
13234 9255 1
2026 19618 24
261 9448 3
3782 15002 1
3612 18388 2
11718 4488 2
1995 14821 1
17469 19618 12
12325 19618 1
3996 8013 1
16144 19618 3
17470 19618 1
14446 4494 1
17471 17471 70
17472 19618 1
6705 13692 1
130 6351 1
7364 7364 111
648 16371 1
11035 10860 1
647 15152 1
17473 19618 1
11069 19618 5
1770 6882 9
10730 19618 1
3986 3986 1142
6614 7801 1
17474 19618 1
1280 3264 1
1715 19618 103
13582 8760 1
14416 19618 5
241 15729 1
17475 19618 2
1022 12042 6
10181 224 1
17476 17476 1413
7853 19618 17
2257 17869 1
2244 14677 1
2001 19618 1
5353 8380 2
2524 11487 1
3317 3317 2
17477 19618 11
15113 15113 26
2308 2308 9264
17478 19618 6
11225 177 1
2291 19618 2
15442 15442 2
3492 19618 4
8227 16193 1
16523 19618 2
17479 17479 23
261 5742 3
4029 11365 1
16896 16896 80
8132 1428 1
16702 19618 1
787 3414 1
1725 13157 1
17480 2110 2
5481 16608 1
11242 14432 1
1632 2224 4
15093 15093 1
3885 12851 1
6066 844 1
17481 17481 131
7970 7970 227
17482 17482 13
17483 17483 8
10799 13739 1
9924 13294 2
17484 19618 3
7596 4567 1
11093 11093 82
17485 17485 20
11380 11380 2
5574 19618 1
11051 812 1
6760 11569 1
2347 10470 1
17486 19618 1
10465 19618 65
2003 2003 17210
4159 4159 3739
17487 17487 3
4251 16045 1
4437 9656 1
17488 19618 1
13548 19618 3
14983 14983 54
587 19618 3
17489 17489 32
539 9428 1
11040 13727 1
5862 5862 494
4963 4602 2
12967 19618 1
16194 16732 1
6370 7781 1
13434 13434 124
17490 17490 13
6939 6939 48
1119 18740 1
261 6206 1
12432 19618 1
1843 14698 1
3515 14112 1
854 19618 5
14293 19618 2
15772 15772 62
3573 19618 51
17491 17491 17
7247 7247 1649
6420 19618 19
8551 8551 278
16244 19618 3
14961 14961 33
16693 16693 142
2849 1742 1
17492 19618 1
10064 19618 5
9206 7837 1
16206 16206 274
11296 11296 822
1614 18538 2
10184 19618 6
10370 10370 379
9356 9356 297
2072 15665 1
17493 17493 12
17494 19618 36
17495 19618 3
3280 19618 3
6252 6252 250
7086 5332 1
2369 17745 1
10208 19618 18
4156 11726 1
16483 16483 75
1698 980 7
4110 17916 3
11040 10147 1
17496 19618 1
1339 1339 2214
15079 19618 34
3822 3822 46
8172 8172 288
12579 12579 6
17497 19618 2
16284 19618 6
10868 10868 20
14242 7722 1
17498 19618 1
5217 14300 1
17272 17272 32
3878 10754 1
17154 19618 1
2487 3711 3
359 5767 3
16462 16462 971
9118 9118 33
7921 2693 1
15690 590 1
11871 11871 75
15647 19618 1
17499 17499 43
832 10649 3
13291 19618 1
11162 11162 222
9111 9111 53
2925 19618 1
7313 7313 21
5812 5812 180
17021 19618 1
288 14782 1
9587 17475 2
10695 10652 4
1066 18709 1
8008 19618 1
1376 1318 1
14722 11244 1
6882 13346 1
3782 1337 1
5653 5653 1467
3287 12270 21
11127 11127 104
6881 6881 2
2489 2489 334
10729 10729 1349
9572 19618 3
6879 14619 1
13621 13621 6
14077 19618 2
9123 9123 3
720 9788 1
5584 19618 1
1676 8698 1
7398 19618 1
4483 4483 551
14016 14016 434
1362 3116 1
15522 19618 1
17500 17500 55
17185 17185 208
17501 17057 1
14983 10498 1
114 6782 1
9916 19618 1
17502 17502 6
6409 16115 1
17503 19618 1
12412 12412 9
2622 4382 1
15980 19618 3
10957 6210 1
3567 5070 1
8278 9367 1
17504 19618 1
6922 3242 1
5730 7885 1
3173 18194 2
7041 19618 18
10022 19618 1
8380 18979 1
16582 16582 8
9720 12509 1
8852 8852 6728
11199 9385 1
10704 10704 200
1379 1379 16
10059 10059 5
7064 5382 1
3665 2361 2
1004 13454 1
561 3363 3
16554 19618 3
8428 7971 1
16786 19618 1
1322 13989 1
17050 19618 1
10514 19618 2
17505 17505 128
17506 17506 157
802 19618 1
17507 17507 52
5343 2375 1
6003 19618 2
1515 1515 9
17508 11354 1
17509 19618 1
16497 16497 8
247 10337 1
9194 9194 156
6931 10082 1
659 14098 1
377 18361 2
8912 8912 84
735 16625 12
11073 11073 18
8935 8935 5
6983 8751 1
11962 16421 1
17510 19618 2
7021 19618 28
3262 19618 3
5483 17154 1
1561 5694 1
17511 18497 1
6512 19618 2
7068 12741 3
2467 13781 1
355 6880 2
539 13827 1
3586 3586 719
11563 11079 1
17512 17512 22
2240 798 1
1692 13651 1
17513 19618 1
17514 17514 1
11577 9612 1
17515 19618 2
9726 19618 14
17516 19618 16
183 2729 2
631 68 1
113 17812 2
17517 19618 1
4847 14463 1
16852 19618 24
712 6239 1
13187 10115 1
12564 12564 237
11623 6015 1
2804 18109 1
15882 19618 1
16068 16068 8
13600 13600 31
3525 1719 8
14239 14239 1
16810 18836 1
10987 10987 52
9781 9781 91
14036 18144 1
5610 5610 53
3048 3048 1972
17518 19618 1
5032 5032 686
15675 19618 2
4906 17369 1
7999 18323 1
11107 11107 546
687 11202 1
11215 10454 1
11841 15138 1
11724 19618 1
17519 19618 3
12698 19618 5
17520 19618 5
10101 19618 2
17521 19618 1
17522 19618 3
7539 3888 1
15949 13387 1
3603 19618 475
17434 17434 2
3193 170 1
10574 19618 2
183 2613 2
4279 14294 1
1746 19618 20
12184 19618 1
13504 6633 1
13379 6413 1
4230 1575 1
9587 12404 1
17523 19618 1
2617 19618 693
14210 14210 25
1768 15341 1
10126 6976 1
16629 16629 9
6234 19618 2
17524 19618 1
17525 17525 78
14304 19618 16
17238 17238 118
2922 19618 2
14624 14624 185
13615 19618 4
5710 5710 22
10087 10087 1
275 16958 1
106 106 5104
9735 14028 1
17526 19618 1
1119 14612 2
3871 6921 1
5672 12223 1
14412 14412 4
8405 19618 7
3922 548 1
9890 19618 6
5006 14819 1
827 19618 1
9888 9888 13
6044 5110 1
5057 19618 203
1220 11234 1
17527 19618 2
14333 14333 24
16513 16513 1
14551 14551 260
15609 15609 7
4907 18587 1
250 3211 2
5922 11820 1
15348 15348 2
17528 19618 1
17529 17529 9
1679 9486 1
17530 19618 2
17531 19618 13
14460 19618 7
7929 14272 1
5453 7663 1
17236 17236 1204
17532 19618 1
6762 10717 1
7514 19618 30
677 5456 1
443 443 369
1293 1293 10979
17533 17533 137
12866 12866 41
11949 19618 16
17534 19618 1
6846 19618 5
15811 19618 1
2189 17867 1
5031 19618 3
12076 19618 1
88 4485 2
12308 19618 1
13412 19618 4
1427 19618 6
17535 19618 1
6051 19618 609
1099 19353 1
2257 16463 2
4323 18959 1
16789 16789 21
13190 13190 254
13705 19618 2
1220 19330 2
1614 15963 1
17496 17496 29
16585 16585 113
17536 17536 151
6112 19618 1
5915 19618 2
16204 16204 981
15498 15498 40
17537 19618 4
10467 19618 10
340 14710 1
17108 19618 1
7659 7659 223
607 19618 1
16868 16868 157
17538 19618 1
6832 6832 153
17539 19618 1
1170 9476 1
17540 19618 4
15899 15899 197
11784 7260 1
88 9455 1
17541 17541 1
4569 4569 73
2996 3651 1
9200 9200 3642
11728 19618 1
16114 16114 178
17542 17542 14
14415 14415 81
8463 19618 3
14207 19618 1
170 14135 1
17543 19618 1
3871 3871 1179
9761 9761 134
16063 19618 1
8098 4950 1
17544 17544 6
15561 19618 1
17545 19618 4
6580 4384 2
148 12612 1
923 19618 25
7002 19618 1
9545 13136 1
4287 1281 1
16210 5984 1
17315 17315 6
17546 19618 2
17547 19618 1
8050 8050 473
7706 17132 1
8868 12152 2
3528 13085 3
17548 19618 1
234 710 10
1243 13250 1
10986 10986 561
4684 4829 1
17549 17549 299
17550 17550 30
15126 19618 2
17551 17551 2
1588 19618 32
11375 11375 296
7319 19618 18
3795 13184 1
14632 14632 3
1664 2615 3
4914 4914 20
6957 19618 2
11604 19618 1
14396 3915 1
2242 16094 3
17552 19618 1
17186 19618 1
5420 3680 2
5686 19618 12
17553 19618 1
223 19618 210
1809 18734 1
10027 10027 22
17554 19618 1
17555 19618 2
13901 19618 6
13315 8565 1
14331 14331 513
17556 19618 1
1386 19618 36
894 894 159
531 531 15
15338 19618 1
15460 15460 180
16814 19618 5
1632 4883 2
8996 19618 4
17557 19618 7
9666 7194 1
3209 19618 1
2325 9771 1
17558 19618 1
16825 16825 17
9319 6291 1
17559 17559 10
8092 8092 49
2076 4689 3
2130 5314 1
17214 17214 211
17560 19618 1
4492 19618 23
4310 19618 316
4956 8258 1
15168 10819 1
3325 19618 59
6640 12366 1
9231 19618 1
10742 19618 8
6914 16285 1
5370 5370 2
8591 19618 7
17561 4589 2
17472 17472 61
250 18166 19
17562 19618 1
17563 17563 3
16918 16918 198
15602 15602 77
890 2204 8
17151 17151 1
11727 11727 155
17564 19618 15
17565 17565 20
1220 12904 1
14557 19618 8
1086 1086 38
577 10360 1
14947 19618 6
6259 4295 1
3906 3906 566
1502 19618 12
17566 17566 18
15475 19618 2
17567 19618 2
5731 6195 1
13895 17212 1
17568 17568 31
13732 19618 11
1960 16588 1
14179 14179 387
17569 19618 1
7323 15217 1
17570 17570 4
4370 19618 16
3967 5987 1
13560 18892 2
5448 5448 69
12307 13982 1
11040 19618 77
17571 17571 1
17572 17572 6
6413 19618 9
670 15433 6
12165 12165 3
11452 19618 3
17573 19618 1
11873 19618 8
17574 17574 25
12326 19618 1
2454 4707 5
13911 6429 1
3909 9171 1
4558 19618 16
17575 19618 1
9052 361 1
88 10614 2
7785 18389 1
17576 19618 1
431 3334 1
6361 6808 1
6123 6123 233
17209 19618 2
16096 16096 48
9093 9093 3
6627 6627 367
1480 1480 59
8274 19618 1
17577 18879 1
3379 19618 5
17578 19618 1
14116 19618 5
17579 17579 6
16760 19618 1
14060 19618 3
2165 15375 3
76 1069 1
10659 19618 1
2909 19618 17
5044 19618 10
6524 15099 1
15747 19618 2
14647 19618 7
17580 19618 6
17581 17581 44
7284 19618 15
2529 19618 9
11894 72 4
9704 19618 3
11561 11561 17
7510 14899 1
8666 4802 2
11781 11781 127
4384 4822 1
648 11850 1
17582 19618 2
6710 15275 2
7671 18216 1
9354 9354 218
17583 17583 46
13104 19618 5
10013 10013 77
8948 8948 29
17584 11414 1
4350 18737 1
8588 5505 1
11379 15826 1
9919 9919 10
746 14950 3
11050 11050 42
13292 13292 3578
6622 19618 13
2198 1428 4
15574 19618 1
1954 2003 17
6814 6814 2490
17585 19618 1
7664 19618 2
17586 19618 4
407 407 5
17587 17587 66
3354 12516 1
8386 8386 405
612 5428 1
3365 3365 29
2936 19618 4
5159 17409 1
17588 19618 2
2681 648 1
1159 1159 310
17589 17589 8
17590 17590 9
2595 2595 858
16981 19618 3
17591 13212 1
8468 8468 2
1483 3193 2
17592 19618 2
17593 17593 56
3292 17781 1
2477 19618 11
5422 8690 1
1050 7718 1
17594 17594 102
10978 19618 1
17319 14233 1
17595 19618 3
9611 16092 1
6369 6369 2622
17596 17596 16
17597 14403 1
13525 13525 140
17028 17028 548
17598 19618 1
5240 5240 130
2789 7862 3
1147 19618 25
12921 12921 37
17184 17184 34
166 14491 1
17599 17599 112
9997 4446 1
8794 8794 2926
17314 19618 3
309 18243 3
11095 19181 1
8849 8849 58
1154 1154 357
4783 19618 50
390 19618 63
9632 6004 2
17600 19618 1
15519 19618 3
17601 19618 1
5643 19618 10
17602 19618 1
11178 450 2
670 2352 6
17603 19618 1
5809 5809 186
11054 11054 79
16433 19618 1
5971 12409 2
9139 19618 2
9201 19099 1
15312 12213 1
17604 6062 1
809 770 2
13683 13683 6
17605 17605 4
17606 19618 1
13765 10736 1
17607 17607 24
5736 5736 12
13800 19618 8
8275 19618 1
4335 13193 2
17052 19618 3
2007 15724 1
362 362 44
6825 9936 1
16560 19618 1
17608 19618 1
4047 3021 1
9748 9748 42
16816 19618 2
17609 19618 2
17610 19618 1
10960 19618 1
8890 8890 68
6712 6712 5311
4481 12476 1
863 863 2593
7983 19618 6
10681 19618 2
781 19618 16
12021 19618 2
6182 6182 33
15575 3685 1
3352 4378 1
17611 19618 10
8134 15165 1
14569 19618 3
17612 17612 7
5003 19618 4
1114 4241 1
3792 19618 1
6089 12059 1
15634 19618 1
17613 19618 1
17614 17614 386
11079 11079 4
12702 12702 2135
11058 19618 9
6934 19618 1
11425 3584 2
17615 19618 1
4487 19618 1
3572 2478 1
3084 3602 1
17616 19618 1
309 19618 596
6554 19618 1
872 19618 140
17605 19618 1
6949 17911 1
13900 19618 1
17617 17617 183
86 442 5
6837 9667 1
17618 19618 1
17257 17257 273
1725 8201 1
4328 15837 1
1218 19618 822
17376 17376 3
5724 5724 51
3778 3778 27
15898 19618 55
10698 10698 5
6368 17917 1
14878 19618 2
12459 12459 122
11095 14030 1
17619 19618 1
716 11388 1
7211 7211 202
11636 11636 53
15809 19618 2
1677 17750 1
5767 217 3
12603 12603 531
7075 19618 1
17469 17469 497
17620 17620 1
5911 19068 1
4474 19618 5
612 19618 85
2045 3277 1
6053 5731 1
2426 4422 1
5155 4471 2
17621 19618 1
580 580 773
1211 6857 1
4842 4842 337
1358 19618 1
8371 8371 68
7972 17363 3
17622 17622 8
12497 12497 9
7595 4699 1
3616 13290 1
9112 9112 15
17623 17623 939
4642 19245 1
15804 15804 16
7559 18372 1
17525 19618 3
16529 19618 1
11528 11643 2
14234 14234 7
203 1201 1
17624 19618 1
1572 19618 211
17625 19618 2
14955 11629 1
17626 19618 3
14663 19618 8
17627 17627 31
15528 19618 3
466 466 1968
7083 7285 1
8099 8099 21
6090 5163 1
12608 12608 60
17628 19618 2
7975 19618 1
15177 15177 104
17629 19618 1
7281 596 1
17630 10395 1
17631 19618 1
17632 19618 2
2773 13734 4
16921 19618 1
11938 19618 8
5141 5141 438
10459 9944 2
3468 15203 2
2537 14708 1
13425 15939 1
3129 3129 179
2820 5267 1
12341 12361 1
13112 19618 4
16720 16720 40
6529 9947 2
1268 14805 1
7086 19618 55
123 123 3462
7202 6247 3
9583 17321 1
1004 5686 3
17633 19618 6
15688 15688 11
9226 9226 77
14295 14295 6
4213 11772 1
13620 15568 1
1454 14577 1
11133 19618 1
4390 19618 1
12051 18166 1
9655 4193 1
68 19618 266
10183 17 1
12565 19618 6
3405 19618 18
11218 11218 865
7800 19618 1
4943 3924 9
17634 10833 1
12797 12797 68
2923 2923 857
5876 5876 2110
17635 19618 2
17636 19618 8
8726 8726 3369
17365 19618 2
11991 11991 38
4435 12683 3
17201 19618 11
2277 19618 126
1722 8585 1
9196 19618 1
17637 19618 3
2496 19618 174
2029 12088 1
1439 14061 1
11868 649 1
107 8865 4
17638 19618 3
2511 13854 1
12688 19618 4
11067 19618 6
11980 4112 1
3837 19618 1
17639 17639 14
12555 17228 1
3913 3248 3
17640 19618 1
17641 19618 1
14109 19618 5
6839 19618 1
7207 7207 1100
2630 17564 1
2991 16046 1
13490 19618 13
8440 6697 2
6546 3741 1
2923 9281 1
12357 12357 194
17642 18341 1
2566 2566 6127
155 10098 1
13384 13384 9
17643 19618 2
10570 15812 1
17644 19618 1
9933 18796 1
4927 19618 15
705 9324 1
16667 19618 2
8588 298 2
9540 3292 1
1561 12331 1
6044 2181 1
2193 19618 1
12372 13239 1
4891 19618 14
5653 19618 38
4102 4102 814
16564 19618 4
1 3690 2
17339 19618 9
5093 5093 178
11204 11204 22
15714 19618 7
1163 10326 1
16882 16882 809
4339 16132 1
17645 17645 7
9519 18483 1
17646 10450 1
16488 19618 3
10940 19618 8
4829 11485 1
17647 5005 1
12267 12267 17
4848 19618 4
7599 7599 10
2979 19618 7
12599 7651 1
4440 19618 1
17648 19618 1
4389 16406 1
9818 19618 3
4498 19519 2
16990 19618 2
15185 19618 20
8068 19618 7
340 340 815
126 10984 1
444 16451 1
17405 17405 12
17649 17649 210
4356 19618 31
964 8195 1
17014 19618 2
3481 9818 2
7580 9451 1
17650 19618 2
14785 14785 56
15160 15160 2
11402 19618 49
15963 19618 1
8365 18475 1
5860 19618 146
6013 8635 1
9491 9491 78
5094 9631 1
16184 16184 5
3206 3206 921
2773 14992 6
6921 6921 16
15482 15482 17
17651 17651 455
11994 14006 1
16812 16812 120
10952 10564 1
3363 18597 1
10354 542 2
5767 3387 2
14121 8367 1
16387 6000 1
14493 14493 2
2118 13150 1
5937 7223 1
970 12037 4
2689 4529 1
3096 19618 3
574 16302 1
1931 1393 2
16311 16311 138
1717 19618 1
13241 19618 10
2322 15150 2
7978 5344 1
10809 15802 1
17652 19618 1
2166 2166 47381
10800 10800 1281
1085 2820 5
6821 2934 1
2186 8467 2
17653 17653 100
192 192 1375
1220 18527 1
8876 19618 1
5850 4892 1
17176 17176 62
4784 11366 2
12012 19618 1
17654 17654 1
6350 16209 1
553 15947 1
832 832 14200
1093 15800 3
183 15250 1
3495 3446 2
17655 19618 2
17656 19618 2
4770 19618 5
6962 14779 2
241 931 1
14507 19618 3
17657 19618 1
2307 19618 50
4025 14502 2
9753 19618 1
288 19270 1
735 12649 1
4651 19618 1
16824 19618 1
7882 19618 26
3913 2947 3
17658 17658 37
186 13470 2
4657 3239 1
4685 4685 2509
11361 11361 9
7404 12959 1
5765 5765 34757
35 19618 15
17659 19618 1
10250 19618 5
14209 14209 52
2100 2100 52
9067 9067 49
7544 14999 1
16611 19618 1
17660 19618 1
14924 4871 1
13748 13748 6
17661 19618 7
17662 17662 297
281 19618 33
15708 15708 55
17663 17663 14
12571 19618 1
16557 16557 6
8494 19618 1
7535 7535 804
13138 6257 1
13463 19618 6
594 19618 1
17662 19618 10
15171 19618 1
1332 14704 1
4295 4295 18
14732 1129 1
11230 19618 1
8041 13303 1
2554 19618 1
16501 19618 1
3299 10024 2
1608 7025 1
5355 1193 3
377 6668 2
5346 5346 2
10655 10655 6086
1452 8010 4
1865 1865 24
17664 19618 1
6102 14982 1
6607 6607 60
17665 2957 1
17666 1231 1
9734 19618 11
13394 19618 1
14082 14082 31
7088 5012 1
4890 4385 2
11456 11456 148
14726 19618 2
17667 17667 982
14813 14813 7
10783 10783 5
10494 12623 1
8021 19618 3
10096 9016 1
611 11543 1
2276 15042 1
16509 17474 1
14658 14658 7
1548 7747 2
877 2641 1
17668 17668 84
17251 17251 56
12657 19618 1
9428 19618 2
9714 19618 5
12505 9364 1
10849 10849 78
10750 2662 1
5781 19618 21
17207 19618 2
16502 19618 3
6979 19618 8
171 7929 5
8071 8071 766
9842 3497 1
12864 12864 14
17669 19618 1
17670 19618 2
9941 19618 4
7580 14811 1
13403 13403 44
13364 18977 1
11197 11197 47
7721 18885 1
3399 867 1
2505 9874 5
17671 17671 44
4713 6960 1
17672 4316 1
9610 2694 1
8946 2943 1
8153 2169 2
10657 8687 1
11270 11270 1188
17673 17673 478
5267 9054 1
7083 19618 5
3295 19618 56
1142 18086 2
833 5189 1
7947 10488 1
17674 17674 54
17675 19618 1
3436 19618 1
13272 13272 38
7976 10300 2
1975 1975 53
17361 19618 1
13176 13176 13
2867 2867 546
5900 5900 20
7133 19618 3
2790 10988 1
16654 19618 5
13496 19618 1
7288 19618 46
13268 9591 1
17676 19618 2
8553 8553 169
13612 8404 1
17677 17677 17
17678 12068 1
17679 19618 1
2469 2469 770
8590 8590 141
17128 19618 2
1273 19618 3
4471 4471 227
17255 17255 83
15898 16627 3
17680 3570 1
14042 19618 8
7934 19115 1
5780 1802 1
7202 15389 4
13332 18368 1
299 67 3
1989 15333 1
17681 17681 23
912 13980 4
17682 19618 1
17683 17683 62
7016 7016 111
5692 11153 1
1632 10523 3
93 93 2
11919 19618 2
5197 5197 58
4762 1405 1
327 19618 22
4482 19618 1
16226 16226 122
9128 9128 171
3588 3588 13256
14229 3984 1
16841 16841 22
17614 19618 9
2714 19618 2
6690 1236 1
5744 5744 23
8384 19618 2
5397 5397 330
17684 19618 4
13824 19618 2
2792 19618 20
7054 15369 1
13532 13532 6
14897 14897 43
195 9334 4
17545 17545 155
17685 11228 1
11553 11553 126
4732 18948 1
13677 13677 210
383 15482 1
5439 5439 2
13784 13784 112
17686 17686 257
9611 7784 1
5768 19618 2
12137 19618 1
17687 19618 2
16703 19618 2
10530 19618 10
4211 11833 1
5084 13071 1
2993 19618 2
17688 12029 1
8479 19618 1
4200 4200 2011
16363 19618 2
4127 4127 1011
2844 18714 1
1409 10418 1
9898 9898 14
8967 19618 10
2883 12461 1
17689 19618 3
1475 19618 143
12974 12974 154
12576 19618 2
13420 13420 54
2 3430 3
17168 17168 7
779 15834 2
17690 19618 4
197 6154 1
2174 2174 955
8387 19618 2
17691 17691 7
17692 19618 1
17693 19618 1
314 2122 1
2186 17195 3
986 9291 1
314 15267 1
8654 13820 2
1126 1126 477
281 16930 1
5048 1877 1
17694 17694 3
5828 5828 8
6413 3857 2
7151 12577 2
13551 13551 1413
8462 19618 1
3071 19618 399
17695 16494 1
13380 16034 1
4462 3002 3
5045 19618 3
17696 17696 62
1705 1705 27
4348 15133 3
1536 10448 1
13531 13531 8
3797 12359 1
3608 15202 1
2147 19618 31
929 15502 1
10082 19618 2
6658 19618 1
1511 19618 4
6044 1997 1
3153 6972 1
2454 6569 5
16661 19618 4
1862 3782 2
6975 4584 3
5446 16279 1
2598 2766 2
17697 17697 1291
15414 15414 346
2032 9411 6
10192 10192 183
11300 7988 1
4303 19618 5
9993 19618 10
17282 10066 1
2505 2505 11683
3720 3720 2048
10362 19618 1
11218 340 1
7926 7926 33
12860 19618 15
17698 17698 8
12674 12674 21
7011 7011 1559
8866 19618 2
17049 19618 1
13160 13160 18
12541 12541 9
11532 19618 6
2482 19618 1813
11074 11132 1
10278 19618 163
17699 17699 23
10701 10701 40
1170 10054 1
17700 19618 1
15653 15653 18
462 5281 3
753 18257 9
1663 14482 1
5343 19618 26
13562 13562 1
12102 12102 19
4407 10700 1
12347 19618 1
17701 17701 10
2190 16244 1
15222 15222 43
3019 2601 1
5608 19618 2
3252 4667 1
5700 19618 1
17702 17702 101
2028 19618 4
17703 19618 2
14142 14142 1368
652 652 112
2703 17761 1
10618 19618 1
3701 14400 1
15344 19618 12
4392 10468 1
7879 7879 25
780 404 2
12100 19618 1
10761 10761 3
6010 373 1
15090 19618 1
15999 19618 9
5936 1414 1
14910 14910 48
224 10654 1
621 8619 1
14490 16359 1
6603 10606 2
8773 19618 1
5588 19618 18
17704 19618 1
3170 19618 100
17353 17353 22
4485 4485 5847
1889 12792 2
6539 6539 511
197 2201 1
17705 17705 52
2622 9757 1
12041 3218 1
17706 19618 2
17556 17556 26
5601 12391 1
10566 10566 193
16689 16689 8
1187 9218 1
15158 15158 45
4483 19618 12
2045 2045 132
3538 438 2
714 714 1703
15219 15219 129
3924 3924 1535
11341 14686 1
17707 17707 29
7845 12340 1
10470 10470 975
14080 14080 5
6499 13808 1
11156 11156 65
1784 13028 1
15441 15441 29
10650 11493 1
5509 7759 1
3487 3487 212
17708 19618 1
12409 324 1
15933 15933 1539
4256 19618 159
7727 7727 242
17134 17134 374
3338 14280 1
4101 8312 1
3525 14741 1
2003 11671 1
9592 19618 5
15297 19618 1
17709 19618 4
2636 19618 6
8042 19618 18
6035 13498 1
1804 9167 1
3831 3831 85
13481 14404 1
4966 11789 2
7385 19618 8
1477 11107 1
11837 5015 1
13839 19618 1
17710 17710 75
8236 19618 1
17325 939 1
339 18829 2
14289 14289 1
5850 11255 1
16150 16150 262
7699 7699 27
12524 12918 1
11576 12966 1
3069 2462 5
17711 19618 1
1801 19618 4
14050 19618 4
250 7747 59
1807 13383 1
17505 19618 1
4205 19618 1
964 14507 2
6340 9174 1
9246 19618 10
6441 19059 1
556 556 1206
17712 19618 2
17713 19618 2
17714 2226 1
5620 5620 36
1625 16207 1
17715 19618 1
17716 19618 1
5300 19618 42
16110 19618 3
10021 10021 183
1327 1327 503
3468 12438 1
17717 19618 1
4874 6286 1
10549 10133 1
7035 7035 10
3123 8927 2
6287 18535 1
17718 17718 64
7054 7054 4798
3976 19618 1
16234 19618 6
345 8170 1
14078 1484 1
17310 19618 1
12315 13327 1
15904 19618 39
1971 1971 5
735 14348 1
17254 19618 1
6550 8784 1
1625 19618 104
17173 17173 2
11517 11517 67
17719 19618 5
14218 14218 1
17720 19618 1
7137 7137 62
17721 17721 40
4602 19618 10
832 797 4
6037 6037 219
7318 1181 1
2612 17174 2
17722 19618 3
17723 19618 1
9901 1507 2
7676 7747 1
17724 19618 1
648 10206 1
11302 11302 1249
17725 19618 2
17392 19618 1
14036 6905 1
653 653 2288
6376 19618 271
8626 7966 1
17726 17726 56
17727 17727 5
4730 4730 164
5909 5909 740
7907 14647 1
8787 8787 229
2719 11459 1
10411 10411 3
11470 19618 2
15852 15852 69
8969 8969 3011
10918 19618 1
217 14851 2
3602 3602 573
6011 14411 1
17728 19618 6
603 603 1244
14602 14602 15
17729 19618 3
3612 14057 2
5454 19618 1
17730 19618 2
2835 19618 1
12098 19618 4
3193 3193 812
17731 19618 2
943 17157 1
383 6849 1
7216 3377 1
2815 4061 3
4745 8273 1
11242 10646 1
4563 11076 1
7105 19618 1
735 16586 1
16235 5695 1
1003 10590 4
1919 4209 2
1566 19618 3
6028 6028 17
17732 19618 6
17733 17733 49
5750 6651 1
15972 19618 1
16400 19618 6
16726 16726 81
4838 4071 1
12740 12740 1657
17734 133 1
3136 19618 21
17735 19618 3
15565 15565 235
17736 19618 5
4328 16098 4
4025 1036 4
2773 2773 16427
17737 19618 1
11294 11294 1
17738 17738 68
1341 3191 2
17739 17739 3
7778 7328 2
16781 16781 333
17740 19618 1
1326 16019 1
13429 13429 402
17468 17468 28
10262 10262 85
7948 7948 52
17196 19618 4
216 19618 1
16601 19618 2
8226 261 2
17741 19618 1
17742 17742 3
1686 7426 1
705 19618 453
12812 19618 1
8240 5723 1
5170 7686 1
2405 16729 1
12284 12262 1
3330 5293 1
7613 19618 18
1131 1131 59
3568 19618 3
8629 8629 7944
5730 7552 7
4470 6437 1
615 19618 136
8992 16048 1
14353 12938 1
9483 14891 1
6731 16960 2
6145 6145 178
17743 19618 2
251 10562 1
5917 9942 1
4979 13852 1
6812 18471 1
4822 6237 1
4235 4235 868
4103 12586 1
647 6314 2
13501 10632 1
6114 6114 198
14095 14095 315
1830 2071 1
5609 1248 3
12764 16068 1
17744 19618 1
3484 9478 1
4631 19618 3
15233 19618 1
1654 8970 2
17745 19618 1
17746 13052 1
1407 1407 2
17747 17747 273
13064 19618 9
4396 9399 1
1457 1550 1
13340 15652 1
942 942 231
1176 17530 2
12651 19618 13
344 9392 4
14007 4558 1
15462 15462 21
5577 19618 3
6024 3880 1
17294 17294 4
17748 19618 1
6736 6736 1061
11544 19523 3
13010 13010 1
898 4793 1
15539 15539 54
15056 15056 4
14523 14523 93
5211 5211 291
17749 19618 1
4966 19618 98
6914 7669 1
7385 7385 236
519 7178 1
17750 19618 1
17751 17751 4
17752 17752 123
13859 19618 1
6481 6481 29
11852 17700 1
2508 3986 4
196 2675 3
17753 19618 1
17754 19618 1
3029 19618 3
10729 18899 1
6397 6397 230
15312 19618 16
17265 19618 1
3749 19618 34
453 453 16040
17755 19618 1
388 9777 4
17756 19618 3
4791 9726 2
11784 11784 43
13085 19618 7
3217 13759 2
4249 4249 46
3157 16603 1
17757 17757 11
17698 19618 1
17745 17745 32
1748 4154 2
17758 19618 2
15922 15922 70
17759 19618 4
14831 14831 166
1806 37 1
5509 4867 1
1287 14395 1
12281 19618 1
5166 3695 4
4328 15748 1
17760 19618 1
16717 16717 228
17337 17337 26
17061 17061 612
17536 19618 3
17761 19618 1
1266 1266 3536
17762 19618 1
15215 19618 8
10074 6428 1
2190 13160 1
17064 17064 170
1654 19618 113
3361 8556 1
5601 5601 6678
17763 19618 10
17764 19618 3
4470 534 2
5085 19618 18
12848 12848 6
16093 16093 25
4563 19618 201
17765 19618 1
10464 19618 1
3322 2378 1
5299 5299 14
4148 19618 2
19 19 21
251 19618 44
9913 9839 1
7799 19618 2
6480 1551 2
16799 19618 4
4049 17510 2
17766 19618 1
3385 8872 1
3782 7159 5
10303 10303 69
1452 17545 2
7716 11444 1
622 9438 1
15371 19618 1
11544 12132 1
1068 1068 6
14421 14421 108
1564 19618 3
637 19618 21
2733 2733 251
17767 19618 2
17768 19618 1
2290 19618 1
14993 8396 1
9341 13748 1
6480 6480 4185
8425 8425 25
2720 2720 2792
12876 16949 1
10614 10614 346
9534 9534 23
12592 12592 18
10836 19618 24
17769 17499 1
3525 9764 1
17770 17770 22
3765 9920 1
17771 19618 8
10328 19618 1
17420 17420 10
1594 1594 216
6077 6077 26
9104 9104 423
1431 10100 1
14012 14012 99
16626 19618 1
1428 5765 1
1584 10180 2
12414 12414 15
9095 8308 2
7923 7923 264
15125 15125 76
14903 9900 1
6763 17410 1
3645 19618 5
217 17276 1
2175 2650 6
4661 19618 1
17772 19618 6
17773 17773 11
15640 19618 1
16089 15921 1
17774 19618 1
10233 10233 49
4092 4092 8996
6513 19618 17
13808 17486 1
13957 19618 1
17775 17775 82
17503 17503 11
10756 19618 9
2104 10761 1
17776 19618 3
17777 17777 38
14346 19618 1
1389 13763 1
9085 10949 1
17778 19618 1
17779 19618 1
4662 4662 57
17305 17305 1343
17780 19618 1
8537 19618 2
14827 14827 16
16768 16768 18
6200 19618 3
17781 19618 1
9205 9205 154
2760 2760 1776
13676 19618 6
4108 19618 491
6366 16224 1
8708 3782 2
522 522 24836
5429 2686 1
17782 19618 3
17783 19618 1
17784 19618 1
14750 19618 1
17785 19618 2
14696 14696 24
15392 19618 33
17786 17786 580
5133 1243 6
9666 9666 643
8946 6198 1
4552 19618 2
17787 19618 1
14937 14937 63
8669 8669 16
13660 19618 3
3228 3228 5213
4404 4404 6
1341 3175 1
12915 12915 394
815 5972 1
17788 17788 74
1889 6177 1
17756 17756 34
1174 17453 1
11783 11783 211
5219 19618 2
2308 15687 2
17789 19618 1
376 12903 8
8310 8310 1296
11304 11304 189
2212 19618 66
3287 11436 1
11759 11759 718
17790 19618 1
17791 19618 5
13310 19618 1
1212 3533 1
17792 17792 5
12296 19618 16
4659 19618 4
9665 19618 1
9771 15319 1
2649 19484 3
10079 19618 1
6197 2346 1
15883 9963 1
1857 19618 2
17793 17793 17
703 703 7441
15195 15195 13
9378 9378 59
15016 15016 31
17794 19618 3
3035 3035 123
15733 15733 17
1087 19618 1
450 450 1263
9561 16435 1
5664 5664 424
9897 9897 456
4299 4299 275
10296 17273 1
4973 4541 5
17795 17795 3
17796 17796 199
2274 10324 1
3996 688 1
6953 19618 1
6701 6701 921
5019 1706 1
9424 13635 2
7878 19618 8
17797 17797 18
631 7772 1
17798 19618 1
3742 19618 49
8070 10148 1
17799 19618 1
930 11510 1
10908 10908 30
10568 19618 1
16133 16133 714
17800 19618 1
17801 19618 1
12161 12161 17
17802 19618 1
2962 19618 14
4485 15998 3
5922 10660 2
5029 18868 1
7213 5201 1
7070 7070 12
3926 4645 1
1895 18595 2
7112 8876 1
17803 19618 5
14476 14476 152
17804 19618 1
17805 19618 2
17806 17806 9
3603 3603 17360
17807 19618 1
17808 1776 1
3722 19618 1
17809 17809 6
17810 17810 4
11303 11303 13
14834 14834 166
17811 13430 1
6610 7841 2
11307 19618 1
6166 9747 1
15631 10727 1
2991 19618 67
106 12169 1
1834 19618 36
12767 12767 1833
12316 12316 30
17812 17812 299
14350 14350 133
1230 19618 154
2786 8532 1
4481 13908 1
7821 6988 1
3093 7250 1
7563 19618 15
6188 6188 3231
8643 8643 5
9660 19618 1
17813 17813 22
13449 19618 1
13648 19618 1
1577 9132 1
14506 14506 1566
1127 19618 8
2762 19618 2
1326 11486 1
6069 6069 50
1331 8072 1
6678 19618 1
539 13812 1
8905 8905 123
10808 19618 3
10470 19618 21
17814 19618 2
9000 15767 1
17815 17815 184
15154 19618 15
1172 12021 2
17816 19618 1
2695 19618 1
457 457 26
15176 7490 1
17817 19618 1
12121 19618 1
6051 17478 6
17818 19618 1
2831 19618 1
7716 12520 2
14268 19618 1
17819 16892 1
12939 12939 43
6710 4291 1
11144 11144 13
2718 16905 1
10344 10344 4
16724 19618 3
17820 19618 1
17821 17821 35
17822 19618 2
12117 12117 1204
1156 8360 1
9820 9820 26
5613 6352 3
13629 13629 108
6061 19618 5
5203 1099 5
11161 11161 90
13842 19618 18
6996 6996 2760
17594 19618 5
12490 19618 2
17823 17823 2
17476 19618 38
6167 6167 191
1294 17257 3
6068 19618 2
5730 5651 8
2005 4841 3
9653 10792 1
17018 17018 128
2190 8182 2
17824 19618 1
13345 19618 8
9664 9664 2
1354 3210 1
13842 861 1
8360 19618 2
17464 16430 1
9550 12872 1
13560 13560 4292
1093 11290 1
608 19618 1
1239 9183 2
10685 19618 24
16878 3114 1
1931 178 10
215 15362 1
11894 14551 1
17825 19618 1
5436 19618 2
2205 7506 1
16849 16849 19
9836 19618 3
1862 1862 11115
3676 6889 2
17826 17826 106
5664 7659 1
5481 19618 107
929 2540 2
4710 11094 1
14596 14596 66
6571 19618 84
10923 19618 1
5931 5931 63
15846 19618 17
16809 19618 2
17827 17827 3
17828 16895 1
10066 10066 222
9430 14543 1
15898 1782 2
8416 19618 7
828 19618 40
3794 18381 1
11520 19618 8
4233 19618 17
5697 5697 5
17829 12831 1
17830 19618 3
16082 19618 1
13179 14670 1
3836 19618 2
6516 9763 1
921 7357 3
7584 19618 1
13876 19618 2
17831 18746 1
6653 6653 171
13358 13358 610
17832 19618 1
17833 19618 2
7086 12052 1
4323 18125 1
17834 19618 1
13685 9625 1
5534 10137 1
17835 19618 3
13827 721 1
15893 19618 1
3925 19030 3
12695 8240 3
6710 767 3
9538 4687 2
14081 19618 1
17547 17547 10
8225 16142 1
2 2 4953
7180 10901 1
1062 15617 1
14044 14044 30
12350 5429 1
16213 16213 6
17836 19618 1
2353 19618 23
7585 7585 3789
14283 19618 3
424 19618 144
117 12650 2
12711 12711 73
12873 15944 1
4710 4710 266
8842 17627 1
5267 14090 1
10590 10590 1075
9622 10849 1
11767 19618 2
17837 19618 4
17838 16212 1
17839 19618 2
10632 19618 1
17542 19618 1
8878 14466 1
10615 19618 30
10543 4117 1
4881 4881 780
4906 10013 1
1265 18950 1
612 11289 2
15085 15085 72
224 16054 3
15390 15390 11
12649 19618 2
13228 2465 6
5342 3831 2
17840 19618 1
2094 19618 3
9883 9883 546
10397 15952 1
16602 16602 28
11623 11623 16
12970 12970 158
2804 2804 6727
512 19618 73
405 15452 1
17589 19618 1
11126 11126 29
5234 544 1
2082 13362 1
5419 5419 2122
17841 17841 16
4259 15795 3
17821 10321 1
1347 9983 2
3881 1183 1
1862 17381 1
14695 19618 1
8040 8040 368
2842 2842 2750
7814 19618 1
1545 19618 1
3346 19618 497
8152 8152 33
7216 368 1
17842 17842 238
17843 17843 75
17844 14787 1
4435 19618 37
4847 10402 3
17845 17845 8
15914 19618 1
5609 7757 7
8388 2511 2
14843 19618 5
8288 18528 1
9596 2528 1
6166 1271 1
7337 7337 159
17846 17846 9
8969 5206 1
12016 8842 1
17847 19618 1
17848 19618 3
17849 19618 2
7853 684 1
6078 19618 34
1552 1018 1
8440 6299 3
8421 16911 1
2630 11330 2
14690 14690 8
3811 3811 476
5606 1101 1
830 17539 1
7373 19618 17
16113 16113 127
1986 7607 1
614 10649 1
9672 9672 67
13716 13716 93
4042 3689 2
996 19618 1
17464 6819 1
7107 19153 1
9341 10063 1
3885 17317 2
13227 19618 6
17850 16635 1
17481 6333 1
1006 7130 1
17851 17851 24
3528 18319 3
4219 19618 3
17797 19618 1
3619 17374 1
727 727 1877
5641 7498 1
12572 12873 2
7007 19618 30
14915 14915 159
17852 17852 44
14089 19618 2
8629 16367 1
6219 9870 1
6913 6913 166
6808 18853 1
12324 12324 14
5617 19618 95
7213 4131 2
4081 19618 4
17853 14067 1
10261 10261 58
561 561 2893
5989 19618 1
6947 10545 1
1509 1509 3
17854 19618 1
17784 17784 5
17855 19618 6
2587 2587 2594
1342 19618 146
1870 11421 2
2530 13855 7
1477 1477 4963
10278 17977 1
14409 19618 1
17856 19618 1
9711 9711 355
2602 9338 1
14590 19618 3
431 1084 3
17857 19618 1
6375 8642 1
11215 19618 15
2773 13895 7
9180 9180 93
13125 13125 118
17858 19618 1
16242 19618 1
2220 19618 3
8039 6457 1
1294 10686 1
15558 19618 16
17668 19618 6
16026 19618 10
3287 1984 1
170 4834 1
5342 5342 675
4909 4909 19
10617 19618 3
13050 10991 3
16679 16679 14
9981 19618 1
4679 18197 1
17859 17859 6
5663 12067 1
3878 19618 213
2756 19618 1
7631 7631 298
7660 19618 17
17860 19618 2
2244 2681 2
14243 19618 1
14600 14600 69
12707 12707 213
12559 12559 4
908 5907 1
1211 19618 65
17861 19618 1
201 15774 1
187 15175 2
421 421 426
12522 12522 56
15951 15951 243
11295 6876 1
14205 11114 1
4354 17550 1
683 16724 3
17119 19618 1
17828 19618 6
11172 19618 2
15709 19618 1
9309 6115 1
10276 19618 1
1176 10046 2
11965 19618 2
12373 11026 1
1311 5779 1
1663 19142 2
8366 8366 9
17862 19618 1
17863 19618 1
2988 13803 1
10646 10646 45
3615 13 1
17864 17864 10
15303 19618 1
1642 8813 1
11018 14319 1
17561 17561 136
2255 1612 3
8330 3871 1
3886 3165 1
7095 7095 14
746 746 7882
10549 10549 4832
2657 19618 8
8011 15370 1
4420 4420 797
10500 19618 2
17865 19618 1
182 182 843
4001 1251 2
2454 12930 2
8622 18296 2
6731 19618 293
3617 2249 2
16969 16969 22
15929 19618 1
17866 19618 1
5322 14090 1
2479 7267 1
17867 19618 1
9516 16025 2
17868 19618 1
4787 19618 1
11860 19502 1
1968 19618 1
8310 19242 1
1616 7713 1
17869 19618 2
12854 12854 10
15072 19618 1
17870 19618 4
6860 19618 3
12627 9959 2
17751 19618 1
17871 19618 1
13080 3626 1
4551 16975 1
914 8597 1
11695 14873 1
7188 13732 2
4759 19618 43
17872 17432 1
7236 10141 2
1236 7496 1
9125 19618 42
1693 1693 1
15669 15669 560
9682 9682 54
2751 2751 18711
17873 17873 28
2936 7063 1
9933 19618 4
16593 19618 3
3516 19618 1
9199 19618 1
9501 19618 3
13696 13696 3
4980 4980 35
829 10181 6
3663 13540 1
6234 19161 1
869 17606 1
14538 19618 42
2395 14008 1
12056 15223 1
16221 16221 140
2596 19618 1
677 19618 87
1560 10927 1
5692 387 1
3964 17604 1
17826 19618 3
16241 16241 18
1153 5255 3
16338 19618 2
17874 17874 27
16436 19254 1
11750 19618 2
2521 2828 2
6892 5746 3
10950 19618 5
17875 19618 5
14580 14580 5
10799 19618 4
4209 16184 1
12974 11319 1
5220 16972 1
561 19618 72
17876 19618 1
2915 19618 6
2452 1297 1
15691 19618 2
7374 19618 2
4113 13088 1
1570 8934 1
14110 19618 8
17877 19618 1
3525 4439 11
8972 16028 1
17878 17878 5
7780 15445 1
4504 12804 2
17112 19618 1
11670 19618 1
9605 1386 2
10803 19618 5
2844 19618 10
3606 3606 2313
16246 19618 3
12533 12533 103
17879 19618 2
2960 2960 54
17880 19618 1
8652 8652 97
12288 12288 38
17516 19409 1
17881 19618 1
4042 15199 2
16863 19618 73
10549 14900 2
1495 1495 1313
12586 9266 1
7424 7424 22
15327 15327 421
8421 8421 11713
13341 13341 261
5536 5536 22
17882 19618 5
3467 7573 1
9033 7636 1
11145 19618 1
1069 1069 7
17883 19618 1
17884 19618 3
11458 5892 1
1294 4777 3
778 4499 1
6690 18202 1
614 614 1952
17885 17885 3
17886 19618 1
10412 10412 47
17887 17887 36
5928 7004 1
17888 19618 1
6376 6376 11090
15262 15262 21
5056 5056 84
17889 17889 23
17890 17890 2
15167 19618 1
17891 19618 2
16502 3036 1
2362 10097 1
14392 14392 47
8684 8684 3660
6305 12546 1
17892 19618 1
13949 13949 3
16890 16890 89
6399 19618 181
17893 19618 1
4654 19618 45
13633 13633 7
6892 1287 3
270 6367 1
17894 19618 1
2582 9745 1
12313 12313 17
17895 19618 2
17896 19618 1
1817 7151 2
9655 9655 697
17897 17897 27
17898 19618 1
1406 8693 1
17899 19618 1
17900 17900 109
17901 19618 3
11752 19618 1
7376 19618 2
17902 17902 50
17903 19618 1
15054 15054 3
5343 5343 871
11783 19618 5
11249 2483 1
17079 19490 1
17904 17904 2
5902 3512 1
10420 10420 32
8217 14555 1
16531 1848 1
7080 7080 3
17905 17905 41
4104 4104 29
13918 13918 9
2776 19618 34
11020 19618 5
14489 14489 634
7569 19618 21
2560 2560 2920
2058 8341 2
3115 3115 3
4095 9562 1
17906 19618 2
4247 4247 457
249 16616 1
16009 16009 137
16174 19618 2
17907 19618 2
2417 18387 1
15644 7571 1
4106 19618 1
1008 19618 71
1616 19618 107
9403 15486 1
17418 1398 1
539 18708 1
1067 1067 59215
7196 11723 1
7221 7221 300
4086 19618 2
3833 19110 2
4291 17929 1
3530 18933 2
10114 19618 31
17908 19618 1
334 19618 3
4956 16762 1
1017 15787 2
15650 15650 6
4049 7998 1
5730 2163 1
14189 14189 154
8475 8475 5
17473 17473 43
15680 19618 1
16414 19618 1
15876 15876 19
17829 12843 1
1851 3684 1
211 10681 2
11534 11534 10
6858 19618 68
4127 8625 1
12303 12303 230
3570 19618 218
17909 17909 275
15750 19618 10
17910 17910 12
8720 8720 111
1821 1821 6289
803 8950 1
4547 4547 143
1876 19340 10
13040 13040 74
4264 19618 1
7731 19618 3
17911 19618 2
17912 17912 146
2231 17795 1
8759 16238 5
17913 19618 4
16445 16445 3
17914 19618 1
3135 6878 1
17915 19618 1
3741 10571 1
287 12863 2
11070 11070 177
12651 18141 1
13437 18664 1
979 9050 2
3928 14617 1
11474 11474 387
17916 17916 97
15330 15330 5
2448 17548 1
5249 4930 1
11229 8919 1
13581 13581 87
12667 4113 1
17917 19618 1
831 1622 1
5420 2130 1
275 19618 29
7265 4293 3
3086 3086 1176
2165 2165 3711
4745 18401 1
314 2953 3
1404 19618 2
17366 19618 1
15954 2246 1
918 918 132
7666 7666 90
2 71 3
17918 19618 1
11723 11723 50
344 2775 1
10755 19618 2
6510 15530 1
17919 19618 1
17634 17634 339
2961 2961 338
17702 19618 2
14715 16828 1
17920 17920 171
2009 6897 3
17194 13909 1
12774 12774 8
212 9792 1
13992 19618 1
8956 19618 34
15706 15706 111
6262 6262 719
2856 9508 1
3508 3508 327
17921 19618 2
17922 19618 1
14985 14985 121
9466 11300 2
5495 19618 1
8728 8728 27
1127 19464 2
4987 19618 1
17923 19618 3
5037 7769 2
5987 5987 117
15232 19618 1
15483 19618 12
13943 19618 1
12484 12484 236
16561 16561 91
9451 10131 2
9778 9778 13
7705 7705 1189
10227 9257 1
12507 12507 437
277 3631 1
9677 19618 1
13500 13500 241
4847 1823 3
4551 10347 1
10324 331 1
17924 19618 7
17925 19618 5
4792 19618 1
8769 8769 223
2759 19618 68
6249 19618 5
502 7476 1
161 161 19
10781 19618 2
17926 19618 1
250 1652 1
15495 19618 1
17358 17358 32
9201 19618 18
14672 19618 7
6376 19393 6
17927 17927 79
9046 19618 1
17928 19618 2
6048 6048 152
17929 19618 1
17930 17930 43
17931 17931 31
882 19618 290
317 7723 5
17932 17932 172
17933 19618 3
1585 3312 1
4497 14859 3
17934 19618 1
16940 16940 16
17935 19618 1
5609 13677 2
17936 19618 2
2944 12360 1
17937 5188 1
17938 17938 19
11759 276 1
14491 14491 16
17688 17688 3
1153 3418 2
17939 19618 2
1881 15271 3
15008 19618 2
539 18499 5
621 1046 1
6534 10578 1
17940 17940 21
5441 5441 680
2440 2440 1
12675 12675 69
5199 5199 167
17941 19618 1
8838 19618 1
9537 19618 2
13330 19618 2
2720 4676 4
2524 5020 1
17319 17319 485
17942 17942 77
17943 17943 99
10189 19618 1
9789 19618 26
17944 17944 44
10563 5510 1
10975 10975 13
5669 5669 33
5422 8894 1
677 17023 1
10021 19618 4
12615 840 1
17945 17945 2
3838 11299 1
2191 7045 1
2483 2483 4
13939 7593 2
5083 5083 105
2839 2839 508
5039 14718 1
5450 1694 1
17946 19618 3
6258 19618 24
15817 19618 2
6050 6050 34
10424 10424 28
14323 19618 10
5827 19618 1
17799 17799 31
8499 8499 81
1565 16988 1
391 15969 3
4459 553 1
2482 833 24
1034 10341 1
11930 19618 23
14142 14495 1
15969 19618 3
2505 2364 1
14076 19618 1
11674 19618 1
3150 18460 1
3925 3925 3181
15134 15134 8
17947 17947 18
8689 19618 1
705 3852 1
4335 4335 1896
5521 5521 601
14489 19618 14
6529 16692 1
3123 2844 2
14547 14547 32
4315 11362 1
345 5196 1
17948 17948 59
47 47 2295
5500 9573 1
9352 6308 2
5765 17385 10
10821 19618 1
15484 15484 11
1001 14770 1
16303 16303 19
3538 11403 1
549 4329 1
16854 16854 8
8481 15160 1
16486 19618 1
6206 19618 10
17949 19618 2
4316 10096 1
2186 1821 2
8226 12114 1
4781 10319 1
17705 19618 3
17950 19618 2
17427 17427 434
1725 19618 278
17951 17951 142
13506 19618 1
17952 19618 1
14464 14464 225
7539 2618 5
4827 4827 1
13855 19618 8
10934 19618 2
1142 19618 78
17953 19618 1
4520 19618 75
2386 16053 1
17817 17817 23
1972 1972 4
10511 19618 179
15790 15790 8
17858 17858 13
16535 16535 22
5692 18596 1
17954 19618 1
17955 17955 22
1342 1342 5552
9023 19618 3
7308 11097 1
180 19618 12
1895 19618 154
8794 19618 82
4820 6844 1
10397 10872 2
17685 19618 4
10290 10290 6
3442 3442 6446
4868 19618 2
1285 4640 1
17956 19618 11
2205 19337 1
17957 19618 1
17958 19618 1
9441 9441 846
2272 18184 1
7185 7185 95
15215 6306 1
14616 14616 23
352 10106 1
3900 3900 60
13039 13039 43
14939 19618 3
8410 8410 5
17534 17534 19
8872 19618 1
4540 19618 15
12781 19618 2
13524 13524 877
1991 19618 223
17287 19618 1
13170 19618 1
234 14836 1
9808 9808 48
2344 19618 115
574 16164 1
17959 19618 1
539 16061 1
5180 19618 104
17960 17960 27
9327 19618 49
614 11495 1
17005 19618 12
9580 2462 1
8939 8939 14
943 4269 3
17961 19618 13
4131 4131 84159
17962 19618 1
183 19618 2275
8628 19618 9
1021 13719 3
926 926 33
12805 12805 37
3797 5245 10
6914 18706 4
6078 1074 2
7929 17522 3
17963 19618 1
14327 14327 25
12466 2192 1
17964 17964 95
13332 9229 1
3069 12656 1
17965 17965 178
2361 8174 2
7176 16010 1
3807 18032 1
8390 19618 2
17966 17966 54
7730 7730 4
9348 9348 62
9172 14248 1
17967 19618 3
13115 10167 1
6076 6076 149
17968 19618 4
11373 11373 717
14291 19618 1
17969 19618 1
7536 7536 33
78 19618 3
5853 19618 1
11942 11881 1
952 19618 1
13462 4679 1
8304 19618 121
1836 19618 1
1958 17543 1
17970 17970 2
1688 19618 116
17971 19618 3
5556 3049 2
3063 16072 1
16503 16503 137
16730 16730 107
12821 12821 65
425 10234 1
9967 9967 358
2060 664 1
5315 19618 1
17232 19618 1
6603 6603 3480
14427 6216 1
17972 19618 1
7596 4313 1
12307 12307 309
17973 17973 31
3742 17280 1
17974 17974 7
16835 16835 1
17975 17975 3
11521 11521 278
6984 16242 1
15222 10056 1
3126 16203 1
2107 2107 247
234 2676 1
8678 19618 2
17976 19618 1
1631 12998 3
1862 5013 1
10695 1811 1
4907 15321 1
1882 12736 1
2132 14672 2
155 12565 1
4584 19618 3
13708 13708 104
9929 10033 1
8287 8287 117
1907 15882 1
15682 15682 7
1755 3780 1
2482 15889 1
17977 19618 1
17978 19618 2
11128 11128 10
9140 1040 1
12396 14089 1
4599 16482 1
538 538 3871
7610 7610 988
10995 10995 22
12488 12488 336
1236 19618 18
676 5449 1
854 854 242
3907 2976 1
17571 19618 1
11154 19181 1
406 3612 12
12182 16059 1
641 12679 1
17979 19618 2
9768 9768 31
17980 19618 4
3612 8304 7
10977 19618 3
17120 19618 1
17981 17981 63
2670 10611 4
4607 819 1
2176 2176 3158
6740 11966 1
6851 19618 1
16329 16329 1
10718 19116 1
17219 19618 1
2490 19618 252
17200 19618 1
12692 12692 135
3385 15944 4
1967 1967 6
17982 19618 1
7808 9658 2
17983 19618 1
4745 19618 115
7234 11473 1
9452 1357 1
6363 1638 1
3064 19618 3
1293 7697 4
890 12905 1
539 403 1
15018 15018 53
14950 14950 61
17984 19618 1
17985 19618 1
16987 19618 5
17195 19618 6
5114 5114 12
16829 16829 51
10640 6981 1
17986 17986 19
5353 5353 4516
15507 19618 1
9457 9457 8
13149 19618 1
6250 11292 1
3826 3826 339
800 800 357
7332 19618 1
5208 5208 219
8230 17734 1
17987 19618 2
14643 14643 33
1475 3572 5
17988 17988 44
17989 19618 3
17990 19618 1
15319 15319 210
3322 3322 335
17947 19618 1
13601 13601 83
6984 6738 1
17991 19618 3
10898 10898 54
17992 19618 1
8176 19618 1
17993 17993 12
2304 19618 1
312 15215 4
7378 7378 341
15264 15264 1
17994 19618 1
1056 1056 245
15428 15428 100
15799 15799 50
9550 19618 179
4315 5848 1
2268 2268 786
4842 5964 2
16565 19618 1
6147 6147 380
17995 17995 351
295 17993 1
10963 10963 302
17996 19618 3
7291 19618 1
17997 19618 2
7286 2479 3
1171 18620 1
8858 1357 1
10878 19618 9
8726 5386 2
17998 17998 399
17999 3407 2
12816 19618 2
189 19618 23
3786 19618 2
6480 2182 1
18000 19618 1
14074 14074 947
2664 4628 1
5865 2482 5
18001 19618 1
4222 17237 1
15175 15175 57
7118 19618 1
6680 5649 3
4728 9544 1
17489 19618 2
18002 19618 6
14679 19618 1
11625 11625 358
18003 19618 1
18004 19618 6
18005 18005 20
17904 19618 1
18006 19618 1
17663 19618 1
10397 7024 2
2244 2436 1
245 245 27
17909 19618 10
3913 3593 6
1685 1685 228
3718 19383 1
2494 7787 11
13053 1025 1
14117 3024 1
5061 19618 93
5648 12344 1
9042 17913 3
9788 9788 595
406 406 32085
1954 17328 1
15727 15727 844
6772 8755 1
5203 1 1
18007 18007 16
6701 18705 1
18008 19618 2
7787 4312 1
3663 13968 3
2598 7848 1
1177 19618 6
6710 19618 227
2986 2986 526
9251 9251 645
14807 14807 46
1442 7887 2
15244 19618 3
14687 14687 31
18009 18009 2
15258 15258 4
17290 15781 1
10792 10792 171
18010 19618 1
18011 19618 1
3065 3065 8551
14277 14277 51
18012 19618 4
929 11223 1
1784 3120 1
18013 19618 1
15367 15367 83
155 2806 1
12699 14592 1
8196 2707 1
2260 19618 51
3660 18249 23
5804 10917 3
9047 3356 1
13674 8773 1
2042 19618 1
4441 19618 4
18014 19618 1
8017 8017 1
7034 7034 23
18015 19618 1
2618 18797 2
720 14080 1
9040 3224 1
8135 8135 2
4776 16489 1
801 4257 3
5091 14620 1
9294 9294 148
4508 13944 3
8842 13393 1
12182 19618 6
3594 19618 1
18016 18016 5
2740 3157 2
15671 14114 1
16506 11203 1
4781 16443 1
6379 148 1
5057 10758 3
18017 18017 2
13941 13941 18
18018 19618 2
17035 19618 1
6989 10539 1
15970 15970 9
995 995 1621
8723 8723 109
1501 2243 2
5422 18923 2
3233 10176 1
2157 10499 4
797 10108 1
18019 19618 1
9534 19618 2
1404 1455 1
15787 6735 1
17438 17438 20
18020 18020 27
4986 4986 9
18021 19618 10
3794 15467 1
5094 8769 1
2903 8203 1
1485 4380 1
354 15136 2
18022 4749 1
681 681 1144
10012 1713 1
14842 19526 2
845 10065 3
2166 15458 1
11376 19618 1
14821 19618 1
17850 17850 12
10700 19618 19
1784 4818 1
11668 19618 1
11883 19618 2
16594 17297 1
17267 17267 9
9910 9910 3
18023 18023 25
1058 9306 1
5527 19618 23
15352 15352 536
7477 19618 80
18024 19618 1
18025 18025 135
11167 18004 1
6305 2348 5
8681 18946 2
16235 6751 1
10140 10635 1
17057 17057 16
1748 59 2
856 19618 1
5609 4256 9
3816 19347 1
6277 19618 18
14730 19618 16
12122 12122 1258
18026 19618 1
9472 19618 5
14755 14755 6
18027 18027 28
3921 19618 38
2032 7489 2
18028 19618 1
18029 18029 15
12988 19618 19
2322 16506 2
5161 12994 1
491 1109 1
2982 19618 3
428 16137 1
1065 1065 25
10655 8865 1
1631 10903 1
2727 19618 36
2989 5380 1
2585 2585 1150
16614 16614 47
18030 19618 1
5365 19618 26
7922 2087 2
2342 2342 142
18031 19618 7
11448 19618 1
15488 15488 122
3718 9212 1
12991 19618 7
6580 6580 6521
18032 19618 1
1354 14735 6
4308 4308 1078
18033 19618 3
14372 14372 16
12888 8049 1
2471 19618 5
18034 19618 1
3252 748 1
2690 18622 1
1204 1204 7
9294 19618 4
5761 5761 1333
14067 19618 1
17036 17036 17
6602 9806 1
243 17258 2
12356 12356 19
13050 7433 2
18035 18035 23
6814 4697 1
8480 8480 3
18036 19618 1
4331 19618 19
1882 19618 43
3111 1567 3
461 3069 6
4921 6379 6
897 15594 3
2950 16086 1
919 9610 1
4416 4416 25
18037 19618 1
12871 19618 1
8009 17893 1
8336 8336 566
2881 17318 2
8155 8155 13
18038 19618 1
6694 19618 1
16573 16573 1042
1095 19545 1
10029 10029 23
9940 9940 78
13671 19618 57
1639 19618 57
12120 19086 1
679 9817 1
6369 13249 1
3737 4351 8
11664 18075 1
12005 12005 11
4348 11918 1
7857 7857 8
6601 6601 242
3406 3256 1
18039 18039 29
18040 19618 2
12555 5590 1
18041 19618 1
16402 16402 7
13106 19618 1
8487 8487 2
9899 9899 39
17241 19618 1
18042 19618 19
18043 19618 2
10961 10961 381
17638 8409 1
18044 18044 379
18045 18045 18
3940 19618 4
17913 17913 36
16404 16404 35
8139 7472 1
705 705 20990
17499 17685 1
10373 8155 1
1614 19618 95
7094 8251 1
13230 13230 26
8759 11492 2
17261 19618 1
2707 15170 2
18046 18046 49
549 19618 10
18047 19618 2
202 7813 1
10624 14559 1
18048 19618 4
7991 19618 3
6486 5877 2
8422 8422 2306
16118 19618 1
3775 19618 1
7357 3129 2
18049 19618 1
11823 11823 300
3806 2293 1
11959 19618 1
18050 19618 4
1966 16689 1
17333 19618 4
4713 16629 1
7991 15127 1
10531 13077 1
2467 2467 1309
345 12715 1
441 1510 1
12594 12997 1
8717 19618 66
1460 1460 977
18051 19618 1
2448 11974 2
10248 19618 1
11703 19618 1
6781 10679 2
2132 3646 1
1716 1716 35
3882 3260 1
18052 19618 2
2249 5796 2
8938 14916 1
4143 18166 2
14790 17617 1
8153 17307 4
15288 15288 3620
16651 3660 6
1436 18025 1
6108 6108 5
16281 19618 1
9879 9879 18
6551 19618 208
16312 19618 3
16704 16704 8
18053 19618 6
11865 19618 1
18054 18054 39
14880 19618 1
13764 19618 3
9622 9622 16
3615 4939 1
6543 19618 2
1268 10749 1
270 13437 1
18055 19618 1
17493 19618 1
2058 2058 818
442 442 263
8031 8031 461
18056 19618 1
1485 5103 2
6142 6142 21
236 19618 2
7089 19038 1
523 18266 2
166 13478 1
1444 4960 4
4001 17225 1
18057 18057 9
9442 9442 2536
2785 2785 19
9720 19618 11
5603 5603 91
14402 19618 6
7123 19618 13
16517 16517 39
18058 19618 6
18059 19618 7
15078 15078 864
4588 4588 51
6606 19618 41
502 12910 5
16603 16603 17
2452 9156 1
8330 7017 1
12272 3709 1
18060 19618 2
5607 13616 3
16343 19618 2
6792 13140 1
1246 9308 2
7406 781 1
1822 19618 2
15845 15845 24
18061 19618 1
1331 7101 2
6986 19618 3
18062 19618 1
2114 9995 4
4315 17690 4
7925 9613 1
11370 19618 1
1689 8765 1
15726 7745 1
12011 7359 1
3334 15243 2
2862 19618 64
6188 18503 1
16536 19618 3
4994 4994 3
15439 19618 10
1218 19200 1
12393 12393 35
7335 7335 11510
4129 4997 1
17335 507 1
13480 19618 1
4700 18684 1
13607 13607 23
9738 4798 2
18063 19618 2
18064 19618 1
9835 9835 6
12151 19618 8
2880 2880 8
16253 16253 31
13850 13850 6
9921 19618 1
2639 19421 1
6659 19618 3
15841 15841 74
4942 11205 1
17085 17085 18
4225 19618 31
9439 9439 21
10540 10540 220
18065 18065 781
11914 11914 62
10259 19618 4
1230 12422 3
3174 3174 496
2904 19618 5
653 16202 1
12952 12952 76
4392 2679 2
11282 11282 93
13122 13122 380
13238 13238 32
15717 19618 47
16146 19618 1
1060 700 2
18066 19618 1
15816 19618 6
15174 925 1
18067 19618 1
18068 19618 2
6623 3691 1
6511 6511 33
15061 15061 9
6084 17616 1
11152 11152 12
18069 18069 532
15340 19618 1
14198 19618 1
2927 2927 12
13657 13657 280
5601 5624 1
1449 323 1
228 19618 25
7381 13131 1
10241 7355 1
16869 16869 14
5267 5153 1
18070 19618 5
12740 2771 2
359 3639 6
8072 8072 30
7054 12566 1
5895 19618 1
8946 11616 1
14107 14107 11
2891 455 3
4462 7140 6
9085 6875 7
2347 2347 8250
12546 19618 1
16972 19618 1
14544 14544 12
1341 1037 6
15824 19618 1
12041 10303 1
8013 8013 12
2255 19618 403
17874 19618 2
6858 6886 3
2805 19618 4
18071 19618 1
18072 19618 1
2227 7447 2
11318 17182 1
10956 1026 1
3564 19618 24
18073 18073 6
9636 19618 3
1357 4328 15
2810 19618 51
12367 16206 1
178 810 1
17834 17834 12
15575 19618 30
17227 17227 11
18074 18074 9
3187 19618 159
18075 19618 1
4092 2546 1
18076 19618 6
566 566 977
7093 7093 431
9546 19246 1
6301 6301 236
2632 1555 1
1331 10246 1
14747 19618 4
8768 19618 5
8902 19618 2
14223 1679 1
3897 19618 18
6768 14007 1
2029 17860 1
205 19618 908
18077 19618 1
7829 7829 150
1247 1557 2
18078 19618 5
1784 8849 1
18079 19618 1
17075 19618 3
16910 16910 634
129 19618 10
114 8088 1
13671 19054 1
7690 15466 1
1159 19618 10
344 14835 2
3484 9859 1
6897 19618 5
4457 19618 8
15531 19618 1
3166 3166 1238
1572 5545 3
1246 3204 1
1439 1439 1125
18080 18080 14
3205 1671 1
16740 16740 37
11682 18752 1
2043 2043 2196
10296 10296 1222
16001 16001 87
4269 16568 1
1176 16708 2
12274 19618 11
15083 15083 747
9285 9285 12
10993 10993 7
6884 6884 13
12138 12138 40
8660 19618 2
15986 19618 4
15221 19618 1
18081 19618 1
7623 19618 8
2646 2646 77
1550 1550 573
5660 12084 1
8664 8664 35
13147 19618 1
18018 18018 85
582 268 2
5524 19618 9
3366 11252 1
16431 19618 2
12452 19618 1
8255 8255 27
3086 1667 1
13892 19618 19
9687 19618 4
18082 18082 184
2132 1751 1
16382 16382 135
18083 19618 1
6382 6382 31
241 12276 1
18084 19618 2
14854 14854 17
11013 11013 10
6248 19618 1
15953 15953 2
17448 17448 26
18085 19618 1
4574 4574 20
5234 2262 1
7929 1001 4
15657 15657 16
4131 7653 10
4143 1915 2
3061 19618 173
17414 17414 6
8318 3245 1
1523 3832 1
745 745 36
9737 19618 47
18086 18086 209
13123 10878 1
6408 19618 10
18087 18087 11
17626 17626 1
6899 6899 7
18088 19618 8
3867 19618 2
11219 19618 5
8319 8319 20
293 18104 1
3663 5124 1
10680 16097 1
14536 19618 5
13298 18065 1
2926 12651 1
6892 4042 2
10910 19618 2
11438 4626 1
12246 12246 1858
8107 18649 1
14848 14848 305
11535 523 1
1725 3569 1
3562 10312 1
4513 16965 1
2568 2568 1224
4611 6250 1
4685 19618 50
3217 2942 1
12594 12594 3300
6836 16613 1
18089 18089 54
241 17846 1
4437 14029 1
17559 19618 1
676 13920 2
2276 14575 1
6169 7516 1
7846 7846 24
660 9128 1
10879 10879 122
11882 11882 2
2215 236 2
5316 15401 1
7259 7259 42
18090 19618 1
8450 6141 2
2812 6565 1
18091 19618 1
987 1277 3
14052 19618 6
16708 16708 23
7902 7902 102
2132 10985 1
3285 3285 155
7364 4428 1
17418 19618 15
279 9982 1
6273 15326 1
7566 19618 1
18092 18092 595
18093 19618 1
298 12781 1
832 2390 5
18094 19618 1
7335 10668 4
5918 19618 1
6284 2505 1
9656 9656 475
575 5536 1
9626 9626 53
3181 19618 1
13152 19618 1
7147 4276 2
9252 9252 168
6893 6893 184
986 986 1605
17061 16804 1
2672 2672 574
18095 19618 1
5831 9187 1
17891 17891 67
2154 13496 1
10057 10057 143
252 19618 4
2275 19618 1
2341 19618 112
18096 18096 78
10703 10703 119
18097 19618 15
18098 19618 22
8332 10915 1
1486 17085 1
5006 18391 1
14904 14904 4
4188 15441 1
575 18166 1
17295 19618 1
43 43 125
17953 17953 24
8658 19618 2
10771 19618 3
1872 4391 1
1389 1389 8324
17806 19618 1
9643 9643 94
7327 13552 2
2647 2647 470
1305 3800 1
5930 17915 1
4121 19618 320
5260 11538 1
18099 18099 971
9260 9260 5
5673 17454 1
13362 10597 1
13336 2013 1
2259 19590 5
12661 19618 57
4715 4715 2035
4963 7444 2
8713 19618 21
1372 6361 11
13372 19618 7
18100 18100 3
1695 15616 1
18101 19618 2
18102 18102 62
18103 19618 1
5957 19618 1
16871 16871 885
5973 19037 1
6710 9902 2
9487 9487 20
17587 1900 1
7069 16089 1
2548 19575 1
1654 4925 1
6731 4098 2
8832 8832 170
9363 8511 1
9327 4253 3
18104 18104 3
14348 19618 1
6066 5564 1
9902 8128 1
18105 19618 1
8326 16528 3
6931 18186 1
14060 10628 2
13983 19618 6
18106 19618 2
18107 1988 1
12696 19618 1
17226 19618 5
18108 19618 1
18098 18098 925
3023 15566 2
5799 3644 1
1707 17541 1
4786 19618 3
1690 1690 1579
18109 19618 3
7292 7292 298
5753 7 1
1594 11996 1
611 13086 1
14373 14373 2
16801 19618 1
14314 19618 10
18110 19618 1
10093 19618 25
18111 19618 1
4174 4129 1
9510 9510 1275
3409 3409 340
3467 6006 1
3868 9801 1
12799 12799 11
9470 19618 1
735 674 1
5191 12662 2
14041 14041 33
8859 19618 6
5660 14578 1
18112 19618 1
4730 19618 3
5450 5450 1444
2070 9314 1
11801 7650 1
16951 19618 1
9944 4273 1
5557 19618 2
1402 19618 1
18113 19618 1
4399 5017 1
10789 19618 1
3802 14173 1
838 10397 1
14692 19618 7
16079 16079 21
9377 19618 4
5745 16901 1
693 693 4306
9058 9058 9
18020 19618 1
5684 5684 33
18114 19618 1
235 19618 4
76 3173 4
9756 9756 81
17925 17925 100
6892 19618 133
5416 19117 1
2671 2671 27
18115 18115 1
4475 1789 1
16670 16670 69
7925 17391 1
9827 9827 979
2812 1192 1
18116 19618 1
641 15869 2
13292 7736 1
12929 13842 1
10073 19618 2
3071 3071 14880
5875 5875 4766
467 15025 1
18117 19618 11
5832 3522 2
11893 13006 1
13849 4242 1
16232 19618 1
15393 19618 1
7117 19618 12
18118 18118 2
425 11897 1
18045 19618 1
12330 3034 1
18119 19618 1
18120 19618 4
188 19618 1
9629 1615 1
14181 14181 43
409 5537 1
477 477 704
3023 156 2
4781 4781 3331
4709 4709 13
8612 19618 6
6862 6862 32
7250 19618 33
18121 19618 1
9051 19618 1
10122 10122 172
18122 18122 5
4339 17830 3
492 8214 1
6383 13628 1
3838 3201 2
9902 9988 3
6634 6634 66
18123 19618 1
17401 17401 64
6922 8260 1
7620 19618 1
14582 12449 1
7835 19618 2
4125 8743 1
2816 3039 1
13025 1534 1
16965 16965 388
7757 7757 1465
1450 201 6
11409 11409 38
5763 14553 2
703 3532 1
10728 10728 8
2155 3035 2
4331 15799 1
12250 19618 1
5865 7174 3
12734 12139 1
1139 8696 1
3062 183 2
14741 14741 165
7767 4683 1
60 14130 1
1722 2272 7
18124 19618 1
539 771 1
17284 17284 54
12443 19618 1
3797 8217 1
4197 15614 2
18125 18125 18
2108 15015 2
14211 19618 15
18126 18126 22
9782 19618 1
908 2925 1
6987 19618 1
15402 15402 459
4065 1157 1
18127 19618 1
10676 19618 7
615 4366 3
3493 3493 2
17204 19618 2
18128 19618 2
18129 19618 1
1695 19618 25
6628 3368 3
154 18524 1
7894 15727 1
8139 9950 1
2524 19618 116
13247 13247 20
16285 19618 10
2176 2474 1
18130 18130 3
18131 19618 1
18132 18132 22
13983 11453 1
16295 16295 4
3113 3113 84
18133 18133 72
12146 12146 4
670 2330 1
6413 8274 1
5450 15805 1
18134 19618 2
166 16058 1
2366 4926 2
12453 16766 1
758 758 12
18135 19618 1
6000 14540 1
18136 19618 2
18137 19618 4
8132 8132 1198
8264 8264 2945
965 10007 1
2760 842 1
1280 2838 1
8983 18880 1
6879 3005 1
7212 18083 1
2820 6794 3
16025 16025 609
13167 11819 1
18138 19618 1
3615 16923 2
4984 2413 1
192 659 2
10770 10770 14
12586 19540 1
13525 1262 1
11629 11629 194
18139 19618 6
12528 10087 1
18140 18140 26
16192 19618 1
12756 19618 1
18141 19618 1
233 19618 2
18142 19618 1
10589 11551 1
7363 15435 1
14999 19618 4
14659 19618 1
309 17956 7
18143 19618 1
18144 19618 5
15611 15611 2
18145 5118 1
18146 19618 1
17356 17356 34
13343 13474 1
10696 6909 1
3109 3109 140
147 11618 2
18147 19618 6
18148 19618 1
12843 12843 39
15718 19618 1
3334 1205 1
12045 19618 2
10741 10741 3
18149 19618 1
839 19618 3
6376 10983 1
14644 14644 170
8536 15172 1
18150 19618 10
4508 9251 2
18151 15197 1
13804 19618 1
3660 3892 1
9383 19618 1
13789 19618 1
5329 5593 1
4110 4937 1
5662 5662 324
11523 16821 1
1389 9456 2
18152 18152 803
11333 7699 1
160 10477 1
9258 9258 46
18153 18153 93
683 683 4065
9327 18163 1
3544 7689 1
18154 18154 181
14058 14104 3
7956 12423 1
18155 19618 1
17490 19618 1
14304 14304 560
3932 6213 1
18156 18156 1
14010 19618 4
17788 19618 3
16775 19618 2
12041 12041 1101
14190 14190 11
5902 8181 1
8440 8358 3
1504 1504 10234
1515 10504 1
8926 10793 1
18157 18157 10
10319 10319 5
17044 4326 1
6676 6676 2
17416 19618 1
18158 19618 1
1798 19618 42
8291 19618 1
18159 2562 1
6944 6944 21
9126 9126 27
18160 18160 9
14428 19618 3
5802 5802 646
1505 18564 1
203 19618 26
13813 3555 1
4113 8816 2
16531 16531 1606
1677 12952 2
6586 6874 1
13967 13967 5
333 8504 1
18161 18161 84
13997 13997 47
281 466 2
58 16044 1
5138 19618 193500
11927 11927 4
8682 8682 11
897 15559 3
4963 4963 6045
15176 15176 204
11725 17055 1
6736 19618 25
829 12849 1
18162 19618 1
15004 15004 137
12520 19618 2
9875 12820 1
9141 19618 1
8043 8043 65
17129 17129 31
15977 15977 53
1053 9578 1
7409 3985 1
9862 9862 310
7907 18653 1
12595 19618 1
16249 19618 1
12242 12242 25
13262 13262 11
2222 19618 1
15575 15575 1316
4109 1423 8
1067 7425 1
10224 10224 206
5609 12829 3
17757 19618 2
15200 13724 1
5606 5606 4205
7349 7797 1
7648 19618 4
18163 18163 247
8602 8602 6
6909 13314 1
14108 14108 28
18040 18040 21
6712 14421 3
17061 13416 1
9293 16938 1
17738 19618 4
222 11515 1
2195 2195 182
7547 1829 1
18164 19618 2
7947 16276 1
7146 9629 1
16039 2358 2
1725 8054 3
4231 4231 2
6532 19618 11
8292 3766 2
7401 10531 3
12400 19618 5
7673 13439 2
14548 19618 1
9543 14951 2
1570 10738 1
15620 19618 1
523 16941 1
13730 19618 11
51 14848 1
5458 19618 1
6023 11125 2
3570 15257 2
4755 19618 17
18165 18165 228
5198 16929 1
17066 19618 1
16064 19618 1
2681 2681 2541
7665 7665 63
9822 9822 47
566 16055 1
7352 11843 1
18166 19618 96
3439 19618 1
15679 19618 4
7547 7547 83
2255 12430 5
11276 11276 1393
17771 17771 308
4593 4593 599
2490 6869 1
18167 19618 1
5473 5473 292
171 538 9
7917 7983 1
12006 12006 4
9065 19618 1
1335 1335 2720
2178 14283 2
790 17155 1
2330 2330 140
18168 19618 4
8015 19618 4
9897 14376 2
5835 19618 12
16259 16259 30
11186 19618 14
8330 18788 1
15088 19618 1
1787 1787 26
4784 15692 2
2230 19618 2
14838 14838 212
1243 3232 8
1486 13186 3
6338 19618 1
1085 544 8
15481 15481 12
4676 290 1
9617 11735 1
18155 18155 1
18169 18169 22
5505 5505 797
1060 1050 6
18170 19618 1
7278 19618 10
2513 2513 803
2632 5240 1
6808 15368 1
16992 16992 55
3457 19618 23
12661 12661 2379
7808 8539 1
8959 19618 5
10070 2252 1
18171 19618 5
16041 19618 2
6375 14333 1
10743 10743 281
2032 16067 8
692 692 245
1264 2207 2
1105 12106 2
14322 14222 1
5061 5061 4041
18172 19618 1
13756 19618 15
3380 13940 1
15880 19618 6
12205 19618 5
18173 19618 1
1405 554 1
15710 15710 75
5935 5935 5496
18174 19618 3
18175 18175 32
149 10818 1
1754 1754 616
18176 18176 15
14997 19618 1
13783 13783 82
7469 19618 17
18177 19618 2
10237 19618 7
5802 6693 1
6517 19618 8
4462 17415 6
6060 18499 1
12402 19618 1
6388 6763 1
14835 14835 104
8764 4596 1
1625 4472 2
12860 12860 617
18178 19618 1
16263 16263 52
6294 19618 5
6487 19618 1
5696 3821 1
6966 6966 174
205 7528 1
3444 16925 1
4784 4805 3
3763 3763 43
8199 4922 2
14798 14798 434
9282 19618 1
17683 19618 1
18179 19618 5
18180 19618 4
2598 19618 60
18181 19618 17
11714 11714 297
3619 13499 1
5234 18159 1
12831 12831 16
18182 19618 2
18183 18183 49
2586 13109 2
3530 3530 7702
11292 11292 9
12589 19618 12
16353 16353 39
8875 1418 1
18184 19618 1
17927 19618 4
18185 19618 1
2606 19618 57
18186 19618 2
9901 16355 1
13274 13274 20
10028 16520 1
2255 3917 5
914 5640 1
8753 8753 92
18187 18187 3
372 18935 1
18188 18188 22
1986 1197 1
16640 17930 1
378 565 1
18189 19618 1
1523 3004 1
18190 19618 2
11904 19618 1
2614 2614 1475
12852 12852 8
4423 4423 5449
2228 3303 1
5279 5279 52
11348 13574 2
18191 18191 560
9442 19618 72
2005 9565 1
17428 17428 51
18192 19618 3
18193 18193 13
3083 1374 1
5650 8939 1
14766 19618 1
1884 19618 2
4730 15398 1
7517 7517 97
18194 19618 2
166 8873 1
8120 19618 148
5087 19618 2
113 3081 1
11686 11686 14
8609 19618 62
4971 19618 6
429 429 92
6421 13714 2
16514 19618 3
18126 19618 1
5303 14607 1
7421 10073 1
18195 19618 1
9474 11705 1
132 19618 1
3185 19618 3
17106 19618 1
12834 19618 1
13573 19618 1
18196 18196 11
1438 19618 80
10396 10396 57
15021 19618 3
18197 19618 3
18198 18198 5
12249 12249 7
4660 19618 28
11346 11346 428
18199 19618 1
9950 19618 1
4210 18742 1
7091 7091 23
18200 18200 8
17728 17728 124
4215 4609 1
17122 19618 3
5094 7485 1
6671 19618 1
18201 19618 4
18202 18202 93
2644 19618 1
2137 8099 1
1143 19618 6
14606 14606 9
9479 1851 2
6480 218 2
15726 16415 1
7933 19618 2
2413 2413 2
14915 6059 1
1614 7664 2
18147 18147 298
18203 19618 1
18204 19618 3
15962 8229 1
2045 537 1
12857 12857 325
4199 10804 1
16957 19618 1
18205 19618 1
2468 5051 1
14805 8654 1
9738 9738 2289
13786 13786 3
7652 7652 4
8193 3382 1
6556 19618 22
18206 19618 1
5764 19618 1
41 13970 2
13860 13860 105
5648 9041 1
2772 11439 14
18207 18207 4
5763 5454 1
11103 9853 1
11325 19268 1
15179 15179 1
14870 19618 1
2899 2899 16
7540 19004 1
17464 19618 11
1188 19618 13
16204 3463 1
223 223 8382
5889 5889 216
18208 19618 1
10360 10360 37
7036 4711 2
10549 5492 3
18209 19618 1
3170 7763 1
44 19618 2
4261 11402 1
6370 19601 1
12032 12032 22
13038 13038 3
16185 19618 5
17235 19618 2
1805 9240 1
18210 19618 1
5942 19618 2
18211 19618 2
7788 18438 1
14313 14313 39
4657 5876 1
7088 19618 16
2949 10848 1
16609 16609 313
614 17455 1
2182 16904 1
11996 19618 1
18212 19618 1
11554 11554 40
15989 15989 35
4414 13928 1
1754 16496 1
1701 12801 1
892 19618 4
10361 19618 2
3265 3265 39
17648 17648 5
17114 19618 1
2661 19618 28
2308 12716 1
18213 19618 1
15076 19618 1
14418 19618 1
9716 9716 6
2619 19618 1
16875 19618 1
18214 19618 3
13703 13703 39
16356 19618 1
9241 19618 2
5234 11419 4
155 2580 8
3462 12568 1
11665 19618 1
261 9756 2
18215 18215 49
841 19618 23
17619 17619 14
107 19450 5
4189 18298 1
6612 19618 3
4139 4139 74
1654 1654 4472
14084 19618 1
8726 16208 1
1784 5680 2
18216 19618 1
18217 19618 1
17675 17675 3
18218 19618 1
5146 14676 2
5112 5112 4
13895 13895 3578
8514 8514 295
1772 19618 7
2132 13884 1
18219 19618 1
2272 2272 4764
18220 19618 1
18221 19618 1
10246 10246 38
18222 19618 1
611 16195 1
18210 18210 18
10943 19618 4
9182 9182 65
8472 19618 1
16235 16235 521
2891 1502 4
10313 13807 1
2451 2451 689
13056 13056 99
16490 19618 2
9848 2950 1
1783 1783 251
7440 15610 1
10000 19618 1
5633 5633 10
275 275 968
11326 11326 24
15342 19618 5
7833 7833 2
15905 450 1
6247 6247 1433
2666 18219 1
8318 16217 1
18223 18223 4
901 13566 1
7642 11786 1
18224 19618 1
16907 16907 24
18225 18225 47
585 9115 1
1834 147 1
1401 1946 1
7311 7311 401
18226 19618 1
17345 19618 1
18227 18227 87
11948 11948 93
8313 8313 160
7728 11081 1
18228 19618 1
1062 10426 1
2990 19618 1
9240 19618 1
5207 19618 1
6886 19618 19
16487 19618 1
9061 9061 4903
4558 9653 1
18229 19618 1
8177 19618 3
18017 19618 1
16599 19618 2
5335 5335 1131
5399 19618 18
12922 19618 7
7044 2138 1
12808 12808 21
18230 18230 29
3979 2393 1
4502 4502 11223
14281 19618 2
17896 17896 9
16657 16657 163
8268 2456 3
14877 14877 41
16635 19618 10
10988 8973 2
5564 5564 1024
1210 1210 5
9106 14764 1
1695 10823 2
5836 10815 1
5155 3686 1
3515 19618 258
12519 12519 9
8716 8716 5
13572 19618 9
15988 15988 277
3989 17429 1
1275 13324 1
309 2196 2
2244 2244 52634
12686 12686 53
15252 19618 4
18231 18231 32
18232 19618 2
8708 12457 1
12667 19618 2
11858 19618 1
18169 19618 3
2448 8463 2
17221 17221 348
14582 14582 1153
13823 13823 47
5592 19618 1
7147 15026 1
8239 2093 1
1269 1269 95
12665 19618 4
4203 5563 1
7924 7924 206
14167 14167 280
15050 15050 119
8627 8627 64
18044 19618 12
18233 18233 25
18234 19618 1
18235 19618 1
13143 19618 2
7192 19618 1
17714 19618 3
12011 12011 453
18236 18236 58
8416 10275 1
6384 6384 3192
11559 11559 2
9646 9646 4654
18237 19618 2
7980 7578 2
18238 18238 2
6448 18093 1
11070 19023 1
567 567 38
4541 4541 102
9540 6093 1
17749 17749 60
11009 14747 1
1862 15633 3
3250 3250 441
8981 8454 1
8459 8459 35
15422 19618 1
2359 19618 10
788 19618 1
3813 10687 1
17408 17408 596
18239 18239 21
10315 10315 11
18240 19618 2
9074 19104 1
287 15434 2
18241 19618 4
18242 19618 2
15178 19618 1
18243 19618 5
13162 19618 1
2402 12898 3
10912 10912 5
3014 19618 4
3068 11466 1
393 19618 2
112 12488 2
15285 4575 1
614 8382 2
1240 19020 1
1631 5831 3
3318 3318 4
13189 19618 17
10454 19618 22
18244 18244 311
15240 19618 1
441 4894 1
4753 4753 32
13228 6591 1
8335 8335 442
2571 19618 8
354 9415 1
18245 19618 1
16383 16383 4
6320 6320 1152
16392 16392 305
7654 19618 1
15100 19618 1
17551 19618 1
18246 19618 2
11454 19618 1
5992 19618 1
18247 19618 13
8958 8958 1307
7161 12890 1
15087 14044 1
16127 16127 255
18248 18248 33
13618 13618 1303
10329 10329 121
12745 12745 15
17101 19618 5
4443 4443 52
12543 19618 1
7984 19618 97
5033 5033 5830
1119 17074 1
11864 19445 1
1896 2846 1
11725 19618 147
4695 13042 1
17308 19618 2
7999 19618 21
18249 19618 23
18250 19618 1
11273 11273 69
1094 13931 1
5730 15960 1
18251 17357 1
7956 19618 13
4143 17203 1
6710 13517 2
3989 18712 1
18206 18206 4
1403 19568 1
8106 4379 1
14586 14586 154
6386 6386 20
4763 14802 1
189 17739 1
355 381 1
6046 19618 160
18252 18252 28
11216 19618 3
5805 19618 1
13882 19618 5
2957 8490 1
481 679 3
14095 19618 8
2176 3902 3
615 13681 1
2096 14564 1
5804 10760 4
3605 5845 1
11652 12986 1
1243 9339 10
18253 19618 1
5266 19618 2
2998 2998 451
11803 11803 5
13343 19618 2
2768 327 2
14846 14846 7
845 744 4
18254 19618 1
10605 4361 1
11556 11556 8
12904 12904 21
18255 19618 1
17001 17001 3
14275 18112 1
17964 19618 4
2462 2140 2
18256 18256 19
18257 19618 12
18258 19618 1
4508 8628 2
4421 4421 271
1804 1804 10556
10397 10397 4503
13454 19618 1
18259 18259 6
18260 3059 1
13179 15853 1
17156 19618 3
6821 7408 1
18261 19618 1
9212 19618 1
18102 19618 1
6046 13655 5
17995 19618 13
11122 19618 1
10695 10695 9231
11206 10238 1
15136 15136 126
18262 18262 60
10986 8848 2
6204 19618 1
297 11169 1
2308 4475 2
3556 3556 174
868 19618 12
9928 9928 268
18263 19618 4
12971 7968 1
3170 16681 1
5734 9086 2
18264 19618 2
15723 15723 186
16776 16776 23
9259 19618 360
10466 19618 7
15111 3108 1
4689 6468 3
13991 13991 12
6508 8411 1
2770 7347 4
17217 17217 2
14393 19618 1
11616 11616 35
303 19618 41
18265 19618 1
4498 19618 144
11929 11929 49
10165 12645 1
7048 7048 1
81 81 1
18266 18266 165
16552 19618 2
9225 1283 1
5231 6336 1
11590 11468 1
2200 1797 1
18267 19618 1
14345 14345 343
17597 17597 286
11840 391 1
18268 19618 4
9750 2380 2
5855 5855 590
2434 9575 1
18269 19618 1
18270 18270 10
1211 1211 2507
1866 747 1
10069 10069 57
6166 6166 12599
3279 3279 3274
8520 4158 1
4156 15344 3
17113 17113 48
18271 19618 3
12226 12226 41
4494 4494 85
13477 19618 1
1575 12901 1
18272 19618 1
1610 19618 4
12136 12136 1
2930 1523 1
18273 19618 2
6201 6201 16
17065 17065 48
18274 18274 18
6255 6255 49
13652 13652 9
7725 12796 2
3615 19618 61
8900 19618 8
18275 18275 3
3338 18404 1
5560 5338 1
8828 8828 7
5252 5252 260
8397 8397 210
14384 14384 2
8913 19618 263
18276 19618 1
3226 19618 1
5000 17014 2
4702 2020 2
4926 19618 3
3363 12242 2
17872 17872 1
2938 4535 1
1243 9289 1
4546 19618 1
79 79 122
1664 12135 1
11219 12343 1
2169 16293 2
15163 15163 34
4269 4269 582
18277 19618 1
14021 19618 1
15878 15878 144
5917 8740 1
2261 4181 1
9852 19618 1
492 7518 1
11614 2575 1
6906 6906 249
14016 19618 11
1784 18471 1
7055 575 1
2919 2919 797
5447 5447 7
11729 11729 189
17638 17638 73
3980 3980 29
4101 3111 2
2276 7271 4
15780 15780 2
18227 17760 1
2110 15008 1
18278 19618 1
18279 18279 7
18280 19618 1
11519 19618 1
4532 4532 3
4093 4093 1070
18281 18281 5
16103 19618 1
8320 19618 23
5609 16046 3
9103 9103 42
18282 19618 1
7822 7822 38
3304 1840 1
17734 17734 10
7106 18055 1
11462 19618 1
2426 6378 1
16568 19618 12
8601 19618 25
4042 14801 2
11121 11121 10
10011 10011 1026
10179 19618 20
14340 14340 615
16925 16925 183
536 5088 1
10181 2712 2
11334 17032 1
6355 13106 1
5038 3051 2
5109 5109 1361
10206 10206 6
14383 14383 64
6709 19618 6
9098 9098 4
8225 19618 2
13940 7092 1
4188 6293 1
707 7824 2
5362 19618 3
18283 19618 1
13602 19618 1
3895 3895 332
18284 18284 86
5490 19457 1
18285 19618 1
2244 5814 12
6553 19618 4
409 17707 2
12632 12632 495
13210 19618 2
10800 11108 1
3135 12164 1
4795 19618 1
18286 19618 2
18287 18287 5
5780 17994 1
18288 19618 1
18289 19618 3
6436 1680 1
8963 4755 1
18290 19618 73
3287 3287 82632
1528 19618 3
1332 19618 3
6286 6286 203
18291 19618 5
3281 1658 1
8143 17660 1
18292 18292 5
9483 9483 40
9605 4518 1
18293 19618 2
12439 12439 47
10324 11767 3
3287 19106 1
18294 18294 42
705 4763 4
9908 5230 1
7595 19618 85
18295 19618 12
1306 7191 2
1994 1994 352
2351 12386 1
18296 19618 2
13565 19618 2
5544 13297 1
8227 4579 1
17090 17090 2254
18005 19618 1
8421 2086 1
776 4327 1
8759 11565 1
11024 19618 1
9276 12947 1
12367 19437 1
1060 16547 2
18297 2447 1
17159 19618 1
5335 16272 1
5692 15779 2
10187 10187 132
18298 18298 19
4544 73 1
9444 785 3
10263 19618 13
15443 1753 1
18299 19618 2
3289 19618 8
10397 12578 3
4401 17752 1
12908 19618 3
5283 5283 35
16214 16214 76
7130 6603 1
15242 19618 7
18300 19618 1
5470 5470 26
2556 1146 2
13822 10278 1
804 804 1832
287 12448 1
13233 19618 1
6606 12777 1
11184 19618 13
10886 9351 1
4577 4577 76
1386 142 1
3523 13370 1
18301 19618 4
709 709 117
1441 993 1
2978 2978 51
18302 19618 1
3324 3324 58
18303 19618 1
10683 10683 124
6909 12323 1
18304 19618 1
4135 4135 76
4312 4312 1062
5019 2258 1
2482 19236 1
7829 19618 8
18305 19618 1
2511 16366 2
17912 19618 6
7474 13124 1
9818 8297 1
4791 19618 21
3256 13553 1
15027 15027 6
4828 4828 47
3619 14721 1
18306 19618 3
16170 16170 4
8898 19618 4
3363 17202 1
17182 17182 16
17597 19618 4
1483 1483 2957
3286 11650 1
735 16254 1
18307 19618 2
17821 19618 2
10702 19618 1
12331 12331 3
3646 3646 1105
18308 19618 4
1246 1246 1729
1329 1329 71
16866 16866 32
621 946 2
5865 3142 1
9727 7445 1
15147 19618 1
2320 16808 5
9639 7264 1
16753 19618 5
4401 3592 1
18309 19618 2
18310 6343 1
17056 19618 1
2277 17575 1
3377 14814 1
404 19618 9
7056 17344 1
18311 12989 1
18312 19618 2
2688 2688 753
2299 19618 1
11785 11785 2
831 14519 1
5627 11229 1
10526 19618 5
15958 19618 15
11652 11652 445
5751 18580 1
5593 5003 1
3608 2215 2
18313 18313 8
3720 13506 1
621 6825 29
1067 15989 1
8509 19618 1
3566 12246 1
18223 541 1
11363 12536 1
2305 2305 1623
6118 19618 1
8710 8710 10
18314 18314 72
5203 6816 2
18315 19618 1
4323 19618 51
8705 144 2
18316 19618 1
10920 10920 1889
11516 11516 57
4285 415 3
18317 18317 240
5133 19618 331
18318 19618 1
1041 481 1
12936 19618 1
708 5218 1
12719 19618 11
7456 478 1
18027 19618 1
16709 248 1
130 19618 1052
10003 19618 1
352 10310 1
17339 8075 1
9381 19618 1
9753 6654 1
13435 13435 866
1428 15329 1
615 13667 1
11214 19618 2
17674 19618 4
16252 19618 3
30 11860 3
17321 19618 11
6220 19618 2
15512 11141 1
4434 14599 3
4262 4262 59
17987 17987 85
18319 19618 3
9355 9355 309
5006 17243 2
14818 14818 10
10599 19618 1
187 19618 196
6695 9449 1
1153 3410 5
1585 1678 1
6757 16055 1
10244 19618 1
14633 14633 1
17994 17994 9
217 19618 51
9834 19618 2
6444 6444 1
18320 18320 72
4061 9357 1
18321 19618 1
354 9226 1
4774 19618 1
6400 6400 290
5767 17353 2
7261 19618 2
4806 4806 558
249 5289 1
3615 282 1
13500 19618 6
6609 6609 1227
1053 17844 1
4230 15970 1
134 1284 1
13323 19618 3
3943 14185 1
7990 7990 98
18322 18322 47
9442 86 1
11815 11815 3
4415 11288 1
3557 3557 200
14874 14874 39
895 16860 1
15743 19618 1
18311 18311 91
1095 883 2
1359 4190 2
9821 9821 43
1916 7058 1
4807 19618 6
1458 295 4
8797 19618 1
16820 16820 27
1049 9494 1
14188 19618 3
15241 15241 3
17313 19618 3
877 12515 1
11844 19618 1
5982 5982 88
18323 19618 1
15996 19618 1
5635 3580 1
18324 19618 1
7453 7453 127
18325 18325 22
2796 3517 1
4922 7502 1
5522 19618 1
833 19618 368
390 18006 1
9259 8685 5
18326 19618 1
7791 19618 10
4128 4128 92
10536 10536 176
6027 19618 11
18075 18075 27
16779 19618 16
390 8030 1
4109 17238 2
7146 19618 70
3418 3418 100
18327 19618 1
6580 6963 3
495 14945 4
676 11930 2
12968 11484 1
3680 18988 2
5747 19618 4
13541 13541 36
2748 19618 2
6389 6389 424
703 8242 5
9147 4756 1
2631 2631 11
395 2659 2
16893 19618 8
8883 4157 1
18328 19618 1
17978 17978 17
18329 19618 4
16491 16491 18
3746 19618 17
18161 19618 1
11732 17413 1
12330 7317 2
443 19618 10
10199 10199 8
585 5037 1
15892 15892 24
16117 19618 1
1463 19618 29
11722 19618 32
14552 15258 1
13869 4314 1
1715 3167 1
2916 19618 13
18330 18330 87
4847 13637 2
3814 2642 1
4025 5945 1
18331 19618 1
15263 15263 12
4757 19618 1
9538 18294 1
1987 1987 2302
6241 6241 162
18332 18332 234
15087 15087 1714
1504 7926 1
676 1862 3
9352 1963 1
446 19618 5
59 19618 47
16462 19618 21
6745 18094 1
3698 13357 1
1729 13686 1
7613 2840 1
18333 18333 85
1784 5061 1
5837 19618 1
2366 298 2
205 15407 14
13194 18982 1
6902 19618 15
1755 8711 1
15187 19618 1
6503 19618 39
9550 1856 2
13456 13456 57
18334 19618 6
3629 14156 2
16945 19618 1
9777 19618 5
6825 19378 10
18335 18335 9
11942 11942 122
270 10222 3
13844 13844 55
18336 18336 13
16061 19618 1
5623 5623 21
2579 19618 1
7955 7955 22
9332 4310 2
10314 15388 1
18337 19618 3
1901 2303 1
2999 19618 1
91 11328 1
5874 5874 593
18338 18338 137
7093 19618 9
5730 457 1
18339 19618 1
18340 19618 1
6499 19210 7
551 10890 1
3086 8526 1
9964 9964 136
12341 2533 1
17026 3459 1
18341 18341 181
12501 19618 33
11590 11590 4528
5639 11525 1
1645 19618 1
9090 19618 3
5368 5368 807
14715 14715 473
2307 3946 1
8648 17286 1
17651 19618 11
9908 12411 1
18342 19618 1
10992 10992 24
4691 6727 1
4065 19618 85
14645 19618 2
2130 17330 1
14804 14804 16
13379 13379 81
15131 15131 1451
6156 6157 2
358 17347 1
17781 17781 5
372 15481 1
18343 19618 5
18334 18334 174
18344 19618 1
9914 6488 1
18345 19618 1
6227 566 1
14206 14206 404
9666 19618 13
202 202 1602
4384 4384 324
18346 19618 1
17677 19618 1
2689 2689 12298
250 3317 1
15731 15731 279
8748 79 1
4902 10136 2
18347 18347 1
18348 19618 4
11375 2969 1
13267 19618 1
16018 19618 1
18349 18349 55
2906 870 1
17501 17501 5
14697 3881 1
18350 19618 2
15110 15991 1
11783 16199 1
1001 4037 1
12197 19618 3
9061 9927 1
391 9481 1
14915 19618 1
6947 7712 2
2627 19163 1
15479 18651 1
8609 8609 2462
6623 4811 2
18351 19618 1
10345 6504 2
5746 1610 1
1354 6165 1
14848 3360 1
6600 19618 1
10685 7083 1
7439 19618 1
12983 12983 9
17888 17888 23
18352 18352 39
4129 16348 1
4656 19618 24
18353 19618 1
15777 15777 482
5789 5789 139
16555 19618 4
15854 19618 2
18354 18354 627
10627 10627 9
9430 9430 1308
6018 6018 323
11469 19618 4
8895 8895 16
844 11123 1
16910 14341 1
10646 16928 1
3215 2022 4
17531 17531 403
18355 19618 4
3153 3153 946
4067 19618 1
4029 12201 1
16790 16790 24
3304 3304 308
5860 5860 4745
3795 3839 2
9150 9150 9
6226 19618 4
14893 19618 2
18356 18356 20
1784 609 1
18357 18357 15
13243 1479 1
18107 18107 255
14244 4236 1
7054 7867 4
13404 19618 1
12764 19618 17
1099 7169 3
18358 19618 1
13398 4224 1
18359 18359 5
7929 8386 2
4736 16622 1
8734 17600 1
1477 3847 3
17517 17517 14
4461 13705 1
15601 15601 25
7993 16612 1
11266 11266 847
5410 19618 4
18360 18360 1
10098 19618 1
4860 19618 2
6013 6013 222
1565 1160 1
18338 19618 7
6034 16336 2
18361 19618 2
18154 19618 5
871 14765 1
1280 1280 2070
11178 2322 2
406 11751 1
4100 4100 445
14688 14688 275
18362 19618 1
6873 19618 7
15383 11433 1
18363 19618 2
4014 11387 1
3427 5546 1
16427 19618 3
13791 13791 692
355 12075 4
469 19618 1
18364 19618 1
18365 18365 21
419 419 1
451 19618 200
18366 19618 4
2295 19618 2
18367 19618 1
16485 19618 1
8440 14865 1
2885 617 1
10065 19618 20
11262 19618 1
16209 16209 51
9882 17327 1
18368 19618 10
18369 19618 14
15416 15416 124
16886 19618 1
5861 19618 1
16275 16275 18
1284 19618 1
10657 18893 1
18370 18370 15
12502 12502 157
10392 19618 5
14981 19618 1
1583 19618 1
1604 18762 1
12337 12337 17
18371 19618 3
18372 19618 1
12266 2490 1
16995 16995 418
18239 19618 1
223 9417 1
12344 12344 52
1548 19618 749
6818 19618 23
12456 19618 3
12478 19618 25
18373 19618 1
7989 7989 24
3484 18074 1
16256 16256 69
6683 19618 3
18374 19618 2
18375 18375 2
712 19618 23
18376 19618 3
5420 11025 2
17652 17652 23
13747 13747 190
18377 19618 2
11707 14960 1
664 664 10
16365 10740 1
5912 5912 2
495 15067 1
7069 16337 1
7491 5417 1
18378 19618 1
17268 19618 2
16109 16109 688
2860 17206 3
9085 9691 1
7164 19618 1
4304 5540 3
296 5349 1
1698 17549 1
5868 12633 1
17563 19618 2
18379 19618 1
10733 10733 4
8124 8124 1424
12690 12690 27
5498 5498 177
4989 1198 1
17634 19618 8
840 3583 1
18380 19618 1
10507 19618 1
8703 2872 1
4180 893 1
18356 19618 1
18092 19618 15
3548 3548 343
18381 19618 1
6320 19291 1
10488 19618 2
614 18636 1
4629 19618 5
18382 19618 1
18383 19618 1
4788 15440 1
7527 19618 1
18384 19618 1
17475 17475 8
14255 14255 19
18385 19618 1
2 2305 3
16966 16966 25
7685 7685 9
6070 6070 148
8213 11103 1
4458 19618 37
2820 15913 1
14681 14681 27
16430 16430 42
12924 15176 1
7929 14458 1
9276 9276 295
6166 13749 1
4957 7462 2
10904 10904 566
2846 12571 1
9628 19618 1
14513 7454 1
17179 17179 4
3578 4286 1
17230 17230 43
12737 19618 4
5231 13875 1
7288 7288 2109
3776 12836 1
838 838 1109
18386 19618 1
5654 9113 1
17389 19618 7
5914 6461 1
641 641 7205
11600 19618 12
6187 19618 1
5223 8574 1
3447 19514 1
3266 3266 195
12141 12301 1
10172 9568 1
18387 19618 15
12700 19618 1
3619 16422 1
18388 19618 23
6855 6855 476
9565 19618 1
5601 18603 1
10179 5369 1
1103 9036 2
4499 4499 140
1420 15866 1
18389 18389 19
17611 17611 327
990 19618 2
5409 12425 2
2679 13825 1
544 16116 1
3070 19618 9
4897 4173 1
6510 12279 2
18260 18260 15
4783 1051 2
621 16852 1
12658 1692 1
18390 19618 2
6252 19618 9
18391 19618 12
2262 14238 1
11189 19618 1
18392 18392 1
5654 1492 1
18393 18393 311
14967 14967 4
2639 13511 2
2269 2269 19
14187 19618 1
7769 7769 37
13090 19618 10
13284 13284 211
7271 7271 231
12903 17188 1
18394 19618 1
829 19618 808
5351 5351 16
9461 9461 38
1448 1448 552
18395 18395 70
18396 16503 1
5596 19618 94
11425 11110 1
17484 17484 104
18397 18397 2
9875 9875 4991
1707 9547 1
6606 6606 1624
18398 19618 2
10533 17729 1
2689 12866 1
4181 19618 12
259 16143 1
6625 19618 2
8226 109 1
6163 6470 1
5006 19189 3
6409 19618 18
16882 19618 20
14742 19618 3
8540 8540 52
14446 14446 1238
18399 18399 109
832 14379 1
18400 19618 3
4048 4048 371
1333 17366 1
10694 10694 2172
15161 15161 2
2618 2618 8082
16737 19618 7
1182 1182 1666
17580 17580 181
11435 19618 3
16233 16233 535
1293 9035 5
11489 14071 1
17765 14343 1
4237 19618 1
4047 16796 1
12536 12536 84
6060 18357 1
14388 14388 39
5431 5431 6
10392 10392 378
18336 19618 1
14050 14050 177
16145 19618 1
10447 2341 1
7349 14913 1
17666 11461 1
18401 19618 3
18402 18402 5
4470 10270 3
1975 19618 2
760 19618 1
16983 16983 23
8483 17500 1
14763 14763 14
9568 19618 27
710 3919 5
1080 1080 11
15898 17487 1
16746 19618 1
18403 19618 1
15379 15379 542
10296 19618 20
4957 18360 1
16991 19618 2
18372 18372 2
7502 19618 1
5057 17140 1
7088 4908 1
412 19618 2
6089 7135 1
7972 19618 112
921 15949 3
295 13464 1
3909 8862 1
16443 19618 21
786 17205 1
11837 19618 19
4881 1677 1
15145 15145 65
2548 19618 25
11492 12297 1
12928 19618 4
13321 15256 1
14654 14654 9
735 19618 4961
17729 17729 71
14119 19618 1
17419 19618 1
14784 14784 6
18404 18404 264
11160 12445 1
5730 16570 2
11841 19618 22
14793 19618 1
2062 9344 2
16839 16839 13
549 10928 1
14862 14862 159
170 8361 1
18405 19618 6
8199 12776 1
3532 19618 7
7120 9567 2
3744 19031 1
5850 5850 1312
3133 1428 1
1656 13859 1
667 19618 1
311 311 96
18406 19618 1
9548 9548 1359
9162 19618 11
10479 10479 135
329 5331 3
1125 12533 1
18407 19618 2
2334 521 1
18408 18408 16
15315 15315 71
18409 18409 129
16423 16423 8
18410 19618 1
17288 9142 1
832 19618 337
1456 1456 229
18411 18411 35
2334 18690 2
5791 19618 1
16870 4514 1
8693 19618 4
155 17633 1
13753 19618 1
2071 19618 3
18029 19618 1
849 849 53
18412 19618 1
5355 17199 1
275 10444 1
18413 19618 2
4902 16405 1
17999 17999 7
5367 12395 3
3450 19618 1
2861 6185 16
1552 1552 3842
16900 19618 1
10183 12253 1
5094 5318 1
10074 19618 36
2720 7839 1
9908 12286 3
14648 14648 26
3307 10969 1
18414 19618 1
8342 19618 1
3495 1980 1
5799 5799 18
8861 8861 22
2043 14150 1
112 16566 1
13135 19618 1
17336 15856 1
16672 16672 33
1726 19022 4
18415 18415 3
13383 13383 3
14099 14099 12
7851 7851 18
2467 19618 39
5641 5641 1365
5316 12742 1
16126 19618 1
6384 15638 1
9228 3111 1
14257 14257 13
4716 8444 2
16649 18744 1
12814 19618 1
5605 12146 1
9902 7695 1
10282 19618 1
3845 3845 2331
18416 19618 1
18417 19618 2
8102 19618 1
4830 4830 1
9331 6546 2
11260 19618 24
11768 11768 8
11759 19618 15
18418 19618 1
7704 7809 2
10375 19618 2
177 16200 1
18419 19618 2
18420 18420 12
7446 19618 4
16836 19618 5
4011 14754 1
15597 15597 222
7363 16682 1
94 94 1545
2669 17904 1
16812 19618 2
7950 7950 1657
15073 15073 4
15434 15434 83
10407 6134 1
18421 19618 7
2338 19618 2
14403 14403 14
2118 2118 1780
17572 19618 1
1707 10598 1
17516 4106 1
18422 19618 3
17477 17477 306
5080 19325 3
1454 1454 286
1932 558 1
365 365 7852
4250 3664 1
350 10230 1
7335 18048 4
17009 19618 1
8906 406 2
12355 16128 1
18423 19618 2
16436 19618 23
879 19618 1
12551 12551 117
710 13796 1
5798 18308 2
8264 250 1
1768 14125 1
15623 19618 1
10222 12285 1
13928 13928 128
6925 6925 10
11856 19618 6
2548 2548 1132
8186 16264 1
1873 1987 1
2663 19587 3
18424 19618 6
314 19481 9
2740 2740 640
12028 12028 404
7519 7519 4892
3431 19618 1
17805 17805 71
11725 2501 1
967 19618 4
18425 18425 219
17102 17102 5
18426 19618 1
9464 9464 8
13787 13787 63
14316 1191 1
5878 8535 1
4310 9564 1
3570 1002 1
9655 18130 1
3675 19618 1
9410 19618 3
2804 7871 2
18427 18427 10
11379 13265 2
9720 9720 538
11782 19618 1
11947 19618 1
8171 19618 4
7441 5622 1
244 19044 1
11317 11317 438
12189 12189 547
5566 9445 2
15930 15930 31
1572 8390 1
1106 6170 4
18428 18428 31
11084 19618 20
7874 7874 11
9981 7471 2
1883 19618 5
14231 19618 1
6603 11977 2
12355 7752 2
16976 19618 1
130 12282 1
18429 19618 1
8476 19618 1
11961 19618 1
16092 18976 1
500 19618 1
18430 19618 8
8370 8370 61
12089 19618 1
18431 18431 3
18432 19618 1
2114 3462 7
5893 10751 1
5048 5309 3
15446 19618 3
10070 14113 1
5350 5350 2050
481 16961 1
3264 19618 2
6731 18529 4
753 18594 7
6879 14291 1
8528 8528 3343
247 10305 1
18391 18391 554
527 5738 1
8551 7941 1
16650 16650 164
4014 14627 1
18433 19618 3
992 2078 1
11552 19618 5
18434 18434 648
8161 8161 125
15352 11522 1
18435 18435 26
5097 5097 450
1393 13120 1
3172 19618 2
16533 16533 13
2670 8940 1
3044 3044 15
7000 19617 1
11221 11221 68
4094 19618 1
2466 8233 1
2172 2172 41
1040 10254 1
18436 18436 138
13161 13161 335
107 11295 7
8317 19618 1
18437 19618 1
17676 17676 45
5010 19618 2
15003 19618 1
11412 3532 1
4297 9650 1
895 895 641
18438 18438 10
763 763 17
18439 19618 1
1996 1996 190
1389 3234 2
15057 15394 1
1067 5806 2
4762 19618 25
3307 2628 2
9004 9004 54
12538 12538 768
1257 728 1
14474 8342 1
18440 19618 3
4664 19202 1
11465 19618 20
3201 14786 2
6805 19618 1
2769 8098 1
6197 16235 1
37 37 1053
4959 4959 462
18441 19618 2
7544 19618 17
16532 1407 1
705 12591 1
545 545 8
10550 9502 1
17387 17387 12
13367 13367 94
1931 19618 1017
18335 19618 1
478 12793 1
7269 19618 3
10120 10120 59
18192 18192 77
5340 5340 477
3173 12474 3
10198 10198 34
9614 19618 6
3588 9237 7
17910 11528 1
17331 17331 26
5084 2005 1
18442 18442 16
1017 10002 1
2302 2302 18
8147 7276 1
8520 19618 47
1719 3671 2
18443 19618 1
14585 17659 1
18444 19618 1
7247 19618 41
5420 4578 1
18445 18445 21
13792 6622 1
390 2040 1
12994 19618 3
3298 8543 1
11563 14631 1
18353 18353 10
5798 4580 1
5133 4364 3
4119 2636 2
3015 17256 1
277 9908 2
16267 19618 2
1701 19045 1
13243 19618 3
2694 19618 1
4156 11646 1
8622 19556 1
13054 13054 212
1308 9635 1
18112 18112 2
7516 11918 2
7900 3428 1
18446 19618 2
668 19618 8
15945 15945 100
2552 19618 1
270 19618 183
1209 17990 1
10622 8448 1
6421 3103 1
2154 2518 1
12810 15940 1
3236 3236 5812
4223 8042 2
10807 8247 1
7526 19618 5
18447 19618 1
9499 19618 94
18448 19618 3
7749 19618 1
6858 9852 1
18449 19618 4
15859 19618 67
2505 19618 329
859 19618 4
6999 19618 1
12629 7286 2
15720 15720 25
18152 16388 1
2025 17471 1
222 4302 1
12772 12772 24
904 1671 4
2930 17465 1
11288 19618 2
12209 19618 2
6478 4642 1
1282 19618 1
1572 17039 1
5831 5831 1971
830 412 2
2185 6599 1
10810 19618 1
2506 10335 2
18450 19618 1
11695 11695 1059
7236 7236 4192
9987 19618 38
11302 10658 1
6132 19618 36
2573 2573 292
687 11691 1
2816 2816 74
18042 13647 2
6819 6819 641
13313 13313 813
17413 17413 6
17586 17586 85
2143 14986 2
13179 13179 842
155 1340 6
14844 14844 13
2114 2114 12133
18451 19618 3
1726 18328 1
14342 14342 126
10768 19618 3
11350 19618 1
3737 8380 14
16922 9860 1
15788 15788 72
18053 18053 188
18452 19618 1
3737 19618 916
4462 15437 4
10656 19618 1
9755 19618 1
1567 12450 1
8906 19618 87
17138 17138 1
16800 16800 119
16476 19618 1
13397 13397 66
4414 7126 1
2366 11920 1
18453 19618 1
10484 10527 1
18454 19618 1
17560 17560 8
18455 19618 1
4348 4348 17735
3240 19618 6
17924 17924 141
5183 5183 181
18150 18150 159
1465 1465 201
15919 19618 2
14851 14851 65
18456 19618 3
12960 19618 4
14191 19618 6
107 841 8
14321 14321 33
3711 12555 1
18457 19618 1
4364 627 1
11160 19618 1
4949 3358 1
1725 14827 1
15190 19618 5
10026 19618 5
18458 18458 1
4279 17092 3
2079 10972 1
8462 8462 17
10207 10207 119
18459 18459 38
4508 4508 4318
10920 12510 2
4768 4903 4
18460 18460 91
8868 8868 3176
8359 19618 1
10436 19618 1
6468 7294 1
7395 7395 3
18461 18461 93
13256 653 1
11059 11059 29
1008 6039 2
18462 18462 95
6495 6495 3447
18463 19618 1
18464 18464 2
1902 10694 2
18465 19618 2
12724 19618 1
1214 19618 259
702 5451 2
16053 16053 55
4304 2475 3
13569 13569 4
2234 19618 12
6558 9606 1
18466 19618 1
13318 19618 3
2322 9843 1
735 8752 1
18180 18180 219
6909 6590 1
10954 19618 1
2751 13979 5
6417 19618 1
16158 16158 76
18467 18467 19
16161 16161 12
5030 10127 7
3571 10688 6
7167 119 1
11563 11563 3092
391 15925 1
4842 15957 1
12 3302 2
8677 8677 5
18468 19618 1
17058 8017 1
17857 17857 18
7044 4204 1
10003 10003 146
15055 15055 28
1839 1839 41
1934 19618 8
18469 18469 147
18470 18470 16
17584 19618 5
5409 11827 2
2166 8567 1
5767 16599 2
2615 8933 1
15033 15033 27
10156 19618 8
4118 19618 22
2776 137 1
18471 19618 28
3653 19618 117
18467 19618 1
2490 8091 3
11256 19618 3
13765 17038 1
7844 7844 306
8108 19618 1
18396 19618 5
365 14183 5
18472 19618 1
18473 18473 10
5586 19618 1
18474 19618 1
621 19204 1
2530 11807 6
11619 11619 1407
896 4822 10
8717 3515 1
5183 11793 1
699 699 19
5993 193 2
17937 17937 8
15549 19618 6
3571 1597 1
2527 3855 2
4908 19618 1
3884 19179 1
17293 19618 1
14249 14249 72
2768 8797 1
11523 7235 1
4191 4191 6617
13146 19618 1
9986 9986 70
18026 18026 1
12925 12925 26
10148 10148 24
15588 19618 3
18475 18475 3
16277 19618 2
8041 8041 5236
2957 2957 1069
9375 9375 215
18476 19618 1
12207 19618 25
3989 1580 1
6051 7747 1
5888 13227 1
18477 19618 7
18478 18478 32
5170 13999 1
9599 13390 1
4010 13482 1
11053 19618 3
1504 1321 2
18479 19618 1
5820 5820 2023
11062 19618 6
2632 6756 1
4297 1952 1
7524 7524 1
18480 19618 2
18481 19618 1
9813 9813 20
10313 17614 2
5529 5529 685
12762 19618 6
18482 19618 1
1372 19618 1129
12307 19618 9
7406 8224 1
1057 5996 1
3332 3332 309
12220 12220 30
2670 9592 4
12185 12185 10
5322 4423 4
18483 19618 1
10838 10172 1
9906 9906 506
17145 17145 21
9425 9425 388
14767 3590 1
3774 19618 2
5596 9903 1
12699 19618 10
11042 19618 8
13505 13505 15
18484 19618 1
344 3559 3
354 16281 1
18485 18485 98
5804 19618 152
18486 18486 50
555 555 216
5672 19618 42
18487 19618 2
8718 4143 1
14064 3320 1
2751 8125 1
13971 13971 3
2225 7166 1
6869 6869 193
13560 253 1
2360 19618 1
12319 12319 771
13101 19618 1
8086 8086 21
6983 15849 2
15106 15106 4
9035 9035 287
18488 19618 4
6303 18166 1
7817 13403 2
6085 7830 1
4712 19618 1
16963 19618 1
1469 19618 2
6409 5584 1
10460 19618 1
18489 18489 9
15640 15640 127
4704 19618 1
11890 18463 1
15215 14434 1
5601 228 2
14445 19435 1
6363 6363 307
461 19411 9
18287 19618 1
9463 9463 14
15504 19618 68
14822 19618 1
8913 12526 3
5883 5883 8
1597 13707 1
13128 16653 1
18050 18050 98
1932 1691 2
6825 2927 2
9176 9176 253
14161 19618 1
2896 19618 1
4582 4582 2657
15690 15690 3197
5326 10387 1
6603 332 1
103 103 73
11174 11174 20
10747 10747 6
377 1023 1
11523 19618 173
13178 13178 23
4655 4655 18
17620 19618 1
218 14990 1
2244 7252 17
18490 19618 5
18491 19618 2
5019 5884 1
16371 19618 33
9481 19618 1
8132 19618 26
18492 19618 1
2352 7660 1
13226 19618 2
18493 19618 1
18202 19618 3
18494 19618 2
17960 19618 1
14718 14718 286
15007 19618 1
1251 1251 1183
6162 6162 220
12304 12304 114
2786 10010 1
18495 19618 1
18496 19618 1
16943 19618 1
1237 1237 271
885 885 27
377 16614 5
6628 15711 2
4592 4592 24
3566 8559 1
2411 2411 144
11881 19618 1
12781 16422 1
11499 7093 1
18497 18497 10
9201 10382 1
15778 19618 1
18498 19618 1
4235 17056 1
8440 8440 9836
18499 19618 9
18500 18500 3
7174 7174 235
86 17779 1
1081 19478 1
18501 19618 1
18502 18502 4
15102 15102 27
15328 15328 21
12203 12203 4
882 10840 1
17011 17011 3
18500 19618 1
18503 19618 2
16386 19618 3
300 19618 11
1817 3187 4
3468 417 2
901 3179 2
6447 19618 1
12799 8912 1
13899 19618 1
18186 18186 27
18504 19618 2
7532 19618 1
18505 18505 1
5146 6132 1
18459 19618 1
6853 17184 1
14556 14556 18
15343 15343 54
16627 18324 1
5232 5232 237
3982 3982 1784
14735 19618 30
18506 19618 7
4847 2271 1
9432 9432 1584
7700 7700 33
15405 19618 5
9314 9314 53
7961 19618 5
18507 18507 118
9304 9304 47
9157 15241 1
6180 19618 4
5872 19618 7
574 655 2
16754 16754 488
1076 16866 1
1420 1420 118
18508 18508 40
2320 2320 13612
150 5311 1
16409 16409 22
1055 671 1
1477 14596 2
8674 8505 1
18509 18509 22
18161 19076 1
16062 16062 588
71 2523 1
675 7618 2
18510 19618 2
4223 6827 1
4058 4058 733
6586 2314 1
5169 16923 1
18256 19618 1
4567 4567 63
18511 19618 1
18402 19618 1
3387 3387 10
3234 19618 3
4721 4721 11
544 1059 7
3322 19618 5
187 12889 1
18512 19618 1
18175 19618 1
2305 19618 44
3838 4424 1
16923 19618 10
8040 10859 1
12036 19618 34
7427 7427 880
4972 3373 2
17125 19618 10
13292 19618 90
11139 19618 2
18513 19618 5
6551 6551 7739
9229 19618 1
7245 7245 39
2555 19618 1
2640 19618 3
1156 7318 1
15057 19618 16
1051 5223 1
17812 9602 1
13167 6660 1
11753 19618 2
13592 9151 1
18514 19618 1
12743 12743 283
15648 15648 230
8586 10908 1
10550 12258 1
17966 19618 3
2386 6173 1
12604 19618 1
2617 4973 13
8804 8804 1
2466 9791 1
18515 18515 42
18475 19618 1
10320 10320 99
2196 6368 1
6100 6100 2
5029 14419 1
4097 19564 1
9332 11773 1
7375 19618 2
18516 19618 7
18517 19618 1
18082 19618 4
13724 13724 14
18518 18518 15
6455 19618 2
16202 19618 1
16308 19618 3
18519 19618 1
18520 11665 1
16238 16238 429
18521 19618 2
1835 6584 1
3261 19618 4
17627 19618 2
16177 19618 1
2697 2697 3212
18341 19618 6
12274 16902 1
11744 11744 31
18522 18522 56
18523 18523 11
18524 19618 18
2154 14973 3
10832 19618 2
13655 13655 212
17923 17923 133
4685 8371 2
14736 14736 26
11941 11941 180
13981 18966 1
9533 19618 5
13864 12721 1
18525 19618 1
10929 10929 39
929 14075 4
8972 13396 1
10277 19618 6
18526 19618 1
18527 18527 26
6437 255 1
1525 1525 1247
8272 13075 1
14840 14840 23
18528 19618 1
17400 19618 2
4196 13571 1
18529 19618 4
15674 19618 3
12348 8855 1
1806 14129 1
4118 4118 781
1106 16136 1
18363 18363 63
6612 9603 1
18530 19618 1
12480 19618 1
247 19606 1
1003 19097 8
13123 19618 27
18531 19618 4
1415 1415 18
8852 19055 2
18532 18532 71
17527 17527 92
6169 4348 1
364 15141 1
6039 16084 1
17646 19618 47
890 19084 1
372 19618 45
6326 4264 1
13336 13336 384
7860 19618 87
5672 7530 2
4129 17886 1
1406 13513 1
3022 9590 2
18044 15119 1
18533 19618 1
18534 18534 171
7415 19618 1
18535 19618 1
18536 19618 1
2955 2955 3549
4843 19618 16
18136 18136 199
4977 19618 6
3945 1391 1
1495 18646 1
18537 18537 63
14195 19618 1
16254 19618 2
11594 19618 1
1548 18801 3
165 165 135
18538 19618 4
11391 19618 2
2132 17652 1
5643 5643 384
15915 19618 3
2789 2789 6852
18505 19618 1
18539 19618 1
8377 8377 260
11966 19618 2
18339 18339 10
296 19618 72
15559 15559 342
621 13656 1
11977 11977 72
5167 5167 55
17747 19618 7
1954 5461 3
11445 19618 2
5106 10765 1
18540 19618 1
18541 19618 1
7444 17216 1
12901 19618 1
18542 18542 7
2352 2352 1760
11873 18412 1
7142 11504 1
12827 12827 97
2566 3289 1
17544 19618 1
18543 18543 50
9661 9661 1067
11813 5375 2
16823 16823 50
1005 1005 1231
18544 19618 1
14600 10293 1
18545 18545 8
1572 8148 2
11741 11741 21
18546 18546 67
1648 1774 1
18547 18547 6
18548 19618 7
2670 2670 10106
18549 19618 1
890 6933 8
15010 15010 26
2488 2488 290
18550 18550 1
9413 19618 4
5531 10316 1
2147 2147 1223
12396 891 1
8421 14722 1
18551 19618 1
7199 19443 1
7134 7134 154
1690 19618 43
6366 6366 930
6279 19272 1
17373 19618 1
9308 9308 165
7983 9208 1
1209 5064 2
3188 3188 63
9259 9259 14082
3833 19618 289
9774 19618 1
1063 5682 1
7821 6439 2
6494 19618 1
15114 19618 1
16309 11830 1
18291 18291 73
17988 19618 2
16850 16850 20
3944 3944 56
12687 2946 1
18552 19618 1
17691 19618 1
18553 19618 3
8518 8518 546
18033 18033 73
1726 19618 148
2076 19618 455
7701 6699 1
2537 19618 217
4681 4681 730
467 19618 60
17193 19618 3
15057 7163 1
12398 12398 336
18554 19618 1
2005 18486 2
13984 13984 9
5645 5645 678
5832 19618 67
135 135 307
441 19618 62
18555 19618 4
644 644 16
14549 14549 583
16965 19618 10
18556 19618 1
13765 19618 17
18557 19618 1
17549 19618 9
3676 3398 2
14502 19618 3
18558 19618 1
506 19618 1
17205 17205 36
5150 19618 2
18559 19618 6
11058 11058 360
16528 16528 66
3759 2521 1
16397 16397 36
4955 19618 72
5482 19618 3
1550 14132 1
186 9875 2
3218 9193 2
10012 19186 1
5850 19618 28
10491 19618 11
4012 12818 1
746 17790 1
18560 19618 1
18561 19618 2
7789 7789 32
11458 18757 2
5145 19618 17
3230 3230 44
16605 16605 916
1483 14126 2
8865 8185 1
6765 6765 9
5688 19618 1
1707 419 19
6388 6388 2299
8653 19618 23
5196 9463 1
18562 18562 76
6623 16477 1
2378 2378 4
8430 2567 3
12123 19618 10
9332 10820 3
1034 1819 1
18563 18563 9
16143 16143 596
16542 16542 109
15758 11124 1
8834 15350 1
18400 18400 46
16574 16574 14
9026 9026 231
1817 8668 2
14237 19618 1
13035 13035 1
18564 18564 200
18565 18565 3
18566 19618 3
10982 10982 892
1947 407 1
623 19618 10
12126 12126 26
18405 18405 160
17357 17357 66
12180 12180 106
7128 19284 1
4025 3655 2
11499 3415 1
13976 13976 13
7059 19618 4
18567 19618 2
18568 19618 9
14924 5029 1
16519 16519 25
1486 10663 1
14064 5455 1
4616 5408 1
4403 4201 1
18569 19618 3
6005 19618 7
6320 2949 3
1931 4346 1
1285 8608 2
9680 470 2
14386 14386 336
11945 7731 1
7379 19618 1
16087 19618 2
18570 19618 13
11426 3354 2
3160 19618 1
15943 11163 1
16151 16789 1
7147 17109 1
14629 14629 35
13128 10410 1
9257 7177 1
1099 11790 1
2813 184 2
18072 18072 62
18571 19618 1
4795 19304 1
4947 18655 2
6495 5615 3
18275 11601 1
17188 19618 30
5829 5829 7
539 15280 1
9804 19618 2
18572 19618 1
803 4356 1
1664 17302 3
13577 19618 18
18315 18315 12
10086 10086 4731
3680 17041 2
15566 15566 186
1755 16739 1
912 10666 2
18573 19618 6
270 6188 1
18574 19618 1
17437 1598 1
18575 19618 1
6018 19618 10
5682 8009 2
9374 19618 3
2615 8446 1
18576 19618 1
17016 19618 2
18577 19618 13
1458 13671 4
4255 13968 1
3053 3053 59
7858 17769 1
3797 18666 2
9874 19618 13
737 737 78
15843 19618 2
7383 7383 10723
211 3882 2
9055 3304 1
18578 19618 2
1306 19618 99
7637 7637 183
15098 15098 42
18579 19618 1
10160 10160 15
14958 14958 3
17813 19618 2
4513 2870 1
17344 19618 1
692 19618 6
18580 18580 32
17271 17271 203
377 9683 1
369 19618 2
3668 19618 12
18581 18581 8
18582 18582 70
5507 5507 258
18583 18583 51
3816 5450 5
2426 18257 3
497 19618 2
6540 19618 1
15174 19618 3
8547 19618 1
6346 6346 22
6361 12694 4
17183 19618 1
7629 7629 22
4768 2837 1
455 455 1745
7787 14224 4
10611 19618 12
18023 19618 1
13592 18536 1
18584 19618 8
4138 13352 1
12902 12902 14
9208 8721 1
9095 4959 1
18585 19618 2
1614 16833 2
14467 12964 1
1970 16745 1
17859 3149 1
14859 19618 6
9319 2599 1
7236 16989 1
11165 10183 1
18586 19618 1
5395 5395 1
14479 19618 16
965 7882 1
10831 6792 1
6331 6331 34
17390 19618 3
15823 15823 27
4689 4689 3622
2390 15056 1
18587 19618 1
2780 2780 256
14342 10593 1
1618 19618 3
2557 19618 1
16872 19618 3
18247 18247 459
825 17034 1
1881 5466 1
14335 14335 203
4033 5214 1
17410 19618 2
4517 4517 118
18588 19618 1
9125 10051 1
9429 9434 2
7081 7081 13
15449 19618 9
5641 19252 1
18589 19618 1
11673 18019 1
17739 19618 1
8722 19618 1
107 14994 2
5068 19618 1
4745 19500 2
5054 3016 1
18590 19618 1
9972 12314 1
626 19618 3
6825 19618 623
15643 15643 48
11395 11395 90
10569 12610 1
4674 7789 1
18591 19618 2
11123 11123 26
18071 18071 17
14358 19018 1
5512 12751 1
6528 19618 4
3070 3482 1
18592 19618 1
9875 5263 1
5639 976 1
1243 19618 1037
10924 6577 1
4519 7121 3
14300 19618 1
1029 19618 7
7226 18450 1
287 287 11999
15865 19618 1
3282 19618 51
18593 18593 159
4265 19618 15
18594 19618 7
14175 14175 15
18595 19618 2
8605 19618 2
5650 4608 1
18596 18596 5
18597 19618 1
5778 5778 26
943 4776 1
4243 4243 82
7140 7140 1247
920 8179 1
10258 19618 2
3252 11571 1
18598 19618 1
14727 2176 1
18599 19618 2
18600 19618 1
1503 1503 1096
2108 2166 1
9645 19618 1
8121 4597 1
3483 18274 2
18445 19618 1
2746 12733 1
11866 19618 28
14734 14734 49
4496 15771 1
18601 19618 1
6965 6965 11
1297 476 1
17304 16462 1
16806 16806 59
3269 3269 28
464 14206 3
9192 18413 2
507 12626 1
12284 14521 4
6623 9537 1
17554 17554 2
15991 19618 2
4202 5608 2
18157 5878 1
5420 7054 7
16210 326 1
3466 16636 1
10693 10693 2
7409 5122 1
3670 3670 79
5922 19618 96
10265 10265 1462
15815 15815 315
4053 4053 4
9945 19618 1
17329 17329 192
614 1668 1
2231 2231 1449
483 483 8
4449 4449 2919
17374 19618 1
18602 19618 5
2466 14726 1
15900 19618 6
17061 9873 1
430 10770 1
18603 19618 1
18604 19618 2
5520 19618 1
3447 13537 3
7184 19618 13
18573 18573 138
18422 18422 98
2390 10108 1
13812 13812 1
17841 16248 1
10492 10492 2
14338 17594 1
1004 401 2
17812 19618 9
9499 9499 3501
13327 19618 1
18605 18605 8
18606 19618 1
7977 7977 20
13127 13127 63
5123 19618 44
18607 9627 1
1926 865 1
3033 3033 15
11902 19618 2
18608 19618 1
13150 13150 28
15124 15124 17
9406 9406 8
18609 18609 3
4098 11668 1
10166 10166 67
9920 19618 1
4110 19618 168
11026 18422 1
18262 19618 1
13564 19618 1
18610 19618 2
18611 18611 16
3816 18640 2
3737 2773 8
14773 19574 1
18612 18612 1
4212 19618 1
18284 19618 2
18613 18613 50
10982 19618 14
18614 19618 3
9448 9448 102
2988 1450 1
9787 9787 679
89 11231 1
6001 8920 1
4304 14456 1
13497 13497 23
13437 4748 1
3122 3122 102
18615 19618 1
10097 19618 13
5499 5499 12
18616 19618 1
6537 19618 34
18617 19618 1
4095 7970 1
18618 18618 56
4933 19618 46
16089 16089 76
14710 14710 19
8323 8323 69
10760 10760 147
18619 19618 3
18304 18304 27
1821 5967 2
17917 17917 9
18620 19618 1
16612 19618 13
10688 6224 1
6727 19618 4
14127 14127 388
18463 18463 29
3346 2649 7
5158 19618 1
6235 10003 1
12051 12051 2482
3389 6519 1
6726 6726 52
5300 17854 1
17873 19618 1
8227 19618 87
6882 6882 2745
4297 5940 1
2503 2630 2
14652 19618 1
2320 2084 2
2133 2133 3172
17189 17189 35
18621 18621 130
4470 19618 93
6777 7030 1
270 8603 1
6724 7504 1
15690 12972 2
10624 10758 1
279 16012 1
14776 19618 2
3578 19361 2
13309 19618 13
10441 10441 4
3484 19618 87
14322 19618 6
5881 17361 1
14259 14259 31
5488 5488 24
5569 19618 1
14065 14065 56
1760 12283 1
5133 14585 4
3588 4065 1
9429 2993 2
6908 17634 2
1428 5363 17
18622 18622 183
17790 17790 5
8227 13693 1
16387 16387 114
7636 19618 35
4407 4407 646
6960 19618 11
14825 19618 1
705 16995 6
13993 13993 109
7404 3101 1
5720 8819 1
18577 15135 1
9842 9842 152
8287 19618 4
17875 17875 82
18623 19618 1
6225 17849 2
11660 18663 2
5198 4275 1
15059 19618 1
18624 19618 1
13864 10059 3
9474 9474 472
9538 5419 7
7014 8922 1
13335 7880 1
13184 19618 1
16021 19618 1
998 1279 1
2542 19618 13
1134 19618 54
4435 9943 1
2392 7851 1
4189 15515 1
17944 17615 1
273 17708 1
2157 12291 2
14653 19618 1
5487 5487 13
16291 19618 1
16999 19618 1
12367 19618 2
963 963 16
15635 15635 26
7213 909 2
2176 16153 2
10499 10499 20914
17099 19618 1
15787 15787 1196
1698 2310 7
16211 16211 55
2126 19618 1
11689 11780 1
18625 19618 1
3330 19406 1
4485 7079 1
18626 19618 2
18627 19618 1
5774 5774 1570
18628 19618 1
1055 9781 1
18629 19618 1
8380 4381 2
2666 15234 3
17998 18326 1
17390 1540 1
9024 18927 1
18630 19618 1
11016 19618 29
2621 19618 35
1918 1918 44
7553 19618 2
450 15361 1
8947 8947 1
5959 19618 9
10366 17691 1
9020 19618 1
5274 10379 2
14460 14460 216
4129 4129 2189
4768 12534 4
13981 11670 1
2810 13252 2
3981 3981 74
5880 19618 1
7131 19206 1
1298 19618 3
14543 3006 1
296 4879 1
6914 19618 241
8617 19618 2
1698 19618 574
1376 9075 1
18631 18631 629
17946 17946 111
4959 8750 1
9987 18962 1
13965 19618 2
5639 15931 1
3426 19618 1
16469 16469 25
6350 19618 22
10650 11958 1
14628 14628 96
618 15611 1
14445 9186 1
7704 13484 2
187 1005 1
18632 19618 1
14376 19618 2
10093 9794 1
18633 19618 1
14139 19618 2
13359 19618 1
6257 5177 1
3205 2787 2
6792 2861 2
3619 17719 5
3101 3101 1
10643 10643 298
18634 19618 1
17774 17774 25
753 7298 1
9719 9719 611
257 19618 2
312 16565 1
7122 14841 1
12997 19618 2
5143 19618 10
18635 19618 1
15288 6125 1
13131 13131 151
4808 4808 19
18636 19618 2
6161 19618 51
4012 19618 23
2669 17654 1
18637 19618 1
474 474 86
7300 19618 2
18638 19618 1
12224 12224 68
5198 11898 1
6562 6562 4
5460 5460 13
11346 19618 5
18639 18639 1
970 9867 1
4403 3379 1
13735 13735 27
3058 9516 3
14279 19618 5
6009 13079 1
17012 17012 7
11909 19618 1
16367 16367 75
18640 19618 5
6229 19618 15
1359 7351 2
16337 17153 1
10346 10346 9
17514 19618 1
9675 9675 357
11466 11466 6
16250 16250 4
17109 17109 2
18641 19618 1
13524 13172 1
3309 19618 23
10835 19618 2
3454 5058 1
18642 19618 1
9903 9903 72
8708 8033 2
17773 19618 1
14046 19618 1
4565 19618 20
2527 19618 48
18643 19618 1
6695 19618 7
3913 18510 2
10345 10345 367
5000 19618 2
171 12572 8
6376 11367 1
8840 19618 7
2132 4431 2
18644 19618 1
15450 15450 50
1570 10520 1
18645 19618 4
4569 19618 2
12294 5057 1
2796 1375 1
9157 9068 1
9302 19618 1
2174 15048 1
7151 19618 21
13946 13176 1
7175 7317 1
4301 19618 5
14800 14800 4
8217 19618 77
3862 12660 1
5355 11100 1
18646 19618 1
461 6360 1
11058 9847 1
10253 10253 22
3386 6377 1
1041 1041 1343
18647 19618 3
1770 12706 1
9411 9411 1021
5902 12173 2
4141 16190 2
8 8 101
6314 19618 4
18648 19618 3
2718 2718 4217
9646 13649 2
10172 19618 10
4781 18287 1
17889 19618 1
4660 4161 1
17243 19618 3
533 533 851
18649 19618 1
18650 19618 1
13728 19618 1
5730 10343 1
6127 19618 1
2103 2103 29
9683 19618 5
18651 19618 1
18652 18652 185
5767 17875 4
18653 18653 79
18654 19618 3
18622 19618 4
4519 15977 3
5937 9378 1
844 2800 5
6623 873 4
18655 19618 2
7716 17476 5
12509 19618 1
15469 15469 16
10620 10620 303
16091 16091 104
18656 19618 2
15794 18511 1
17617 19618 3
8705 1911 1
7257 7257 241
4462 209 1
3068 4516 1
902 19618 27
502 19102 1
11796 18947 1
683 19618 107
10920 1357 1
187 18018 2
4285 7936 1
4222 3662 5
7162 5252 1
1482 10037 1
15529 19618 4
14473 1509 1
6299 10164 1
5654 19618 168
6892 6892 5778
837 12166 1
8133 11296 1
8426 12970 1
18091 18091 37
2007 2448 3
5419 12239 1
18620 18620 10
18657 19618 2
641 1494 1
6373 6373 28
8792 6580 1
1119 11536 1
2451 19618 15
5367 19507 1
13894 15852 1
9345 19618 8
18658 18658 45
16953 16953 84
18659 19618 2
4478 4478 932
570 1016 1
6404 19618 19
2838 2838 18
18660 19618 1
7834 19193 1
15505 19618 1
5145 8632 1
1214 8373 1
18661 18661 39
17792 14643 1
8739 19618 10
1060 4517 1
15237 15918 1
8813 19618 1
1274 1274 29
9222 19618 1
17786 19618 15
11355 11355 51
18662 19618 1
1798 18806 1
12824 18904 1
8607 6611 1
2366 16882 1
4119 4062 2
18615 18615 4
6748 6748 10
7303 10032 1
18663 19618 2
15036 15036 1637
5166 5166 9409
4921 17332 5
12627 2235 1
4230 19618 7
6996 11214 2
1903 1903 306
1555 1555 11
18664 19618 1
769 19618 1
14211 2477 1
8298 8298 166
18665 18665 39
18666 19618 2
14101 14101 73
344 19618 212
1689 15028 1
311 19618 2
13946 13946 53
9152 9152 3084
1148 7844 2
12659 19618 1
8303 8303 122
16212 19618 1
5919 7942 1
16058 16058 7
9738 878 2
6473 6473 2156
7897 19618 1
17981 19618 1
13974 13974 30
17480 17480 380
18501 18501 12
1779 3757 2
3368 19618 33
12245 19618 30
8183 19618 1
15452 15452 9
3682 19618 16
11843 11843 118
18667 19618 1
7319 4489 1
18668 18668 50
1371 1371 60
16729 16729 1
6196 18588 1
17210 19618 2
1060 18332 3
18669 19618 1
10405 19618 3
4147 4147 4212
17828 17828 224
1179 16007 1
2970 662 1
3528 15776 2
8481 13094 1
10843 19618 1
5043 16644 2
17743 17743 22
12142 12142 15
336 336 40
6086 6086 21
16477 16477 350
4211 3306 2
15152 19618 9
7621 12628 2
7604 19618 1
18022 18022 192
2383 5703 1
8844 8844 2912
13841 13841 73
18670 19618 1
17812 5467 1
15545 19618 1
10347 19618 3
15746 19618 2
1441 469 1
15245 15245 46
4950 4950 13
3560 3560 13
1021 1021 4128
3403 3403 2565
11362 19618 10
8430 15900 1
7083 6481 1
18671 19618 1
8010 12604 1
7349 12333 2
648 4425 2
18672 19618 5
16588 19618 1
18673 19618 1
12916 19474 1
5832 10490 1
4224 5981 6
5185 5185 10
13891 13891 194
2633 1163 1
6358 19618 28
15883 2369 1
3689 3689 58
17726 19618 2
3488 11447 1
9208 9208 1729
2032 6648 1
16745 16745 12
1648 9398 1
12734 583 1
463 19618 1
16542 19618 2
18674 18674 68
7612 17005 1
15748 15748 44
18234 18234 33
3452 19618 1
1458 7090 3
539 9594 1
16461 16461 288
1466 1466 222
2758 2244 4
4989 19618 750
1179 19618 135
11639 11736 1
9756 5957 1
13518 13518 101
339 339 9758
16663 19618 2
4884 16518 1
8696 8696 1836
675 8087 1
18580 19618 1
9615 19618 5
5899 11612 1
18675 18675 12
18676 19618 1
609 609 47
14952 19618 2
739 739 297
11392 19618 1
18677 13407 1
18665 19618 2
17945 19618 1
1663 19618 151
9998 1058 1
6427 6427 2
17765 17765 54
13264 19618 1
1898 5183 1
5674 19618 2
14898 14898 24
3725 3725 20
9085 6922 3
13369 13369 8
9081 9081 36
7179 19618 1
12597 12597 14
7262 19618 3
18678 19618 1
12940 19618 8
18679 19618 1
18680 19618 1
2233 11669 1
5970 19618 125
585 7719 2
7309 19618 9
7401 7401 1246
18681 19618 1
13774 13774 32
18682 19618 1
18683 19618 1
415 17156 1
7281 16539 2
7612 7612 2577
7677 7677 1
18684 18684 110
1576 6418 2
5679 10111 1
1495 10805 1
18685 19618 4
3882 4631 1
1142 5356 2
12374 19618 1
11455 19618 1
17274 19618 2
7559 1254 1
1699 19618 36
6971 6971 13
10968 19618 3
16045 16352 1
396 5898 1
4273 4273 609
12735 12735 862
197 13516 2
502 19618 746
5249 19618 4
621 10511 20
15248 19618 1
4093 12880 1
18686 19618 1
2154 4665 2
18426 18426 7
502 4000 1
6366 17640 1
12849 12849 40
3015 6382 1
4677 19618 1
4112 19618 3
14482 19618 1
3921 6836 1
13302 13302 3124
8675 8675 177
18687 19618 1
4009 16471 1
9387 6556 2
13537 13537 1838
5083 509 1
2867 14459 1
6138 6138 1342
18688 18688 128
2568 15978 1
18689 18689 1
1586 1586 6
845 15043 1
6806 6806 390
11358 11358 2
4884 6983 1
9268 17233 1
2130 15742 3
4191 10386 1
17104 19618 1
48 17378 1
3319 12695 2
12813 4659 1
5802 15924 3
17635 17635 129
14222 19618 1
16863 16863 2533
4286 19618 2
14002 14002 228
9699 19618 2
3578 2648 2
15361 15361 13
4140 16442 1
15439 15439 389
4287 15854 1
18690 18690 104
3941 19554 1
17258 19618 2
4725 9878 1
2991 11315 1
16796 19618 1
6284 19618 17
5597 19618 32
13881 11385 1
801 16050 3
2505 15855 3
7007 17638 1
17171 17171 35
18691 19618 2
14783 19618 3
18692 19618 11
10521 17861 1
7653 8441 1
4051 8416 1
18693 19618 5
1504 9462 1
16009 19552 1
12924 12924 165
2409 890 1
2967 11491 1
11811 11811 13
14461 14461 57
18694 18694 33
7856 19618 29
14091 14091 16
16247 12130 1
946 946 31
6673 19618 1
18695 19618 15
575 19333 1
9284 19618 2
13402 19618 4
4762 18547 1
17842 19618 5
17087 19618 1
9997 6529 1
229 229 16
134 1041 1
9323 1336 1
2917 16266 1
9435 2990 1
18696 18696 43
15962 19618 4
4415 6016 1
18697 19618 20
18065 19618 20
5088 19618 114
4922 19618 104
9334 19618 17
5952 5952 86
2772 11697 10
8847 19618 1
18698 19618 1
15964 15964 65
17033 17033 1
12798 19618 1
13387 19618 1
11045 10175 1
16665 16665 6
17670 17670 56
12668 7934 2
2882 9052 1
6747 5478 2
8708 15154 1
18699 18699 2
14758 14758 4
1293 9295 2
18700 19618 1
6446 12417 2
18701 19618 1
4211 4211 5842
193 19618 108
18280 18280 15
17504 17504 15
16827 19618 2
11227 11227 1
16603 19618 1
18702 19618 1
18703 18703 19
3782 10828 5
9698 9698 22
14877 4028 1
16395 19618 2
4885 14096 1
14204 14204 23
7151 7666 1
16929 16929 19
3252 3252 2509
8923 8923 49
7065 9083 1
16495 16495 1
18424 18424 258
17228 17228 28
1438 1438 2744
359 6019 1
2036 4969 1
2369 4932 3
7299 19618 1
18390 18390 4
8913 4001 7
2580 12318 4
11076 11076 2391
18043 18043 18
10717 19618 4
10499 2351 11
5832 12310 2
10718 3993 1
17557 17557 258
961 18117 3
40 40 638
17192 17192 1
10944 19618 1
17313 4192 1
18704 18704 66
11499 11916 2
11488 11488 37
18705 18705 47
9902 16890 4
16538 19618 1
5400 19618 2
9525 9525 5
9427 19618 2
9913 127 1
18706 19618 10
10796 7605 1
3135 9561 1
4129 2656 1
3212 19618 31
4959 12233 1
8571 8571 167
14988 19618 2
1510 19618 7
9905 19618 1
8069 1899 1
10831 10831 15776
11513 19618 1
522 16642 1
18707 19618 3
2073 19618 97
18708 19618 1
18709 19618 1
7140 4807 1
4736 4736 726
735 18989 1
18710 19618 1
5094 13782 1
3759 17335 1
5937 10732 1
277 15995 4
2770 16441 6
18711 18711 42
18712 18712 3
1424 19618 55
612 19222 2
8717 8717 2457
2786 19618 24
16781 8238 1
3326 12019 1
779 779 11251
6233 19618 1
16387 19618 2
11389 11389 2
1842 19618 2
18713 19618 1
17406 19618 1
4865 19618 2
6366 16948 1
299 14192 1
533 19618 19
3062 2269 1
18714 19618 1
2115 19618 1
12286 19618 11
14837 19618 31
12024 19618 14
2860 8605 1
3797 3743 1
1357 9780 1
4779 4779 18
5311 19618 1
9583 9583 1518
4224 9088 4
1004 9375 1
4572 19618 12
7921 4630 2
11791 11791 320
18715 19618 1
1245 19618 239
833 17421 7
8215 19618 1
18716 19618 1
11048 11048 10
9452 15186 1
18039 19618 2
5006 11424 1
7187 10532 1
9432 16049 1
13713 19618 1
601 601 104
15131 19618 39
4206 4206 379
7069 13955 2
5813 5813 1391
13780 13780 42
17898 17898 16
10385 19618 1
18717 18717 11
17165 17165 21
6361 13662 2
2719 12199 4
9303 19618 2
18718 19618 5
11760 19618 1
12616 19618 1
18719 19618 1
14599 14599 398
18720 19618 3
7414 7414 29
3330 11721 1
2428 183 2
15740 19618 2
10531 19618 133
47 3182 1
15716 19618 10
13885 13885 91
17564 17564 551
7941 7941 9
11029 19618 2
12683 12683 102
1138 6549 1
794 794 2516
9557 9557 34
6217 6217 151
18721 18721 83
4222 6265 5
9088 19618 8
15762 15762 31
18722 19618 1
7277 9341 2
3062 3062 15365
5728 5728 86
18723 19618 1
18724 18724 114
17488 17488 18
5081 6396 1
9831 9831 31
6443 10364 1
4167 18505 1
6267 19618 1
6644 6644 2
18725 19618 2
411 411 34
5094 1302 4
18726 19618 1
18727 19618 6
13653 13653 74
11876 11876 66
9175 19618 22
18728 19618 6
3209 3209 56
3212 8694 1
5876 8309 1
2773 19618 426
4282 4282 202
4576 19009 3
11524 2415 1
14605 19618 1
1504 13577 4
15527 15527 3
18729 17117 1
2849 12661 2
6043 6043 879
5865 19618 221
18730 18730 8
1954 18967 2
15787 19618 39
13259 13259 3
3615 18996 1
14263 14263 45
12031 19618 7
13126 19446 1
5774 17883 1
14030 14030 11
18608 18608 14
12363 12363 119
8384 1147 1
5125 5125 272
7718 7718 9
18679 18679 7
7866 19618 13
1663 11333 5
1837 19618 2
18731 19618 1
18732 19618 2
871 2784 1
12276 12276 15
18733 18733 19
11386 15506 1
4412 4412 143
10796 9807 1
18734 19618 10
18723 18723 49
5583 5583 280
18735 19618 1
10830 10830 158
224 15808 1
18736 18736 96
9658 9658 202
7281 10619 2
9829 9829 745
18737 19618 1
8153 2293 2
18738 19618 1
14916 12781 1
8180 10047 1
14978 19618 1
1059 10250 1
7074 19618 1
18294 19618 2
6504 19618 3
2079 2079 2128
10407 10407 535
4403 19618 100
15802 19618 1
10939 19618 21
13400 19618 1
5403 19618 4
11086 19618 1
4636 14822 1
17198 19618 1
4331 1200 1
18639 19618 1
18739 18739 24
15652 15652 119
13744 19618 8
4997 4997 10
12809 19618 32
18740 18740 248
15950 19618 1
18741 19618 10
18742 19618 1
5720 14598 2
3047 19618 299
17596 19618 1
4973 13150 1
159 159 110
211 18835 3
12114 19618 2
896 10123 1
10413 19618 17
13371 19618 1
16591 19618 1
13473 13473 21
4223 4223 1916
9634 19618 14
5442 13959 1
4984 13022 1
3353 19618 13
832 9810 3
18743 19618 1
16380 19618 1
4403 11138 1
18744 19618 1
797 1007 1
7246 7246 1
2932 8055 1
18745 19618 3
9979 9979 857
11191 11191 5
18746 19618 1
6892 6989 2
18150 12260 1
9885 299 7
9278 9278 797
18747 19618 3
7559 14443 4
10275 19618 16
18748 19618 1
12379 13814 1
791 11091 3
14213 14213 4
4740 5479 3
2632 19618 482
16178 16178 235
8583 8583 296
936 936 50
5061 7311 1
4462 14137 1
16813 19618 8
18137 18137 100
5221 5221 82
18749 19618 1
18750 19618 1
4167 635 1
15689 10231 1
18545 19618 2
15200 15200 64
18751 18751 17
88 19618 173
6711 6711 853
4403 17149 1
18752 18752 73
13688 10109 1
14497 14497 110
830 830 1424
18753 19618 4
2689 13914 1
18207 19618 1
17577 17577 1
11237 2646 1
9025 19618 11
18562 19618 1
3928 19618 58
16323 19618 2
18754 18754 4
14801 19618 2
8054 8054 1010
17282 17282 133
12606 12606 15
7290 7290 56
13317 13317 13
17670 11007 1
14803 19618 21
18755 19618 34
18493 18493 28
13287 13287 52
17491 19618 1
12868 12868 258
10894 19618 1
15578 15578 2
3839 1408 3
18651 18651 52
11449 11449 11
2628 1828 1
7199 18943 1
6764 2492 1
11764 19618 12
9830 9830 84
10285 19618 1
16864 16864 22
16871 2678 1
18756 18756 40
5667 19618 1
8802 8802 944
377 18379 1
3206 4500 2
13939 8425 1
11136 11136 146
7540 155 1
14484 19618 1
10316 19618 1
6947 11084 1
13407 13407 10
18757 733 1
18758 19618 3
14007 19618 28
17761 17761 19
11713 15558 1
16039 16039 238
12104 12104 63
6288 6288 163
4279 13070 7
16465 16465 10
11548 11548 531
12154 19618 1
2320 19618 399
2506 10554 1
18309 9209 1
2625 2625 133
8558 8558 26
17015 17015 15
18430 18430 268
18759 19618 1
17940 19618 1
7908 559 1
11562 19618 8
2078 2078 19
7569 13683 1
11601 11601 219
18760 18760 32
11451 1732 1
7931 19618 2
5006 12985 2
18416 18416 9
18539 18539 55
16156 19618 6
897 10791 2
13691 19172 2
14057 11327 1
2577 2577 1
1672 14433 1
6610 15539 1
8794 7043 1
7156 11744 1
8326 8326 1273
2779 2779 60
11582 731 2
13301 19618 3
1082 18331 1
12353 12353 41
565 19618 18
5170 1360 3
18524 18524 668
17810 7635 1
12426 12426 20
12096 19453 1
16198 16198 13
5572 2443 1
10146 19618 1
4807 18793 1
4188 4188 10461
882 882 10731
4200 6301 2
16952 19618 22
18761 19618 1
18762 19618 1
6064 6064 563
18763 19618 1
5323 19618 5
16905 19618 1
18188 19618 2
8709 8709 253
17671 19618 2
9724 19618 2
921 18986 3
10630 7859 1
3108 17845 1
16747 19618 1
2005 19518 2
10925 13669 1
1099 13658 4
13452 13452 4
18764 18764 10
4406 4406 15
18469 19618 5
3363 16688 1
6155 6155 179
2005 4218 2
2540 19618 2
12278 12278 60
7045 9331 1
1844 13055 1
11233 11233 8
17604 17604 44
2276 10000 1
18765 19618 1
13350 19618 1
3299 14035 5
5617 2328 1
11242 19618 232
5367 7134 1
1597 12524 1
1720 19618 120
18766 19618 2
18767 18767 41
16956 19618 11
15696 19618 1
4817 6934 1
4027 19618 1
18768 19618 2
7486 17512 1
18769 19618 2
15291 19618 5
18770 19618 10
14356 14356 5
1121 1121 85
15299 15299 134
15209 19618 2
7671 19618 11
833 15792 5
12844 10045 1
14138 14138 1
18771 18771 73
4773 4773 34
18772 19618 3
13200 13200 33
18773 18773 95
11250 11250 122
18774 18774 118
18775 19618 1
2456 2456 2771
10236 19618 5
14869 19618 5
13975 19618 7
4829 7973 1
1139 1669 1
1265 16087 1
18776 18776 13
3377 10548 1
16279 9121 1
11032 19618 1
17364 17364 41
18125 19618 2
130 11337 3
1944 19618 31
13271 19618 3
7598 19618 2
13466 19618 1
18408 19618 2
7778 7396 2
18777 19618 1
12328 19618 2
6046 533 1
15152 17209 2
17340 17340 248
15800 15800 82
15369 15369 9
18778 18778 21
8973 19618 8
16035 16035 25
2926 11666 1
7121 7121 396
18779 16103 1
621 621 104473
18780 19618 1
4381 11318 1
14684 14684 304
4086 1072 1
4665 4665 1011
1364 14576 1
5730 17089 1
17455 19618 1
8821 19618 2
16201 16201 62
1356 1356 6
18781 19618 3
18046 19618 1
11631 11631 38
5673 14511 2
15863 19618 4
10288 19618 2
12434 12434 24
3840 15232 1
15024 19618 5
1775 19618 1
8907 13445 1
18202 19267 1
6024 4970 1
1450 16999 1
13672 13672 46
314 19618 247
5441 19618 15
3794 7829 3
4884 8070 1
4110 4110 6819
17815 19618 2
5753 19156 1
6254 6254 936
2675 15761 1
13515 13515 9
4143 4751 1
18782 19618 3
12004 19618 2
3517 3517 39
4224 2402 1
6176 6176 3652
3297 19618 3
13457 13457 34
5102 5102 122
4520 2464 1
13866 19618 3
2051 19618 2
16950 19618 3
18783 19618 1
10477 10477 17
11251 11251 21
2556 5134 1
18784 19618 3
17243 10419 1
8273 19618 1
18785 19618 1
4685 3948 1
4599 14020 4
6321 19618 1
2772 7029 1
18786 19087 1
8225 16757 1
8028 10774 1
12147 19618 5
14224 14224 888
9369 15531 1
16525 19618 3
782 19618 6
256 16921 1
4431 5231 1
8615 19618 3
8910 19618 1
5751 6508 1
12873 19618 67
14018 19618 1
11492 11492 354
5711 5711 21
701 2931 1
12287 12287 11
261 1624 1
11710 19618 1
16959 16959 29
4970 19618 1
6290 6290 1
615 10241 1
1872 19356 1
3773 19618 29
15013 19618 7
7012 19618 1
1194 19618 15
11866 11866 1415
18787 18787 1
13398 19618 23
5333 5333 94
790 4654 6
5052 8120 2
1079 19618 19
18788 18788 8
10946 10946 215
850 850 28
8226 2488 2
5441 12403 1
2277 6469 1
18789 18789 79
16102 16102 20
13443 13443 10
6651 6651 5
1082 6704 1
2895 6940 1
13462 13462 148
5262 19618 2
10682 19618 1
2949 13081 1
13119 19618 1
17838 17838 2
1001 17908 1
15107 10436 1
51 19618 14
3538 19618 52
18790 18790 16
4000 19618 14
6250 19618 44
15947 2103 1
38 19618 4
8868 10313 1
18791 18480 1
9931 9931 7
3913 13267 2
13584 13584 7
10651 19618 1
1580 1580 80
17807 17807 49
18792 19618 2
1813 11659 1
11441 19618 12
6586 11672 2
9102 9102 6
5815 16981 1
7722 19618 1
4428 1385 1
18793 19618 1
9031 9031 53
5147 5147 39
7589 15097 1
14613 14613 231
6985 3023 1
1981 2047 2
11120 297 3
18794 19618 2
15121 15121 63
2060 2060 115
11849 18733 1
11078 19618 1
395 7961 2
17463 19618 1
9710 19618 1
6078 6278 1
3427 18551 1
6656 19618 3
12971 11215 1
18795 18795 4
8133 8133 352
12025 19618 2
10777 19618 1
12453 3866 1
2023 2023 2053
6223 19618 2
1748 1460 1
18796 19618 1
18797 19618 7
10945 19618 4
18122 13493 1
14757 19618 1
15960 15960 148
8078 19618 21
710 18290 2
984 19618 8
2032 8362 2
5084 19618 12
921 15716 3
12330 13619 1
7089 15065 1
3487 19618 6
12530 9937 1
921 18470 1
1598 1598 761
17343 19618 53
13155 13155 2
11982 11982 2102
14835 10394 1
7363 17491 1
9550 957 2
1821 9468 1
15111 12441 1
1424 1081 1
9395 18166 1
6975 19370 1
8812 9725 1
14339 14339 61
7694 19618 1
1360 19618 4
7159 6225 1
16350 16350 4
561 4533 1
3417 3417 107
5450 19618 52
17642 17642 30
18798 19618 1
7473 7473 39
10996 10996 295
5474 11237 1
1137 19618 3
12708 12708 160
518 518 32
11026 13419 1
18799 18799 553
11916 11916 155
5613 19618 88
1926 2871 1
14445 2690 2
6879 2995 1
1093 15469 1
4452 4452 1
17758 17758 93
2799 15192 1
2161 2161 1873
4664 9421 1
17133 19618 1
12292 19618 1
965 17841 1
1827 19618 14
844 15553 2
8699 19618 1
3006 19618 14
4351 5333 1
7705 19618 31
18800 19618 2
18801 19618 6
14369 14369 262
14276 14276 1
3885 7042 1
1372 1372 42976
10913 10913 40
11908 11908 20
18802 19618 5
6161 6161 2023
5914 446 4
18803 17856 1
18804 19618 1
13601 2544 1
11110 19618 5
1991 1991 8034
6396 6396 20
4158 14189 1
13181 19618 1
2007 10296 2
15575 1728 3
18805 19618 1
1151 19618 92
13028 19618 1
3237 3237 5298
2589 19618 108
18806 19618 1
7384 14215 1
18807 19618 1
10709 19618 1
17753 17753 5
15677 15677 19
18808 19618 1
5151 5151 14
6156 3170 2
18809 19618 3
13676 13676 341
18810 19618 1
8226 17143 2
3816 3128 4
359 9423 1
7327 11904 1
9279 9279 154
6984 6984 79
1464 1715 2
786 6467 1
15851 19618 19
3054 19618 15
12084 12084 22
18453 18453 52
4091 4091 11
5422 5152 2
2546 14963 1
11528 1796 2
17658 3825 1
18811 19618 1
10016 19618 2
2124 19299 1
11878 19618 5
2044 19618 2
5752 882 1
3612 3154 3
4781 19618 84
10877 19618 1
13617 13617 49
2084 19618 4
1021 9159 1
13948 19618 8
8324 19618 23
911 12852 1
10401 19456 1
18812 19618 2
18813 18813 370
6684 19618 2
13501 15164 1
12702 1108 1
17045 19618 20
189 189 998
18330 19618 1
14984 19618 2
6197 17313 1
18814 19618 1
4706 19618 93
1977 1977 41
3849 3849 63
16070 19618 1
18815 19618 1
18759 18759 17
6082 6082 41
5064 19618 6
3528 1495 1
1960 1960 1527
18438 19618 1
1919 19618 135
17316 19618 4
16855 16855 63
12898 12898 46
2391 19618 1
18764 19618 1
1074 4022 1
17507 19618 1
9042 9042 6701
8401 8401 55
17678 17678 2
5248 19618 1
5871 5871 2
1011 19618 1
18298 19618 1
6037 1371 1
832 12561 5
18816 19618 2
5151 19618 1
18817 19618 1
16138 16138 11
18818 19618 2
11092 11092 2
4141 18707 3
9680 11240 1
11094 16088 1
6922 6922 5723
15091 15091 3
4976 19618 4
197 13007 1
18819 19618 2
6930 19618 1
5652 5652 16
3383 3383 19
17355 19618 1
18820 19618 1
16741 15420 1
14760 19618 2
15712 15712 12
17714 1546 1
10181 10181 4702
1665 19485 1
129 19451 1
18821 19618 1
809 16129 5
6972 19618 1
6529 19618 68
18325 19618 1
18684 19618 2
3700 19618 1
16627 19618 2
4056 3712 1
16106 16106 67
15065 15065 26
1585 19618 41
17695 10621 1
1021 5503 2
10680 10680 364
18822 19618 4
18823 18823 1
8022 19618 7
18388 18388 968
8852 18128 2
17967 17967 23
18069 19618 16
3123 3864 2
18824 18824 2255
1741 19618 34
6096 16324 1
1406 2936 1
15660 19618 3
15465 15465 12
8058 19618 57
17123 17123 8
16208 19618 1
18825 19618 1
8521 8521 26
15201 15201 19
5928 15863 2
8688 19618 1
1317 19618 39
376 9840 2
8882 8882 323
2804 2062 1
10968 2409 1
12117 19618 25
16181 16181 5
16309 11594 1
18826 19618 11
18683 18683 11
1522 80 1
6156 15831 1
17713 17713 57
3164 5847 1
10533 19618 2
18827 19618 3
16047 8677 1
17242 17242 14
6047 9459 1
6433 13067 1
11890 19224 1
12153 19618 4
1294 11980 4
1003 7037 1
7162 7928 1
5743 5743 4502
10517 19618 1
18828 19618 1
18829 19618 2
18732 18732 63
828 17019 1
14121 14121 271
3833 4613 2
18830 19618 1
11453 19618 1
11571 4559 1
17237 17237 7
18564 19618 4
7484 7484 218
11278 19618 8
17291 14923 1
13544 19618 21
16285 14074 1
670 3498 3
5726 19618 184
13051 13051 1924
11368 19618 1
5061 2250 1
12397 19618 6
155 5352 11
18581 19618 1
11952 12071 1
9828 19618 8
18831 18831 20
11989 11989 21
1172 2171 1
14174 3990 1
16695 5731 1
376 5977 1
18250 18250 5
5779 5779 12
1525 19618 38
618 7197 1
8528 1684 1
18832 18832 19
5128 19618 2
10274 10274 9
7495 7495 472
1504 16476 1
18833 19618 1
16931 16931 93
576 576 2295
2965 2965 2262
2191 12295 1
9946 2038 1
2327 19618 7
16984 19618 1
13910 13910 45
9085 9161 2
4691 4691 518
4700 4700 288
182 17872 1
2602 19618 22
8886 12191 1
1557 8279 1
3682 18519 1
3583 3583 109
18593 19618 4
9587 9587 320
4524 15476 1
1548 9475 10
9097 4389 1
17651 15896 1
6690 19618 33
11494 11494 849
13305 13305 72
6751 19618 1
16361 16361 201
3806 19618 91
1147 1147 866
9400 19618 1
4213 4213 230
2871 2871 534
2255 14085 1
14206 17083 1
3132 19618 1
1988 19618 10
14900 14900 8
18834 19618 5
9838 9838 345
17618 17618 19
15524 9630 1
17722 17722 27
16805 16805 16
12895 19618 1
18835 19618 3
17890 19618 1
6806 1217 1
17963 17963 8
11644 11644 55
18836 10428 1
4100 16099 1
9105 9660 1
1059 16054 1
3295 13777 1
14319 19618 3
4026 4026 97
5034 545 1
11277 11277 2252
6287 1481 1
18837 19618 1
266 3506 2
3352 3352 1755
9563 13969 1
11011 355 1
12144 19618 1
18838 19618 1
18839 18839 62
904 15181 1
15131 5677 1
9044 9044 10
495 15219 5
15274 19618 7
18840 19618 7
11025 11025 18
17327 17327 6
3519 17730 2
12759 12759 47
751 751 585
8597 19618 1
10567 10567 47
11266 16896 3
17317 19618 3
7241 2624 1
12064 19618 1
1548 2671 1
18841 18841 232
10503 10503 88
18842 19618 2
1748 18383 1
10120 18084 1
18843 19618 1
18074 19618 1
8014 19618 25
18611 19618 1
7219 19618 3
10172 17186 1
6863 19618 3
15461 15461 169
7096 7096 526
18844 19618 9
18845 19618 7
1862 3298 4
18846 18846 15
9564 9564 248
4703 19618 1
1692 1692 319
2733 19618 4
18847 18847 109
3608 4545 1
17126 17126 15
18848 19618 1
4237 4237 51
18849 19618 1
4519 12624 2
15612 15612 161
16761 4298 2
15837 11653 1
10525 10525 1
11868 19618 52
5621 5621 61
9582 9582 320
18827 18827 162
18850 19618 1
12937 19618 12
12985 12985 60
4785 11998 1
2456 2862 1
1786 19618 16
13203 19618 6
18851 19618 1
8765 19618 1
12004 12004 237
11748 19618 1
273 16107 1
18852 19618 1
18427 19618 1
13338 19618 5
9208 6389 1
11119 11119 24
4966 17383 1
6697 6697 235
7552 7552 409
15319 7387 1
1039 9402 3
113 3819 1
18853 19618 1
4110 1054 2
2166 7388 2
1074 1074 5962
1820 1820 33
8239 8239 556
5842 19618 41
4921 4921 17046
6867 19618 2
1853 12330 1
11508 19618 13
9113 11251 1
7216 8193 1
948 4891 2
13651 13651 31
3744 19618 27
1909 1909 13
12800 19618 1
8246 8246 159
13816 13816 18
8952 7563 1
18854 19618 2
18855 18855 1
5481 8671 1
3231 3231 74
18856 18856 185
4415 4415 1555
18857 19618 10
11167 19618 99
15898 10704 1
18858 19618 1
10831 16340 1
203 11235 1
17942 19618 4
17386 17386 10
18859 18859 89
12020 13280 2
618 14309 1
17465 17465 37
10226 3707 1
17158 17158 5
15961 19618 1
5876 7641 1
3153 6268 1
4328 3596 1
10203 2193 1
11632 14435 1
15562 15562 7
10521 17245 1
6850 7237 1
9934 19618 14
18860 19618 1
5300 5300 1360
11249 19618 8
14699 14699 28
12041 16490 2
18861 18861 12
3787 3787 30
18862 19618 2
18863 18863 7
1608 1608 226
18863 19618 1
11634 19618 2
1238 1238 207
13833 13833 12
11789 11789 39
7469 6063 1
12486 12486 12
1995 19618 13
4802 19618 101
5335 18142 1
18347 19618 1
18864 19618 4
18865 19618 1
8746 19618 6
18866 19618 1
18867 7662 1
14127 16759 1
8958 8536 2
15705 15705 16
1609 15390 1
17930 19618 2
16884 19618 9
17239 17239 102
731 15331 1
15087 11216 1
17280 17280 23
7305 7305 56
3085 9417 2
6443 17605 1
5596 15994 1
6933 10494 1
14785 6811 1
6569 17822 2
18868 19618 1
6376 6749 1
8440 6576 1
15890 19618 1
1388 1388 545
18869 19618 5
3519 118 1
7050 17806 1
17941 17941 8
11205 8731 1
18870 19618 1
16391 19618 17
14079 14079 488
7875 19618 1
12803 19618 2
8214 19618 2
14424 19618 1
4967 4967 40
13230 19618 1
13494 13494 122
18717 19618 1
4809 19618 31
16396 16396 28
18871 19618 1
18872 19618 3
8795 8795 9
1103 12379 1
3287 12563 1
1773 2682 6
18873 18873 15
481 1059 7
4208 4208 208
18403 18403 59
2002 2002 97
2560 4454 1
3571 5508 5
17164 19618 1
16671 7352 1
4381 19028 1
14381 19618 2
9875 14088 1
18874 18874 7
809 19618 194
180 12654 1
2366 4 1
5763 5132 2
18875 19618 2
10181 4188 3
128 19618 6
3287 3900 1
18876 14997 1
13114 15029 1
1184 17943 1
14104 1778 1
2224 19618 42
4113 2830 1
18464 19618 1
1796 1796 5654
18877 19618 1
7671 17999 1
13681 13681 1
18878 18878 26
18879 19618 1
3555 19618 15
4178 4055 1
18880 19618 1
18881 19618 6
17028 19618 13
8440 447 1
3023 1493 1
4010 8103 1
11264 19618 31
5814 56 1
60 493 1
17645 19618 1
11167 3983 2
15218 15218 39
4089 4089 746
13269 19618 1
8544 19618 1
6960 85 1
595 12000 1
17968 17968 83
8666 10990 1
14903 19618 5
1720 10236 1
1055 7136 1
3913 3650 1
17770 19618 1
60 60 2592
12227 12227 337
865 865 81
127 17953 1
7032 2015 2
18882 18882 1325
11841 11841 705
15544 19618 1
18883 17742 1
522 5974 8
3875 19618 1
2345 19618 4
920 19618 23
943 16658 2
5763 5763 6466
6005 623 1
3571 13253 1
14405 19618 1
16652 19618 1
8649 14657 1
4167 4167 446
11296 3351 1
2977 3891 2
5057 591 1
4328 13243 2
2556 17758 1
5017 19618 1
4763 19618 59
2496 2496 6299
2514 17201 2
15933 15599 1
5814 19618 79
574 1190 2
4762 4762 836
9798 9798 7
17292 17292 33
332 332 5
15383 1621 2
4193 19618 1
2858 16157 2
8420 19618 9
2603 19618 23
9074 7006 1
13193 342 1
4437 6997 11
16326 16326 210
18884 18884 2
18115 19618 1
1176 15682 1
1696 1696 149
2737 2737 49
7943 7943 17
68 1903 3
3368 3368 1089
10465 6567 1
742 742 1
8283 2059 1
8053 1981 1
16346 16346 1
18492 18492 41
2181 3238 1
8503 19618 5
3530 14401 2
10738 12251 1
5954 9391 1
15808 15808 9
10417 11882 1
18631 19618 15
4991 4991 1
7289 19618 37
18132 19618 1
16400 9779 1
14472 19618 1
10181 1041 2
6610 697 2
14806 14806 4
18885 19618 1
4983 8874 2
17803 17803 273
17034 19618 1
11943 8826 1
12028 18109 1
18886 18886 15
18887 19618 2
6804 6804 205
11936 8138 1
18888 19618 2
539 19618 4311
4287 16060 1
2996 2996 2817
16176 16176 27
4763 7907 2
8958 19618 26
18889 18889 97
12705 13418 1
1359 10290 1
16235 10266 1
5357 5357 60
18890 18890 19
6153 9362 2
1485 19618 76
15111 19618 15
18187 19618 1
18891 19618 1
2145 19618 12
7322 19618 1
15758 17458 1
105 6466 3
4158 13575 1
12734 18145 1
12150 4705 1
15236 15236 235
11899 19618 1
13331 19618 1
10440 19618 3
1105 1105 4317
3079 19618 1
13064 5310 1
2434 19618 162
11236 19618 1
917 10376 1
13906 6132 1
1016 1016 7
18892 19618 2
9386 17066 1
17290 17290 1069
7306 7306 629
15359 15359 27
3601 3601 31
7437 856 1
8149 4820 1
2175 18388 5
18757 18330 1
12319 19618 14
178 19618 184
4561 19618 2
7166 7166 83
13635 13635 196
9904 14574 1
12762 6017 1
5668 19618 1
18839 19618 4
12010 16740 1
9147 4469 1
6156 1185 4
11890 9972 1
1982 1315 2
16685 19618 1
8575 19618 1
9100 19618 1
7881 7881 4
6137 19618 9
3432 19618 2
18893 18893 9
2087 19228 2
17248 17248 162
2369 19571 1
16081 16081 131
6699 3345 1
18894 18894 11
18847 10021 1
18895 19618 2
25 530 2
8906 7208 3
7474 17246 1
4851 12302 3
5404 1149 2
5774 17540 3
3739 14415 1
7829 8305 1
8053 15642 2
14863 14863 2
10976 10976 15
16668 19618 1
18896 18896 203
4011 473 1
18897 18897 80
10729 19618 31
8968 19618 3
17135 17135 36
16946 19618 1
14725 19618 1
2812 2812 2387
18898 10430 1
18899 19618 1
3023 6571 4
17505 5864 1
18900 19618 1
18901 18901 336
3368 1637 1
185 15066 1
1360 1360 59
4616 179 2
12474 1373 1
2614 19618 39
8685 5345 1
3295 9005 1
18902 19618 4
18903 18903 25
4224 12401 1
537 19618 1
8318 19618 41
5476 5476 48
4403 4403 5384
2560 19618 67
7783 3607 1
12856 12856 36
15595 15595 387
2496 5338 1
18904 18904 54
4422 4422 341
18905 19618 1
5923 672 1
14722 19618 2
14000 14000 291
2758 18448 3
16330 19618 1
8794 3850 1
17777 19618 2
10432 10432 28
14063 14063 4
606 2198 1
1862 2852 1
11695 19618 22
5028 5028 1877
18906 19618 1
17432 19618 1
10207 19618 3
12931 19618 10
16971 16971 20
2887 19618 31
18907 18907 35
8297 8297 9
7706 19449 6
17532 17532 23
17262 19618 1
18544 18544 70
5560 9233 3
5606 869 1
8217 19120 2
1102 19618 30
18908 19618 2
12020 12020 2884
2926 11377 3
10342 15218 1
923 9157 1
11431 11431 1
5804 17060 2
18536 18536 14
4025 19618 284
11577 11577 556
13129 2702 1
18909 19618 3
7390 19618 11
18789 19618 2
10653 10653 220
2086 4573 2
18910 19618 1
7157 7157 32
259 19618 183
18108 18108 46
16359 19618 22
14767 19618 1
13604 13604 68
9384 9384 148
18911 19618 2
3297 19240 1
18670 18670 36
4638 16152 1
18486 19618 2
13115 13115 107
4066 19618 8
8582 16880 1
2485 2485 5
12695 9228 1
1156 19618 80
15773 15773 17
3562 19618 17
13635 10366 1
10202 19618 1
7044 7044 961
2130 19618 344
807 19618 1
18912 18912 137
13347 13347 107
13235 13235 69
18913 19618 1
15357 19618 4
1604 19618 168
7766 19618 1
15851 15307 1
18007 19618 1
705 1090 3
12639 19618 1
18914 18914 14
13430 19618 1
12257 12257 188
18869 18869 226
3589 3726 3
8936 17947 1
15388 19618 1
9944 825 1
1616 16850 1
14745 19618 2
11682 1096 3
1227 11890 1
11206 11206 112
13642 13947 1
339 17688 1
18915 19618 1
829 14746 1
11735 19618 2
18916 18916 2
4323 15929 1
18917 19618 1
17471 19618 2
18918 19618 14
12915 19618 10
18903 19618 2
6277 7544 1
5038 11552 2
13749 13749 13
6358 18964 1
10629 15128 1
11225 19618 11
13952 13952 14
4682 4682 817
13321 13321 125
837 12731 1
8144 19618 2
8629 753 4
18919 18919 465
18920 19618 1
2005 11813 3
4188 18531 4
5854 19618 1
105 19618 215
18921 18921 23
6421 16543 1
9580 19618 217
624 19618 1
6996 19618 73
8019 19618 2
10661 19618 1
679 1486 1
2570 2570 23
15849 15849 154
6104 19618 6
6356 19618 2
15282 10513 2
3048 19506 1
5875 6935 1
5685 9158 1
310 310 225
18922 19618 1
17457 19618 2
6931 3890 2
7962 13670 1
18923 19618 2
16764 16764 10
8826 8826 44
16446 19618 2
6834 19618 23
4326 4326 6
481 3595 11
4634 17763 8
16223 16223 1
4197 4197 1073
10940 10940 245
17796 19618 8
9278 19618 20
11225 18262 1
6909 6909 9775
18924 19618 1
9120 15027 1
3282 2429 1
5138 9521 1
2151 17970 1
18548 18541 1
2454 8646 1
12290 19618 10
6416 12853 1
12572 13501 2
1876 9834 2
7909 19618 2
8529 8529 16
5473 9117 1
4354 4354 507
14611 14611 53
7984 14856 2
18225 19618 1
15722 15722 358
18396 18396 236
6753 6957 1
18925 18925 378
4439 11894 1
2227 2267 2
18398 18398 84
10293 10293 29
12919 19618 15
1239 1239 7439
6721 6721 3
15107 19618 6
16305 16305 7
1771 1771 143
18312 18312 29
15023 9506 2
6663 6663 21
13416 19618 1
2672 13436 1
12720 13203 1
18926 18926 7
3921 3921 1916
237 8827 1
1604 2687 3
383 19618 54
3608 4873 1
18844 18844 268
18768 18768 59
18927 18927 66
5199 1358 1
544 6144 1
10363 19618 27
2724 19618 5
6838 19618 1
1913 6164 1
4459 13275 1
5776 19618 4
10307 10939 1
9286 19618 12
15080 19618 2
6914 1357 1
1815 3988 2
13169 8423 1
5568 19618 11
2521 2521 610
15318 19618 1
5373 15203 1
14337 19618 2
17793 19618 1
18901 19618 10
18928 18928 3
18246 18246 32
16737 16737 305
1105 2790 1
2243 17701 1
6001 6001 576
4961 8683 1
2186 9348 2
801 12993 3
16723 19618 1
17721 19618 1
9547 19618 1
13592 13592 1946
3495 3495 3299
5371 19618 4
18929 19618 1
16099 19618 1
5418 13465 1
2789 19618 183
1907 1686 5
1059 5260 3
9480 9480 185
10974 10974 58
4109 1335 5
3578 9422 19
6680 10567 2
13671 5202 1
18930 19618 1
13557 13557 2
47 18754 1
4485 2360 1
4090 4090 86
11673 11673 781
18931 19618 1
5876 8982 1
5906 19618 2
13493 19618 1
18932 19618 1
5129 19618 1
18886 19618 1
18933 19618 3
12686 16466 1
9994 9994 214
14886 14886 312
6051 14040 2
10900 9623 1
249 16433 1
4239 14442 1
17022 17022 41
3533 5821 1
16332 19618 3
17916 19618 5
18934 19618 1
18935 19618 1
9901 6748 1
3663 3141 2
18936 19618 7
17347 19618 1
11033 10187 1
6156 17882 4
18937 19618 1
18938 19618 1
6320 5783 1
11335 11335 42
5340 18575 1
15191 19618 10
10740 19618 1
15678 15678 1201
107 2969 2
9775 9775 45
18939 19618 1
6429 19618 56
15417 19618 1
6947 7843 1
18940 19618 1
12547 19618 1
18941 19618 1
16524 16524 120
18942 18942 6
17451 19618 1
11489 17329 1
8393 8393 50
17127 16985 1
18203 18203 14
18943 19618 1
18180 13202 1
18944 19618 1
9190 9190 114
5746 7925 4
9556 1214 1
15813 19618 1
840 14831 2
18542 19618 1
6593 4972 3
6843 13350 1
18945 19618 1
3111 17011 1
18099 19618 33
330 105 1
14435 19618 1
1017 19618 521
14344 14344 121
15713 15713 324
2508 19618 641
2781 600 1
11588 19618 6
130 18471 3
5289 5289 42
8130 7026 1
18946 19618 2
5423 19618 34
2725 13910 1
18947 18947 18
17121 17121 48
1416 19618 29
3737 1726 10
9794 13548 2
4526 4526 7002
1264 1044 1
18948 19618 2
13164 19618 10
6922 18517 1
18310 18310 503
9228 9228 244
8855 8855 40
13355 19618 1
11349 19618 3
5079 6493 1
12837 12837 2
18362 18362 19
7643 7027 1
14396 17304 1
7581 19618 1
17578 17578 22
2746 5328 1
13018 13018 69
18949 18949 8
1818 19618 20
17829 17829 6
2124 2124 51
3398 3398 267
18000 18000 9
5329 5329 1700
18950 19618 2
18951 19618 1
6196 2600 1
18952 18952 26
1547 18339 1
396 12222 2
18953 19618 6
4593 811 1
18847 19618 3
15535 19618 10
9009 10582 1
9902 17503 1
11320 19618 13
13777 19618 3
13733 4463 2
16934 16934 41
6510 6510 7578
8749 8749 359
14201 19618 1
8891 19618 1
10886 19618 28
585 2123 1
486 7132 1
539 11577 1
6942 6942 408
11537 11586 1
697 697 249
9944 5712 1
2561 4045 1
10577 16822 1
10338 19618 7
13620 663 1
1044 19618 1
6379 6379 4800
15764 19618 3
16101 16101 107
4083 13435 1
18098 1012 1
1644 19618 4
2000 15508 1
18359 9953 1
18841 19618 8
10612 10612 8
1504 9303 1
12284 13167 2
11654 11654 44
10028 10028 212
18954 19618 5
16882 5865 1
1290 12388 1
16336 19618 4
4038 19618 3
18955 18955 292
18956 19618 1
18957 19618 2
4847 498 1
9967 805 1
2776 3568 1
5116 2903 1
17862 17862 27
3776 6022 1
17697 17748 1
8376 19618 1
10742 10742 275
6473 18221 1
17054 19618 1
890 14260 1
18808 18808 8
18428 19618 2
5202 19618 4
11566 19618 3
14296 14296 35
18958 19618 9
15170 15170 32
10192 11889 1
15658 19618 1
3180 19618 14
11496 19618 13
9550 12098 2
16007 19618 1
2430 2430 132
7728 7728 658
18855 19618 1
18959 18959 26
7617 7617 114
7458 19618 1
4141 17633 2
2712 2712 518
18588 18588 32
3483 19618 55
18317 19618 7
4984 4984 6387
6529 2066 2
4238 19618 1
9331 19618 22
6843 19618 2
13926 19618 1
10660 10660 42
18605 19618 1
12082 19618 1
10549 1852 1
17701 18910 1
182 6229 1
18652 19618 4
10956 19618 36
11131 160 1
9332 9332 10644
13166 17082 1
16400 5854 1
18135 18135 7
4143 9608 1
1926 11994 2
18660 18660 19
15541 9854 1
1347 19618 35
2108 2108 9712
8172 11803 1
8335 19618 15
370 8987 1
6535 19618 3
5730 12416 1
2770 5835 1
1251 13795 1
18873 19618 1
7351 19618 4
17147 17147 3
5726 1027 2
2664 10451 1
1142 10603 1
9556 19618 7
18960 18960 11
15458 19618 1
11885 11885 1836
18961 19618 1
14650 14920 1
6113 6113 24
18962 19618 1
2773 9678 4
13448 13448 447
18772 18772 51
1880 19618 1
1359 518 1
2482 4612 1
18963 19618 2
17934 17934 26
4899 19618 2
16871 11148 1
16276 19618 4
18964 19618 1
18896 19618 7
16848 16848 25
18965 18965 7
18271 18271 71
7514 14111 1
4287 19618 379
18882 19618 30
18449 18449 118
10183 1577 2
2526 2526 426
1561 1561 2414
18966 18966 76
18388 5041 1
10499 19618 519
947 947 3
18967 19618 4
8644 19618 3
11293 19618 1
11142 19618 3
15429 19618 1
7745 7745 23
4011 10435 1
17097 17097 13
938 18875 2
13695 19618 1
15299 11731 1
18968 18968 7
1624 1624 751
17775 19618 3
10180 10180 16
6152 6152 75
13736 13736 7
823 19618 1
18969 19618 1
18908 18908 85
18970 18970 2
1866 17274 2
12071 12071 27
14446 3393 1
6067 15739 1
7370 7370 118
907 19618 1
18971 19618 1
16989 19618 1
15621 15621 28
2023 8868 1
1085 1085 18920
12764 4587 1
18816 18816 159
5679 19618 42
9447 8781 2
68 17025 1
9652 19618 30
9329 19618 14
4692 4692 6
7050 19618 9
3832 19618 41
18972 19618 1
18677 18677 97
10798 10798 5
16939 16939 4
18973 19618 2
3058 3058 932
13204 19618 2
10743 739 1
4183 19618 2
5094 13676 1
14307 19618 1
12870 19618 3
2595 7097 1
18898 19618 10
18974 19618 32
14282 19618 1
11682 15282 1
5572 18717 1
3999 19618 15
18975 19618 2
6035 13611 1
3330 3330 4161
18976 19618 1
1286 1286 28
804 17843 2
18420 19618 1
866 14838 1
4280 19618 1
2244 13251 1
18629 18629 3
1225 10383 1
16995 19618 13
13308 13308 148
14693 14693 437
1901 1901 482
6639 6639 4
13879 13879 37
11220 189 1
8416 15297 1
17579 19618 1
14858 14858 194
8986 19618 2
2818 16949 1
18977 18977 5
4034 17440 1
18925 19618 12
13815 13815 1
18978 19618 5
12807 12807 18
18381 18381 6
12801 12801 37
8707 19618 12
18979 19618 1
183 18166 10
5659 8812 1
5133 5726 7
7173 16615 1
6909 12143 5
5682 5663 1
3528 19026 2
2669 13576 3
7380 7380 362
6499 6499 11622
11742 11742 208
10150 16205 1
3178 2503 1
18980 19618 1
14646 14646 22
18981 19618 2
14464 561 1
9588 10299 1
18982 19618 1
18983 18983 50
1060 19618 404
3270 19618 4
7265 13417 1
10213 13335 1
15830 15830 57
18145 18145 3
1944 3675 1
18767 19618 1
3287 19618 2274
18984 19618 2
13580 19618 2
11321 9359 2
7669 7669 11
7653 7213 7
18985 19618 1
10348 19618 13
2007 6149 3
621 14345 1
18986 6770 1
18987 19618 3
2638 11602 1
18928 19618 1
12111 13918 1
4171 4171 181
5326 19618 16
9680 1485 1
9529 19618 2
16452 16452 10
14037 14037 518
13559 17053 1
4732 4732 3526
13088 2937 1
7519 12507 1
18988 19618 11
2494 12719 11
18867 18867 7
18989 19618 1
12329 12329 19
1048 5324 1
18990 19618 1
17051 17051 175
8481 4611 1
2861 14160 1
3617 10487 1
7346 7346 15
4152 4152 428
18991 19618 1
18992 10949 1
15249 19618 1
18993 1990 1
15231 15231 19
6369 9819 1
501 19618 338
18916 19618 1
7064 19618 28
17323 19618 2
18994 19618 3
5424 5424 2
3495 7421 1
1978 13278 1
15349 15349 1
3616 6263 1
18995 18995 42
16398 19618 1
15532 14055 1
7409 19021 1
17860 17860 73
3463 3463 30
6124 16966 1
10140 14004 1
1059 10721 1
18996 19618 1
13020 19618 1
5452 19618 1
8223 8223 1095
17403 17403 54
8069 8069 108
15532 1609 2
9799 9799 6
3377 7137 2
18997 19618 1
2760 14140 1
6176 14771 1
539 5141 1
966 966 35
5720 19618 23
18992 18992 17
622 19618 80
18668 19618 1
7991 7991 47
2976 19618 5
18718 18718 229
4131 11824 1
6436 12864 1
1406 1406 2176
16681 16681 24
2277 1343 1
18998 19618 1
1411 1411 17
17382 17382 19
7032 9684 2
2371 19618 13
12661 7180 1
2689 10403 2
4891 4891 621
17954 17954 6
5073 19618 1
15897 15897 5
12998 12998 28
7967 19618 6
716 19618 22
1452 13135 1
3065 2709 1
1010 9863 1
6670 6670 21
18259 19618 1
12277 12277 301
3069 3069 21853
2617 16247 6
5560 17136 2
18344 18344 11
3737 4823 1
7470 19618 1
18999 19618 1
2789 16873 5
5366 19618 2
15894 15894 35
1819 19618 13
2255 1786 9
18197 18197 93
12286 19525 1
13355 13355 18
4493 405 1
12975 13742 1
18297 18297 19
19000 19618 1
8120 12303 1
8205 4783 2
1339 4152 3
5322 6794 1
13674 12477 1
8721 13389 1
6293 19618 1
3797 18648 1
10314 11681 1
2800 353 1
4248 7465 2
14712 14712 11
12877 19618 8
2871 11314 1
746 8134 4
18701 18701 11
19001 19618 7
16979 16979 663
1726 15475 2
19002 19002 33
16640 19618 5
14312 19618 1
16077 16077 90
9276 7085 1
15571 16440 1
17975 19618 1
17202 17202 7
900 3439 1
2169 19618 84
10965 8596 1
19003 19618 1
8004 8004 81
13209 13209 17
19004 19004 1
18876 19618 1
18088 3215 1
3469 19618 7
19005 19618 1
16620 16620 240
726 19618 1
9949 9949 4
17479 19618 1
1106 1872 1
14260 14260 2
7641 2056 1
1245 13816 1
8239 6251 1
16484 19618 1
17408 19618 13
941 941 97
15272 15272 24
19006 19618 1
15689 15689 588
19007 19618 5
10874 19618 3
14305 14305 519
4060 19618 25
9035 19618 10
9819 9819 317
1339 612 2
16441 19403 1
2813 19618 33
2858 17081 2
5417 16618 3
19008 19618 1
9756 5176 1
17167 17167 35
3377 1071 1
1450 12560 1
4705 19618 1
14400 19618 2
5490 2453 2
11363 574 1
15453 15453 12
352 13313 1
7191 2095 1
17746 17746 535
10900 11042 1
872 872 5352
7732 13379 1
7737 7737 92
5572 19618 39
17932 7985 1
8848 8848 1836
6294 6294 200
8885 19618 1
16803 16803 61
16092 19618 3
9085 19618 304
9146 18821 1
9475 19618 42
4984 9055 1
1978 5586 1
911 3291 1
7569 11055 1
4669 14196 1
10915 1432 1
9680 2848 1
19009 19618 3
19010 19618 1
19011 19618 1
13200 19618 1
11000 19618 8
17845 19618 1
19012 19618 1
8172 16820 1
1156 2080 1
18086 19618 5
10171 8019 1
12515 12515 22
7571 19618 1
13232 13232 8
18094 18094 7
18031 18031 273
19013 19013 22
19014 19618 1
19015 19618 8
1162 2198 3
4504 9284 3
12352 19618 1
49 19618 54
17531 15722 1
778 8514 6
5590 19618 10
19016 19016 230
16125 19618 1
19017 19017 19
19018 19618 1
14807 814 1
2460 19618 3
1042 15641 1
17984 17984 17
19019 19618 1
14001 14001 15
12345 19618 1
14431 14431 24
5316 19618 19
1197 1197 39
5865 5865 8836
2494 1294 5
18695 17664 1
17445 17445 17
18538 18538 198
829 8102 1
1031 8798 4
6436 6965 1
59 4874 1
18997 18997 28
9095 8370 1
4745 6023 2
19020 19618 1
13733 6262 1
1748 17395 1
1644 4053 1
7363 11401 1
6305 19618 282
1147 15451 1
8577 8577 7
3925 19297 3
4113 11945 3
5417 10639 3
18825 18825 12
19021 19618 1
2566 3203 1
5084 5084 597
19022 19618 4
3902 13151 1
5353 9261 1
5648 4534 1
17935 17935 7
2382 2382 490
11804 19618 5
3610 7730 1
18796 18796 15
10920 18637 1
14461 567 1
120 19618 2
16987 3465 1
8053 5606 1
17385 484 1
2977 1024 1
15117 19618 5
344 9458 3
4127 11560 1
8226 9727 1
5804 2283 1
4445 1587 1
1134 16418 1
1631 19618 205
5542 471 1
1299 5769 2
13704 13704 282
837 837 2716
7671 9279 2
10397 19618 109
9613 19618 1
4399 4919 1
13145 19618 4
3510 389 1
11536 19618 1
12111 19618 1
6755 6755 1718
17276 19618 1
7194 16453 1
11348 8208 1
19023 19618 2
8878 8878 1969
1453 19618 16
15904 2164 1
6610 16640 4
16510 19618 1
19024 19024 71
4093 19618 21
1179 7411 1
395 17480 1
222 10534 1
2276 6768 1
13366 13366 52
1699 16057 2
8646 4522 1
8518 3012 2
11287 19618 1
19025 19618 1
2200 2200 37
19026 19618 2
19027 19618 2
18337 18337 31
17279 9802 1
3088 19618 6
8332 12823 1
1108 1108 23
106 19618 135
4323 4323 2586
16669 16669 25
19028 19028 74
896 17668 5
1679 16277 1
7447 19618 27
4127 8544 1
15364 19618 2
19029 19618 5
13270 13270 10
9726 3357 1
291 19618 18
18382 18382 8
6601 15877 1
19030 19618 3
5500 6984 1
19031 19618 1
15546 15546 6
16506 19618 3
16695 16695 54
17250 17250 22
7721 19386 1
13488 19618 1
17086 19618 10
16928 19618 1
4255 2011 1
13518 19618 5
26 9076 1
10093 12008 1
735 8954 1
11353 19618 41
14787 19618 1
10286 10286 34
359 2798 1
10655 18395 1
18986 19618 10
10531 346 1
12103 17452 1
8685 19618 23
14265 19618 9
15317 19618 1
18543 19618 1
8216 19618 2
18973 18973 79
12582 12582 26
5404 19618 33
8727 19618 4
5834 19618 1
19032 19618 3
13543 19618 1
1535 1535 30
1252 19618 11
1445 10179 1
7993 1508 1
8772 8772 200
2712 3069 1
8309 8309 613
13510 4531 1
18520 18520 59
4841 19618 9
4785 4785 964
13043 10678 1
8844 13773 1
7401 19618 35
9871 12845 1
7222 19618 1
19033 14365 1
18791 19618 2
2513 18876 1
19034 19034 40
2334 19618 95
3471 3471 111
5929 5929 202
2041 14901 1
12178 13462 1
6538 12717 1
2562 2562 132
4423 4678 2
5509 19618 11
5255 11952 4
1902 10566 1
746 5091 1
224 3314 1
7238 7238 87
4001 2661 1
8486 19618 2
16069 16069 22
1173 19618 2
15759 19618 1
13498 13498 10
3839 10480 1
19035 19035 23
5695 19618 1
5723 15354 1
872 1841 1
16870 16870 203
6591 6591 105
19036 19036 995
15859 16343 2
13009 13009 49
3797 11374 1
19037 19037 10
5730 8643 1
19038 19618 2
868 868 374
9136 9353 1
19039 19618 2
9793 19618 12
19040 19618 1
1192 1192 847
2592 2592 104
16197 16197 8
18251 19618 6
9051 9051 19
1927 19618 1
10309 10309 80
8299 8299 3
11914 19618 2
1994 3178 1
735 14534 1
13642 19618 6
14422 14422 12
9319 9319 3361
6549 19618 2
3068 9566 2
1567 19618 54
7412 7412 889
14752 19618 14
7252 10914 1
884 15377 1
10005 19618 1
1097 17411 1
2989 5717 3
17878 19618 1
10615 11704 1
377 15249 1
8064 19618 1
2512 19618 1
15477 19618 1
10173 2088 1
5929 9509 1
818 6398 1
19041 19618 1
13697 19396 2
1748 6795 1
6135 19618 5
4073 4073 2586
7047 712 1
3885 11567 1
2156 2156 17
15105 19618 1
18607 19618 5
3036 10315 1
19042 19618 2
6151 7110 2
10061 10061 128
5777 16848 1
870 19618 45
7653 9401 5
8485 19618 1
28 6813 1
19043 19618 1
9061 5751 1
13740 19618 27
17695 13485 2
4737 4737 72
19044 19044 8
19045 19618 1
11725 9570 1
6408 6408 380
9972 9972 1808
799 799 61
15504 14092 1
212 5357 2
15193 19618 7
13005 19618 1
5501 5501 189
18856 19618 4
7801 19618 3
19046 19618 2
2482 7049 17
234 16501 1
4706 7404 3
5223 4502 10
5922 18677 1
4227 16124 1
18677 19618 1
389 19618 4
2564 2564 2186
3701 8161 1
19047 19618 1
16867 16867 7
19048 16197 1
19049 19618 2
793 793 1401
19050 19618 2
9452 9452 1484
17291 19618 18
15034 15034 20
2529 2529 413
9928 2734 1
19051 19618 1
3936 4085 1
4239 19618 1
2697 19618 73
5133 5133 12775
5489 5489 48
1954 11209 16
17243 17243 135
16773 16773 1
3295 3295 2555
19052 19618 3
10637 19618 23
5033 16187 1
19053 19053 191
5090 15674 2
11301 19618 1
4223 19618 37
19054 19054 166
16022 16022 11
6462 19618 12
735 15430 1
632 19618 17
11229 19618 16
10317 19618 3
14443 19618 5
4521 7291 1
2298 13402 1
3330 19618 74
790 4960 7
6468 17778 1
746 19618 182
13875 19618 1
13437 14948 1
11725 15488 2
8805 8805 712
19055 19618 2
14185 19618 1
669 669 21
1262 1262 19
3212 8983 1
19056 19618 1
10283 10283 3
18133 19618 2
6485 9620 2
16500 16500 6
2494 11133 1
19057 19618 1
801 14777 1
13612 13612 113
17013 17013 467
14200 14200 80
10313 10384 2
1306 6670 1
25 7254 3
815 815 599
16656 19618 2
4110 8818 1
4200 4400 1
19058 19618 1
9286 9286 606
6337 3510 1
4191 13797 1
559 15582 2
8530 8530 56
3466 8600 5
19059 19618 1
15997 19618 2
12585 19618 6
16898 16898 18
14390 14390 20
9441 13729 1
8995 19618 18
10520 10520 914
17004 17004 24
7921 7921 29575
6876 1585 9
4328 2583 1
16733 19618 1
12851 19618 3
7293 7293 755
4434 682 1
15514 15514 48
18266 19618 6
4944 19618 1
16885 16885 111
7193 19618 15
6704 19618 1
19060 19618 3
2092 19618 1
9429 17242 1
14486 14486 34
3676 16945 1
19061 19618 1
107 13830 2
4422 6923 1
14956 19399 1
2247 7773 1
18989 18989 27
5817 19618 1
9324 14766 1
16759 19618 1
3499 3499 461
675 19067 1
142 19618 1
15582 15582 107
15410 15410 18
2895 1564 1
3140 13994 1
19062 19618 1
19063 19618 1
1717 6300 1
5490 11010 1
6757 11856 1
19064 19064 11
3287 7064 1
16709 16709 299
19049 19049 88
11105 11105 201
19065 19618 3
19066 19066 107
2862 2862 2344
7471 19618 18
14515 14515 2
4762 17178 1
7416 7416 95
7893 13289 1
18411 19618 1
18191 19618 11
2005 2005 11034
18522 19618 2
2157 468 1
12298 12298 131
11499 7280 2
8724 19618 1
12227 19618 6
3768 3768 222
611 7077 1
9430 1089 1
15038 15038 722
8378 8378 1
16566 936 1
15885 19618 5
2719 2294 4
10829 19618 6
5935 453 3
12491 12491 125
19067 19618 1
8997 8997 33
6166 5697 1
3756 19618 1
19068 19618 4
19069 19618 1
15512 19618 1
16687 16687 33
18797 18797 219
17077 17077 1
10226 16002 1
12742 12150 1
16345 19618 1
14200 19618 2
19070 19618 1
15437 19618 6
19071 19618 1
5751 7680 2
4392 6659 2
12530 12530 121
1815 19618 19
4971 15083 1
4499 19618 3
220 1132 2
1294 4768 3
6143 698 1
3947 11155 1
18752 19618 4
9766 8500 1
3885 14021 1
13171 13171 354
8695 9531 1
15068 19618 2
7225 7225 312
14034 14034 80
912 12962 1
1326 1962 1
1616 1616 3922
1504 4207 1
11663 19618 1
17815 6363 1
17348 19618 1
6014 19618 2
1656 1656 455
19072 19618 1
16888 16888 25
399 8997 1
19073 19618 1
261 11360 1
17157 17157 14
3059 6219 1
16312 16312 112
19074 19618 2
1058 1058 249
13481 13481 1167
17541 19618 1
17972 17972 21
12687 12687 12
10074 10431 1
19075 19618 1
19076 19076 19
4689 8079 1
3257 7021 1
1370 19618 1
16255 19618 3
19077 19618 2
19078 19618 1
17396 17396 21
1280 19618 39
6260 19618 3
14503 14503 20
828 13412 1
10494 1152 1
791 19618 205
16443 12629 1
2979 2158 2
18996 18996 4
7787 6457 2
746 5169 1
4468 10211 1
3330 13682 3
14732 19618 4
6922 10806 2
2975 2975 27
1926 182 1
5574 5574 94
12846 19618 1
2645 5253 2
13996 17382 1
16095 16095 205
1664 19618 56
11463 11463 106
12360 19618 1
18819 18819 18
1103 15397 1
1948 1767 1
17982 17982 39
10099 19618 1
4531 19618 1
1661 10772 1
5609 3563 2
5198 874 1
1445 6310 1
6928 19618 1
6026 6026 58
735 11562 1
6360 19618 9
18110 18110 4
1216 10769 1
6349 19618 2
11859 19618 2
4324 19618 1
16206 19618 8
17058 17058 22
9327 562 1
17264 19618 4
14458 14458 46
890 14091 1
11011 19618 15
5875 6099 2
7918 19618 1
6363 6199 1
5545 19618 3
7187 7187 3757
2021 2021 467
11027 11027 1
18859 19618 4
18392 19618 1
13448 19618 15
9365 9365 71
9053 9053 13
19079 19079 280
5408 11558 1
18455 18455 4
11719 19618 4
11973 19618 9
5409 5687 4
10686 10686 12
8034 19618 1
8609 12115 1
2511 15588 4
5019 7378 1
2422 2422 170
14358 14119 1
485 2233 2
1142 16665 1
681 12593 1
19033 19033 56
3133 19618 218
18920 18920 4
19080 19618 1
5483 15649 1
1312 1312 4
16104 19618 1
18648 18648 183
9201 9201 805
16301 19618 4
13551 19618 40
9389 19618 7
18974 82 1
5181 5181 217
250 4721 1
5274 14886 2
2223 174 1
2804 4675 2
8893 8893 44
2162 19618 1
12594 12979 1
7454 7454 739
5726 3797 2
19081 19081 38
14532 14532 28
10500 12489 1
19082 19082 6
5255 17519 3
12574 12574 147
19007 1406 1
12211 12211 49
7894 14208 1
13262 11472 1
12518 12518 257
10602 19618 1
3823 19618 12
4481 13691 4
4458 9704 2
17585 17585 14
10072 15817 1
19083 19618 1
1253 1763 1
15504 3851 1
9259 17404 2
3015 4985 1
19084 19618 1
7324 7324 23
785 9519 1
4141 11939 5
11399 11399 72
12195 12195 338
19085 19618 1
17887 19618 1
526 3796 1
18458 19618 2
11260 7918 1
107 11039 4
7391 7391 415
3967 19618 1
6610 19618 242
13675 19618 1
18942 19618 1
16824 16824 73
8975 8975 541
5615 19618 10
10357 19618 1
14832 19618 1
15695 15695 6
4790 4790 148
5950 19618 2
12721 775 1
5757 19618 23
5589 19618 21
19086 19618 4
4132 13048 1
912 10459 3
509 19618 36
9038 9038 24
15747 13612 1
14861 14861 6
14768 14768 1
1135 19618 87
8278 19618 5
2711 2711 23
17986 19618 1
9616 9616 28
17990 17990 8
9144 9144 1
13923 19618 1
705 7341 2
2007 8893 3
2645 2645 2453
15203 15203 128
5166 19618 218
8744 19618 1
5609 9003 3
3515 7555 1
2508 8686 1
4227 19618 13
940 19618 1
1556 2006 1
19087 19087 26
8058 8058 2419
17922 17922 37
13958 13958 133
18461 19618 1
3903 19618 4
9040 3091 1
19088 19088 14
8854 8854 149
19089 19618 1
3877 3877 41
4033 9686 2
6876 16863 8
13120 13120 6
244 3928 2
15382 19618 6
1809 4624 1
9054 19618 7
4806 19618 13
19090 19618 3
19091 19618 1
14176 14176 418
9076 19618 1
5265 19618 1
19092 19618 1
314 16918 5
12171 15285 1
2005 1388 1
5463 16875 1
19093 19618 1
19094 19618 1
4328 6914 6
16597 19618 1
7163 19618 1
12699 18612 1
18984 18984 48
19095 19618 1
3992 6436 1
2928 2928 70
14980 19618 23
17695 17695 632
9300 18919 1
19096 9031 1
12704 12704 23
5674 5674 90
19097 19618 8
2428 7146 2
9166 9166 55
3104 3104 441
63 63 43
11295 11295 2298
18089 19618 1
15066 15066 702
7237 19618 1
16000 16000 123
2250 2250 13
309 12702 1
5360 15572 1
11165 14108 1
8058 5579 1
12542 12542 332
19098 14134 1
7369 7369 10
19099 19618 1
14340 1934 1
4220 19618 6
4332 4332 107
8117 19618 1
3585 19618 77
9773 11959 1
1656 3108 1
19100 19618 3
1161 1161 157
2770 5570 1
13220 13220 164
5720 13155 1
1008 11645 1
6798 19618 1
365 18496 1
13061 19618 2
7151 15054 1
424 4070 1
19101 19618 1
4304 4904 1
261 7625 1
293 15356 3
4340 19618 1
9484 19618 14
430 19618 40
19102 19618 1
12876 12876 31
6280 6280 49
8310 19618 43
8371 197 1
16631 19618 1
9550 979 3
13646 19618 5
1538 19618 22
647 647 2247
19103 19103 48
15333 15333 8
4791 17637 1
3890 19618 1
17689 17689 106
912 19618 186
11880 19618 1
19104 19618 1
6186 6186 1232
13589 19618 1
5218 5218 89
15234 15234 202
9953 19618 5
16225 16225 1
13635 15936 1
11565 19618 1
1684 1684 3
11544 19061 1
2260 4946 1
298 19618 112
13298 14199 1
12859 19618 1
11074 11297 1
49 1541 1
18068 18068 20
7984 8695 2
19105 19618 4
14670 19618 9
614 7275 2
7580 12794 1
19106 19106 16
9990 9990 729
817 19494 1
19107 19107 23
14096 14096 29
9453 9453 44
17985 17985 44
9369 9369 914
18303 18303 7
14396 13937 1
831 15455 3
9497 9497 85
18482 18482 7
15472 19618 3
1324 19618 1
14465 19618 2
17169 17169 26
15037 19618 1
359 4590 8
7338 19618 3
19017 19618 1
13228 14295 2
19108 19618 4
8926 6904 1
3299 19618 243
17822 17822 22
11068 19618 1
2398 11648 1
19109 19109 34
2505 5092 4
12734 14790 1
17867 17867 51
19110 19618 2
16268 16268 1
15665 19618 1
3617 12434 1
1895 18172 1
388 4797 4
12563 12563 2
7274 13057 1
1714 2320 5
19111 19618 1
18292 19618 1
12159 19618 13
19112 19618 3
13972 13972 425
1748 15059 1
13803 19618 2
4900 4900 24
4707 640 1
19113 19618 1
3137 3137 656
4271 1849 1
6931 13476 2
1653 1653 139
17153 19618 1
15196 13957 1
2240 6760 1
1978 11043 1
2255 6834 9
741 12687 1
10306 19618 28
4260 19618 1
755 19164 1
9603 19618 3
19114 19114 22
3130 3130 89
14573 14573 38
5005 5983 1
9339 9339 2349
2524 13832 2
19115 19115 2
14849 19618 1
3585 6228 4
8510 3437 1
7816 7816 56
14215 14215 35
19116 19618 1
15810 19618 3
19117 19618 1
19118 19618 1
6122 19618 1
10171 19618 6
19119 19119 17
18612 19618 1
11544 18631 1
561 18356 1
19084 19084 33
19120 19618 2
5145 5145 751
10710 19618 3
11607 19618 1
17487 13316 1
1294 314 7
570 5323 2
10715 19618 7
19121 19618 3
15215 1910 1
10227 11529 1
2809 2809 1369
5033 17631 1
16480 16480 106
5352 19618 11
4550 4550 2671
2197 19618 34
11895 19618 1
4101 3294 1
19122 19618 1
8803 8803 29
18379 18379 13
19123 19618 1
18546 19618 2
1372 11063 1
3838 18253 1
19124 19124 47
13529 15527 1
277 1102 4
5932 19618 8
15489 15489 128
19125 19618 1
6448 6448 6002
7444 16715 1
1557 3194 1
6836 19618 70
911 1743 1
2508 18166 3
10542 17195 1
7596 13678 2
1981 19618 56
16444 19618 1
8116 8116 125
16859 19618 1
3360 19618 7
5613 5613 3342
9042 16100 1
7697 19618 4
19126 19126 2
14294 14294 116
5409 16286 1
5071 10636 1
12453 12453 410
250 19618 5299
16401 16401 2
19127 19127 90
2261 5486 1
14662 19618 1
7886 19618 2
3377 10657 1
2191 19618 3
19128 19618 3
3067 19618 27
6318 19618 2
1723 15210 1
2348 19618 52
19129 19618 1
1676 2509 1
13297 13297 482
8407 4069 1
13714 19618 3
1007 1007 278
871 13984 1
19130 19618 3
5804 5804 5859
9988 13373 1
16752 16752 47
6680 6680 9250
4108 11417 5
9424 2149 3
19102 19102 49
19131 19618 2
9237 9237 1915
1770 19618 692
8684 4620 2
18399 19618 3
12117 7031 1
671 19618 7
2789 6902 1
870 16792 1
6672 19618 1
4521 4521 234
385 16559 1
1190 1190 69
11808 19618 2
9181 10661 1
19132 19618 2
19133 19618 2
3018 19618 9
14481 19618 1
17804 17804 51
18274 19618 2
4936 14371 1
18547 19618 1
18163 19618 7
7041 11239 1
1976 1976 9
17068 18283 1
19134 19618 1
14111 19618 6
12941 19618 1
2537 3467 3
6583 18600 1
4481 13512 1
2728 19618 5
17511 17511 2
6994 6994 664
19135 19135 38
615 615 5725
670 5681 3
2857 19618 40
14375 19618 1
10746 14350 1
14866 14866 25
17535 17535 18
105 4398 1
5423 8541 1
10864 19618 2
1631 16523 2
7231 7231 26
12341 6126 1
13538 13538 93
11849 11849 1400
18702 18702 12
8440 2827 2
17750 17750 6
1403 13591 1
19136 19618 2
8407 8407 1266
10043 19618 4
17886 17886 14
17893 17893 77
17299 19618 6
4992 4992 1
16257 16257 31
15096 15096 44
13213 13213 8
577 15237 3
19046 19046 32
2482 2482 67778
5034 5034 702
9655 6054 1
17398 19618 1
1797 1797 115
1932 19618 135
15156 19618 1
11739 11739 246
6571 15570 1
5767 19492 1
16651 6787 3
13048 13048 24
2132 9915 3
6825 6312 1
12435 12435 18
291 12396 1
2796 19618 47
8145 19618 10
10135 19618 1
18354 19618 13
3237 16968 1
7406 7406 1314
19137 19618 1
13977 13977 88
2322 16894 1
803 803 1513
19138 19618 1
18525 18525 15
6602 15797 1
1083 11144 1
2511 2511 1167
17187 19618 2
3283 3283 1054
8424 19618 15
2114 11390 6
13530 13530 221
18705 19618 1
5094 18802 5
11477 11477 73
17869 17869 91
14922 19618 4
18925 149 1
19088 19618 1
6702 6593 2
18618 19618 3
3084 12707 1
10371 19618 2
17681 19618 1
19139 19618 1
19140 19140 2
13451 13451 42
17370 17370 31
177 2782 1
3002 3002 1014
3507 736 1
5204 18135 1
15889 15889 3
4989 14051 4
10412 11243 1
4559 4559 1466
18571 18571 6
2569 19618 121
3870 3870 11
10985 10985 29
8304 7379 1
2571 2571 441
1698 10 6
19141 19618 2
9892 19618 29
16871 1951 1
10039 940 1
5899 5899 606
17092 19618 8
19142 19618 2
15376 15376 21
16718 19618 19
16636 18952 1
7589 2763 1
19143 19143 3
4873 4873 481
19144 19618 1
14579 4693 1
17742 19618 1
18231 19618 3
10213 2391 1
18695 18695 432
11045 14508 1
11976 19618 1
1671 1671 4878
10883 16983 1
2965 19618 58
1591 19618 25
15288 6913 3
9021 9021 195
17005 17005 457
16508 16508 125
13799 19618 1
977 977 13
16638 16638 7
19145 19618 4
9012 19618 13
3215 10163 3
17903 17903 18
17771 17061 1
11032 923 1
2486 9500 1
15025 15025 1
14377 14377 176
9449 9449 7
8311 8311 413
279 19034 1
13413 18038 1
17305 19618 41
890 4963 4
4222 17732 6
4935 4935 106
3872 19618 1
16578 16578 15
4107 9933 1
6250 15661 1
4248 13064 2
16936 19618 1
9129 11150 1
11500 7383 1
19146 19146 83
18832 19618 1
1243 11167 10
3229 16201 1
5092 5092 322
13474 19618 1
3853 4338 2
10655 124 2
1067 2238 1
13820 13820 28
10300 10300 116
19147 19618 2
11173 19618 3
893 893 10
14941 14941 34
8653 4371 1
13932 11633 2
12720 1539 1
7012 8478 1
2203 11956 1
18370 19618 1
3108 3108 546
19148 19148 10
11863 19618 1
19124 19618 2
16637 16637 99
2796 11971 1
145 1757 4
7101 7101 620
2772 13974 1
17552 17552 28
359 16193 2
5986 951 1
13122 795 1
17929 17929 28
9334 5509 1
12977 19618 32
19149 19618 1
2790 19618 13
14592 19618 1
234 16534 1
9192 9192 858
7744 19618 12
11394 11394 27
18823 19618 1
4429 19618 1
5186 6575 1
16659 19618 1
10780 19618 11
4640 4640 16
18582 19618 2
3444 18481 1
6761 1670 2
6358 6358 1001
1346 19618 1
29 29 1779
18851 18851 49
8692 8692 1
8094 8094 46
1162 13697 4
1770 4156 4
15115 15115 121
13848 13848 21
10535 19618 8
331 10808 1
1933 5691 3
12770 19618 1
5204 15346 1
19150 19618 1
13221 4718 1
19151 19151 6
18713 18713 10
5046 5046 8
675 7873 1
6947 14943 2
15409 2719 1
18712 19618 1
6521 16859 1
19152 19618 5
6017 444 1
5145 10703 1
7561 8252 1
8060 19618 1
16322 10154 1
8439 8344 1
16569 19618 1
4928 4976 2
4405 1368 1
2185 19618 84
1804 4051 3
24 13534 1
11421 19618 3
4042 19125 1
5971 13338 1
2169 15663 2
13576 13576 400
10604 1810 1
5701 5701 11
1156 10332 2
2127 19618 4
659 420 2
2827 2827 11
4256 2608 2
4364 8820 1
9877 19618 5
1649 16155 1
16407 16407 3
5481 10608 1
10926 19618 1
8661 19618 5
6376 619 2
9519 16555 3
9907 19618 2
18518 6956 1
10701 19618 1
12211 11301 1
6757 10039 1
16845 16845 245
7328 2091 1
4551 19154 1
12169 19618 6
14543 4032 1
2068 2202 1
10041 8790 1
6375 16771 1
11889 11889 1033
19153 19153 14
14310 19618 2
11278 15051 1
10550 16649 1
15496 15496 107
6753 13774 1
12314 12314 37
7125 9992 1
19154 6161 1
9773 17680 1
1950 1950 12556
6747 6747 55
1501 2980 1
2988 19131 2
12415 12415 70
5881 11732 2
16028 16028 6
91 19618 10
18968 19618 1
871 19618 83
3442 4222 8
17375 19618 3
2758 16422 1
1604 4549 2
4729 19618 1
19155 19618 1
19156 19618 1
9773 7914 1
2130 7572 2
18230 19618 1
9515 17035 1
2556 2556 2718
17823 19618 1
5609 13622 1
18861 19618 1
18537 19618 2
15711 15711 481
19157 19618 2
4679 15443 1
14986 14986 265
156 19618 9
13268 14158 1
4350 18148 1
5607 10112 1
4529 4529 82
4189 16255 1
9281 9281 40
18977 19618 1
14404 14404 18
3274 19618 43
11333 2804 1
1632 7901 1
19158 19618 1
8227 1999 2
5617 5617 3849
12962 19618 1
8025 19618 4
3183 18610 1
1132 19618 14
11641 19618 4
12385 17589 1
7736 19618 4
19148 5182 1
2566 14256 2
19159 19618 3
109 10803 1
18778 19618 1
17257 761 1
6389 19618 6
3171 6777 1
1266 9844 2
14410 14410 12
19160 19618 1
10796 1672 1
3410 97 1
3816 7777 3
2145 2145 562
18842 18842 30
502 4030 1
1770 18271 1
9516 19618 19
19161 19618 1
241 15571 1
4897 4897 879
659 12803 2
7962 11919 1
5121 12570 4
3287 8623 5
19016 19618 5
6713 19618 22
6909 7289 5
6519 19388 1
17997 17997 41
6133 6133 8
17100 19618 2
6194 6194 11
19162 19618 1
2630 17078 1
19163 19163 31
11590 5847 2
5223 7747 2
11541 2730 1
8568 8568 137
5261 19618 3
15838 19618 2
6550 12050 2
523 852 4
12978 19417 1
15593 15593 18
7595 11610 1
2022 14315 3
12760 19618 6
19164 19164 19
2434 2102 3
9447 16876 1
19108 19108 32
12695 527 1
10986 19618 14
19165 19165 7
6933 11178 1
9997 19618 17
19166 19618 1
18964 18964 49
11610 19618 21
2482 14478 2
7978 13996 1
5155 5155 1036
18734 18734 397
2175 3679 1
6968 6968 6
9147 63 3
11414 11414 55
6927 19618 1
19167 19618 1
1495 2706 1
5420 16639 1
6000 6860 1
11599 11599 51
8100 19420 1
5293 19618 30
8037 6842 4
951 12138 1
1988 17150 1
481 19618 780
76 7205 2
12494 12494 3
11063 11063 15
13489 13489 750
6463 19618 1
16664 19618 1
8261 8261 700
2916 2916 882
19168 19618 4
16394 19618 3
12743 11236 1
3696 11404 2
7721 6861 1
19169 19169 2
13405 13405 103
18268 18268 81
13180 13180 30
16163 19618 1
19170 19618 1
14334 14334 38
355 11122 1
6211 6211 1615
9979 15690 2
16508 19618 3
5462 5119 1
19171 19171 38
2749 11865 1
6759 6759 747
18181 3638 1
7923 19618 9
15121 16871 1
5490 19618 87
18494 18494 64
17714 17714 86
19172 19172 51
18218 18218 23
3156 12615 1
4315 17254 1
1428 3350 1
5588 15635 1
6935 19618 1
2238 19618 1
8121 15342 2
6053 19618 2
11681 19618 11
2906 17068 3
2228 2843 1
5560 17162 1
1744 1744 113
19082 19618 1
8348 8348 8
12044 19618 1
15848 19618 4
4348 15537 4
18914 19618 1
7726 19528 1
7119 7119 82
6628 19618 254
10813 10813 23
3347 19618 23
6531 6531 61
495 77 1
8256 6607 1
17422 17422 14
395 12841 1
16467 131 1
8404 8404 28
3334 17821 3
19173 19618 1
14058 7039 1
9424 9424 2476
201 5154 2
19174 19174 87
11021 19618 2
1981 15038 1
3449 3449 42
9761 16102 1
12301 12301 1
2594 19618 62
13631 13631 290
5367 17434 1
19175 19618 15
15534 15534 4
10450 19618 1
1297 2594 4
2285 2285 70
12004 14858 1
1031 499 1
3536 3536 824
3403 15038 2
19176 19618 1
14585 11167 1
10920 19618 65
3574 19618 2
11240 11240 53
14244 14244 464
2388 19618 4
13902 7874 1
4042 4042 1414
19054 19157 1
11404 19618 3
1297 10026 2
1105 5778 1
19177 19177 3
11348 6489 2
18200 19618 1
4224 6317 4
17500 19618 1
7307 7307 24
16139 12250 1
19178 19618 1
17885 19618 1
6922 19618 146
4907 4907 1118
7286 12027 1
4935 9180 1
14459 14459 3
3513 3513 1841
16904 16904 86
9493 10255 1
395 16500 1
4336 4442 1
10524 19618 5
18061 18061 42
1777 12634 1
15312 12105 1
12796 14706 1
11313 19618 2
1001 13953 1
19179 19618 1
13994 19618 1
18729 5547 1
18369 18369 531
6593 2867 2
2066 2066 483
19180 19180 10
2749 130 1
16373 19618 1
5639 14064 2
866 17762 1
2500 19618 2
16200 16200 14
2919 485 2
1163 2286 1
13659 19618 1
19181 19618 3
19182 19618 3
1294 14762 4
19183 19618 2
10374 8761 1
17754 17754 9
119 119 231
2890 4864 1
10024 1465 1
19184 19618 2
6759 3781 1
13108 13108 105
11894 2681 1
107 944 2
5928 5928 2269
19185 19618 9
14847 19618 2
18237 18237 21
19186 19618 1
19187 19618 5
3330 6298 1
15334 19618 1
746 8802 3
10211 19618 35
12464 12464 17
18430 9313 1
365 19618 165
5614 19618 1
8874 19618 9
9259 10467 6
3207 3207 137
17767 17767 39
18824 5235 2
4287 2324 1
6090 6090 507
17253 19618 1
16978 19618 1
9579 9579 32
6589 19618 6
2426 2426 7214
727 19618 50
13425 19316 1
13051 6347 1
19188 19618 1
10889 19618 1
3965 3965 649
1101 1101 13
16913 19618 2
19189 19618 3
11725 8417 1
17480 19618 8
1243 4929 1
5206 18291 4
17760 17760 8
17412 17412 1
3133 17715 1
17502 19618 2
11560 11560 34
12379 5063 2
2670 19618 244
491 11778 1
4161 4161 56
5042 19618 1
1754 19618 11
1203 15533 1
9109 9109 404
4849 19618 1
17187 17187 62
19190 19618 2
19191 19618 1
2848 2848 391
18489 19618 1
2580 14123 1
8249 8249 185
14618 19618 1
9417 19618 5
3515 720 1
12969 19618 1
473 473 8
19192 19618 1
19098 19098 16
1649 16412 1
5956 19618 3
193 193 4436
3994 19618 4
16743 16743 26
573 19618 19
19193 19193 9
171 9637 2
4061 9085 1
1678 18407 2
11544 10465 5
16712 16712 3
6193 6193 190
19172 19618 2
2004 2190 1
5408 11192 1
19194 19618 1
17855 17855 177
4437 5254 2
15898 3324 1
10070 10070 728
7221 19618 7
2729 2729 83
5496 5496 12
3123 19618 52
1938 19618 6
14938 14938 37
18365 19618 1
9559 19618 7
19195 19618 11
3913 12490 1
3782 3905 1
9542 9542 7
14881 14881 8
14817 14817 29
12835 19618 4
16119 16119 72
12200 12200 43
17574 19618 2
965 965 4884
7349 11844 1
9789 15591 1
9424 10122 1
15858 19618 2
6802 6802 13
3084 3084 5137
15430 19618 2
17623 19618 24
18901 369 1
7966 72 1
1954 14958 1
9605 1061 1
1475 10076 2
11897 19618 21
1008 7895 1
16731 19618 2
1659 19618 1
19103 19618 1
17395 19618 1
18584 18584 259
5725 5725 13
19107 19618 1
16967 19618 2
19177 7964 1
8790 12273 1
828 10796 1
8066 8066 7850
5086 19618 1
14449 14449 47
1654 14957 5
9749 19618 2
16748 16748 47
17970 19618 1
15509 15509 4
11075 11075 98
4943 17125 10
7876 2772 1
4405 6151 2
1122 19618 369
19196 19618 3
9607 19618 1
13795 13795 507
17019 19618 1
556 2566 1
16062 19618 14
5417 4410 1
19191 19191 12
2487 15382 5
6017 6017 703
3251 3251 1231
3274 15142 1
8985 8985 2
12231 19618 1
17694 19618 1
19197 19618 1
18352 19618 1
17882 17882 121
4202 938 1
4013 19618 3
13682 19618 6
13739 19618 1
2321 2321 191
3456 7149 1
2384 2131 1
18949 19618 1
15150 15150 65
15715 19618 14
17965 19618 5
17444 19618 1
13201 6715 1
1317 1592 1
14549 19618 13
19198 19618 1
1663 4304 4
3518 19618 10
6892 16784 1
2796 11018 1
11104 19618 2
191 3246 2
13236 13236 3
1528 7493 1
11046 11046 245
6915 19618 27
716 7407 1
11980 1022 4
17911 17911 31
2047 13213 1
18229 18229 8
7170 19618 29
4304 4304 3048
16847 16847 242
10883 19618 4
18441 18441 55
8877 19618 1
4156 19618 85
2630 4397 3
5053 19618 9
4109 851 1
4815 4815 4
19199 19618 1
1597 16783 1
15268 15268 16
19200 19618 2
1265 14797 1
4488 4488 237
18527 19618 1
19201 19201 624
10173 10173 116
6595 19618 14
4595 19618 12
19202 19618 1
14194 14194 10
10805 19618 4
15142 19618 2
9670 9670 142
7985 19618 1
2744 2744 201
1982 19618 71
19155 19155 12
3862 19618 10
5961 5961 5
6892 3727 2
8608 8608 228
17236 19618 22
13698 19618 1
8668 19618 5
12964 12964 23
19203 19618 1
6840 6840 84
3770 14109 1
18871 18871 27
6211 720 1
8216 8216 62
17195 7510 1
11570 11355 1
9394 9394 333
3084 8576 3
2547 2547 71
6860 6860 79
9017 9017 26
1612 1612 320
2182 11847 1
19075 19075 2
11894 14702 1
8225 4744 1
4101 11877 2
4870 19618 1
1501 1800 2
1784 17031 27
648 7185 1
2157 3399 2
9523 19618 1
16948 19618 1
13654 19618 1
9386 2551 1
19076 19618 1
7845 10887 1
3642 19618 7
5609 5609 24264
19204 19204 7
7633 7633 1382
16927 16927 7
7122 7122 103
18799 19618 20
4116 4116 9
18905 18905 1
15236 19618 9
19205 19618 1
19206 19618 2
16359 8909 1
4676 8056 1
12844 19618 5
3891 3891 329
6989 4496 1
15226 15226 45
6358 12825 1
9176 19618 8
2355 19618 1
3346 18741 10
1632 2691 1
19207 19618 2
2837 2837 6
12040 12040 54
11097 19618 1
9357 9357 15
12967 12967 79
5790 9333 1
10330 15167 1
19208 19618 2
851 19618 1
10289 19618 1
10278 19054 2
6608 16314 1
18255 18255 25
2482 2244 37
6278 6278 11
6868 19618 1
2580 19618 182
701 701 1122
3194 8023 1
2032 12325 1
13023 19618 1
2271 19043 1
5264 5264 36
17625 17625 32
19206 19206 68
19209 19618 1
14528 14528 9
1707 12290 1
11308 11308 33
10445 19618 1
2918 19618 3
12391 12391 137
6623 9287 1
4119 2168 1
725 792 1
3913 15931 1
1136 19618 3
19210 19618 7
12796 12796 519
18690 19618 4
3570 1528 1
19004 19618 1
481 14515 1
19211 19618 1
17811 17811 11
17068 19618 19
6853 6287 1
19212 19618 2
18975 18975 43
1648 2426 4
14104 19618 46
18090 18090 4
3273 15422 1
5560 6994 3
19213 19213 327
2812 8389 1
841 16873 1
460 19618 2
19214 19618 3
13828 13828 63
3330 17119 1
19215 19618 1
14447 1426 1
3170 7582 1
19216 19618 1
4414 8800 1
19217 19618 4
1744 19618 2
16624 16624 61
14381 1867 1
6436 19618 25
1072 1072 49
5609 11912 3
19218 19618 4
9583 18401 1
11116 19618 2
648 3527 2
18995 19618 1
19219 19618 1
18840 18840 275
6876 19618 592
17844 17844 18
14576 14576 162
5730 19618 458
3575 18592 1
871 8850 1
14839 14839 38
7315 7315 11
15398 15398 25
3253 19618 1
13425 19618 24
16340 16340 79
8140 8140 87
844 1075 2
6740 19618 18
1450 1919 8
3346 735 6
17665 17665 16
13389 19618 16
1750 19618 1
19220 19220 14
18659 18659 36
18986 12977 1
3205 10962 1
5203 5203 2882
6022 6640 1
4766 19391 1
2535 2535 352
4073 11128 2
12173 12173 1219
17772 17772 242
603 11275 1
3032 19618 1
18320 19618 2
11795 11795 26
15186 15186 99
17680 17680 1
12155 19618 1
2166 12589 1
339 19618 237
10878 10878 420
5560 19618 352
12783 12783 18
6035 9987 1
11076 4536 2
395 395 4302
11866 1820 1
3833 7459 1
19221 19618 2
18387 18387 546
821 821 194
16447 19618 29
5705 7460 1
4143 18058 4
87 19618 13
18640 18640 154
19222 19618 2
211 9297 1
3819 1768 1
16331 19618 17
15526 19618 7
4480 19618 47
14702 14702 11
14885 19618 7
676 14842 2
2490 2588 5
5106 19618 14
18205 12031 1
2334 11823 3
19223 19223 340
11833 19618 3
11274 19618 1
8834 19618 17
14431 11219 1
14118 14118 138
16571 16571 12
7098 3450 1
8213 10481 1
10366 19618 22
19224 19224 48
7032 19618 155
478 14604 3
19225 19618 1
1253 1253 1087
17894 17894 17
7193 1676 1
17943 19618 3
14085 19618 1
13743 19618 1
1568 19618 1
16871 6316 1
14253 19618 28
19226 19618 1
8852 17956 2
2609 19618 1
2207 3937 1
1779 520 3
13761 13761 47
12259 12259 22
19227 19227 106
2797 6065 2
19228 19618 2
13981 19618 18
9984 19618 4
17901 17901 21
13479 13479 31
9133 9133 583
11187 19618 3
17660 17660 31
19229 19618 1
19078 19078 27
8841 19618 11
166 4308 8
17459 18915 1
1499 19618 17
17447 12229 1
19230 19618 2
19231 19231 19
793 10871 2
10638 19618 2
8648 19618 21
6243 19618 1
18238 19618 1
2201 2201 50
15681 6101 1
15515 704 1
18906 18906 9
7147 19618 81
7265 16727 1
17861 17861 19
19044 19618 1
7676 19618 1
19232 19232 34
15118 19618 3
3092 19618 4
12474 5085 1
19233 19618 1
1034 3031 2
1605 8614 1
5726 10447 3
13195 13195 1
2307 2307 1676
6995 6995 14
16908 16908 7
18156 19618 8
2869 16031 1
7409 19618 178
19234 19618 1
19029 1593 1
19235 19618 7
17728 5537 1
5144 5144 254
8287 4429 1
2773 6214 1
6020 6020 542
9490 13059 1
6660 12458 1
8150 19618 1
3737 2326 2
5341 18739 1
14149 19618 1
9725 19618 9
17608 17608 5
17685 17685 201
10663 19618 1
18322 19618 1
15846 7577 1
8397 19618 4
1214 15759 1
54 13838 1
16546 19618 7
2151 19618 13
254 19038 1
10532 10532 873
13104 2149 1
16815 16815 923
2726 2726 22
3989 3989 1524
3402 3402 6
16794 19618 15
11547 11547 53
5355 5355 7089
3456 3456 256
15537 15537 96
5804 14807 3
15045 17210 1
6337 4138 2
5322 11593 1
425 2268 1
19236 19236 70
13043 19618 42
11699 19618 1
5753 18155 1
18140 19618 3
9746 9746 500
19237 19618 14
11667 11667 129
19238 5810 1
2760 16536 2
15234 19618 3
5924 14417 2
3201 7432 4
11399 10776 1
5100 19618 8
11796 17224 1
18951 18951 5
1505 1505 5222
18022 19618 5
2132 12537 2
5888 18787 1
18204 18204 110
13015 13015 165
1074 2529 4
4989 9562 1
1198 1198 162
18436 19618 2
11949 1739 2
14848 12672 1
11242 4923 7
7728 19618 12
4983 16773 1
14816 14816 19
1280 17497 2
4075 4075 36
7509 19618 4
15419 12808 1
399 399 2299
9726 9726 558
10817 7299 1
18195 18195 17
18485 19618 3
19239 19618 1
7763 19618 1
1266 7628 1
4999 19618 4
912 912 7740
19240 19618 1
12679 18310 1
4012 4012 696
2101 2101 34
7585 10050 2
13982 19618 2
19241 19241 15
15194 15194 272
3140 19618 18
4113 18812 2
19242 19242 81
15402 6973 1
2871 13369 1
14666 19618 1
1991 3575 1
12158 19618 30
3435 2217 1
309 15784 2
12056 19618 9
14183 14183 622
4646 14240 1
3749 8440 1
18097 18097 790
6375 19618 223
7693 19618 2
15525 15525 37
19243 19618 1
6610 5014 4
19244 19244 26
3776 11760 1
19245 19618 1
12431 19618 2
845 9254 1
19246 19246 95
4281 19618 1
19247 19618 1
19248 19618 1
13002 13002 27
224 6256 1
1870 6319 1
17409 19618 2
3259 19618 19
2674 2674 402
7252 56 1
5818 5818 20
18386 18386 13
88 88 6603
9308 8981 1
1536 15413 1
653 10653 1
4462 3305 7
828 1553 1
3488 454 1
13953 13953 50
10094 13458 1
19249 19618 1
1608 7638 1
16466 19618 1
19250 19250 15
3052 3052 419
4973 19225 1
13290 13290 85
8622 8622 5619
5206 13837 4
184 19618 13
12028 17957 1
6471 6471 2654
7788 1665 1
4159 2442 2
18998 18998 69
3362 9269 2
15944 19618 16
18912 19618 3
2722 19618 116
19251 19618 1
8428 18068 2
3187 19363 3
15493 15493 12
13136 13136 305
4933 835 1
19252 19618 2
1227 1227 195
3015 14884 1
15771 19618 3
4160 10888 1
10214 19618 7
16698 19618 1
19253 19618 1
6541 6541 41
6104 6275 1
17587 19618 5
19254 19618 1
18965 19618 1
3440 3440 534
15048 15048 3
2885 15153 1
4131 7852 1
8036 19618 2
1264 2915 3
13284 19618 5
14771 6966 1
15581 19618 17
12989 12989 24
18541 18541 14
710 19618 396
1786 1786 450
19255 19618 6
4468 6124 2
11426 15575 4
8983 19618 15
2506 11598 1
9336 19618 1
13461 13461 867
15751 19618 1
12528 18490 1
17402 17402 49
19256 19618 1
19002 19618 1
1929 16764 1
660 660 371
2892 2290 1
1051 19618 196
19257 19618 3
1926 17511 1
3068 14181 1
13623 19618 9
19158 19158 1
15239 15239 162
15555 15555 64
3475 3475 114
10865 19618 2
19258 19618 3
2715 2715 433
14850 14850 87
7653 8177 3
17630 17630 21
1862 15251 3
13045 19618 2
7356 7356 36
4188 5205 1
9335 19618 1
3664 19618 1
11247 11247 18
2725 19618 2
2988 16081 1
11234 11234 34
1455 1455 7
3563 19618 14
1203 221 1
1686 19618 61
9957 2157 2
19259 19618 1
7834 7834 680
641 10781 3
15271 2977 1
19260 19618 1
19261 19618 2
4523 4523 30
18606 18606 8
10446 19618 1
2223 5045 1
18104 19618 1
19262 19618 3
5761 12911 1
9908 1458 4
15630 19618 1
9006 9006 106
13870 3699 1
4693 19618 1
19106 19618 1
6842 19618 13
16388 19618 1
7104 19618 1
1536 9473 1
15829 15829 45
17546 17546 65
8053 9001 2
15526 15526 358
5100 5100 189
10779 19618 18
3495 14968 2
18582 4766 1
6996 7756 1
19263 19618 2
14026 14026 2
13224 8114 1
19065 19065 88
6043 102 1
905 12499 1
6046 7947 1
2148 2148 76
15612 19618 6
13295 19618 1
5823 19618 2
9401 9401 427
844 920 1
8836 19618 1
12294 13543 1
2655 3672 1
15532 14202 2
502 5549 1
18035 8517 1
2508 18727 6
992 19195 2
7597 7597 9
19264 19618 1
25 12123 6
7972 2046 2
6491 6491 9
4852 9078 1
6742 19618 21
18355 18355 155
19185 19185 198
2722 2341 1
5323 8658 1
8075 8075 26
6575 9710 1
19265 19618 1
994 994 180
5663 5663 131
6610 1289 1
19266 19618 1
13401 7819 1
17266 17266 37
12046 12046 58
17432 17432 23
6633 6633 186
3857 19618 3
690 690 67
4780 15416 1
426 9104 3
12672 19618 1
929 2926 6
12555 12555 1319
512 14339 1
17090 2906 2
8819 1139 2
15087 19618 45
13673 13673 26
4975 1542 1
11034 19618 4
7394 19618 3
8645 19618 55
19267 19618 1
19268 19268 157
1098 1098 119
3820 19618 2
992 3478 2
9460 9460 651
11378 19618 4
4600 14356 1
18771 19618 2
16608 16608 2
16006 19618 1
1958 13596 1
4147 1033 3
833 1428 2
5321 3123 1
15137 18724 1
13173 13173 58
13248 19618 3
19269 19269 63
15353 19618 1
488 1229 1
1103 2205 2
14826 14826 535
7020 7020 608
12403 19618 12
1097 8887 1
7187 18820 1
9546 9546 157
19173 19173 20
1483 12453 1
16651 19618 260
2618 12859 1
19270 19618 1
19271 19618 1
8333 19618 4
8882 19618 6
19272 19618 1
462 1083 2
2977 18889 1
16215 16215 53
6655 19618 26
19273 19618 1
19274 19274 39
7921 19618 786
15819 15819 105
2962 2962 598
1572 15391 3
10480 19618 1
15637 19618 1
4616 11550 1
12257 15990 1
18616 18616 13
11694 19618 6
961 9990 3
2618 14817 2
2632 887 1
13665 13665 23
16799 16799 165
2849 2849 2806
2589 2589 3920
17485 19618 3
19275 19618 8
6877 6877 1004
4058 3560 1
2019 19618 1
12525 12525 441
2668 2668 1131
19276 19276 17
5206 19618 202
6791 6791 80
11924 19618 3
4044 19618 3
13679 13679 7
8769 5576 1
18729 18729 144
19277 19618 1
15947 19618 2
653 9786 1
17561 19618 2
19278 19618 12
345 5893 2
1573 19048 1
2650 8465 3
2772 9019 1
12022 12022 321
1561 3094 1
12246 3790 1
5589 4893 1
117 19618 109
14764 14764 294
6593 19618 174
18383 18383 25
17089 17089 35
9264 9264 510
17397 17397 13
1203 1203 6560
675 10623 3
19279 19618 1
15981 15981 28
19280 19618 1
6375 703 4
3528 12023 3
15701 19618 1
13963 19618 3
16231 11293 1
19281 19618 1
10962 3665 1
1031 17595 3
18893 12723 1
8057 19618 24
3184 19618 1
1903 18805 1
477 1085 1
7618 10714 1
15928 15928 66
4632 19618 1
5510 11458 1
14794 19618 2
16421 16421 73
1954 19618 1612
17404 17404 575
19254 19254 7
964 14628 2
1852 4450 1
18082 7698 1
16339 19618 1
11949 12376 1
3495 6369 2
6781 6781 4086
3357 3357 190
11982 7383 2
1232 19618 1
13582 19618 17
3724 19618 8
5522 15701 1
17607 19618 2
19282 19282 528
14893 16922 1
18371 18371 53
11860 11313 3
11074 19618 56
14698 19618 3
15383 2278 1
9135 9135 71
9437 9437 8
7589 7865 1
11823 16704 1
5140 2437 1
1710 1710 150
13444 4208 1
1687 2343 1
5500 14579 1
14284 14284 306
17078 17078 2
224 3623 1
426 15581 3
2229 17231 1
19283 19283 6
5682 19618 17
479 17151 1
14581 19618 1
17529 19618 1
8759 1306 1
18251 11749 1
1097 8351 1
19284 19618 1
7897 7897 74
17042 17042 41
8288 247 1
18473 19618 1
3802 19618 7
19285 19285 44
7404 243 2
8978 8978 10
18760 19618 1
9971 9971 115
3307 793 2
3839 106 3
16494 16494 14
15757 19618 1
17643 17643 43
7318 5507 1
16261 19618 33
1527 18458 2
168 15772 1
7782 19618 4
7499 19618 1
2726 2633 1
12418 12418 12
1572 16042 1
11154 7182 3
10213 10213 1032
19286 2359 1
15895 15895 1362
3241 19618 2
13157 287 1
8634 8634 13
5597 13836 1
12020 19618 67
14292 19618 1
3825 3825 21
18080 19618 1
1452 1978 2
3677 7371 2
2196 16716 1
19287 19287 35
18314 19618 2
10684 10684 520
359 8227 5
914 914 3209
3530 13545 1
3682 11946 1
10058 19618 1
13685 13685 168
18503 18503 61
16526 19618 1
68 5823 1
1931 16753 1
15818 15818 57
15663 19618 2
2076 9618 6
12478 17969 1
17852 19618 1
19288 19618 1
6279 16937 1
3788 19618 17
19289 19289 18
6710 690 1
4011 11727 1
11840 18951 1
16132 19618 7
19290 19618 2
409 6789 1
15697 15697 27
1715 1715 3754
19291 19618 4
1868 6674 1
19292 19292 20
6010 6010 3041
4931 11335 1
10378 10378 4
2166 14933 11
1167 17517 1
1762 1762 1397
8520 5398 1
14744 14744 58
10266 3693 1
11864 11864 151
2804 1765 1
3543 17865 1
19293 19618 10
4391 19618 1
14907 19618 6
19294 19618 2
9719 9490 2
1003 19618 544
5821 4680 1
19278 19278 386
11050 5178 1
18098 2361 2
9979 3355 1
1326 1326 765
4957 18321 1
14156 14156 75
4871 4871 18
4169 5522 1
11521 4143 1
14141 19618 1
12072 12072 294
15402 7152 1
14464 19618 5
11600 18387 1
16893 16893 281
18790 19618 2
13805 13805 109
155 16395 1
17330 17330 140
16807 19618 1
18721 19618 2
16443 11685 1
13634 13634 38
18657 18657 68
11481 19618 11
386 19618 1
1357 16226 1
1925 1925 67
6992 6992 210
6023 6023 4805
10223 10223 16
19295 19618 1
19296 19618 4
1876 4641 1
12990 12990 1160
15585 15585 12
695 19618 281
1594 16347 1
19297 19618 3
1760 6085 2
197 197 3946
12572 13893 1
7335 15598 1
372 6064 2
15148 19618 2
16236 19618 1
9867 2847 1
9760 1017 2
4629 779 1
148 13440 9
4014 7103 1
16645 19618 6
19298 19618 1
13078 3003 1
11664 19618 4
7068 7068 8466
10768 10768 174
3571 17670 2
653 8066 1
167 167 42
15869 15869 154
2467 5620 1
6237 19618 6
16521 19618 3
19299 19618 3
5529 12685 1
18065 7046 1
16186 19618 7
19300 19618 2
13021 1015 1
15312 13029 1
1966 2677 1
16873 16873 1179
4576 19618 66
4270 4270 146
3001 18688 1
17155 19618 1
1467 19618 1
15874 19618 2
18637 18637 3
1872 1872 280
7056 17502 1
901 19265 1
13622 13622 56
11351 11351 5
6979 12048 1
19301 19618 1
8649 8649 436
9962 9962 104
16153 16153 16
13512 19618 1
6383 6383 97
15501 15501 38
8629 18058 1
399 19618 46
8040 12136 1
4676 8262 1
3950 3950 286
4618 19618 16
15779 15779 251
166 8534 6
3605 17464 1
4634 4447 9
8372 19618 7
9003 12897 1
7673 7673 2388
16553 14911 1
18013 18013 20
16682 16682 2
147 9022 1
5075 19618 1
4891 12573 1
12413 12413 17
17697 19618 27
1559 15491 1
1648 18070 5
1182 11932 1
974 19618 7
17035 16748 1
10349 19618 3
12244 19618 14
9278 4552 1
17653 19618 1
35 3954 1
18087 19618 1
687 17266 1
13872 13872 8
12265 19618 1
16367 5452 1
10769 19618 1
17025 19618 1
2448 19073 1
5868 1248 4
1248 19618 33
15949 15949 329
10521 10584 1
19302 19618 1
2710 19618 1
19303 19303 24
5921 19618 3
845 3746 2
4403 2432 1
15250 19618 11
19304 19304 7
10439 19618 14
5636 5636 1377
10893 19618 12
943 943 7802
14729 14729 44
4423 17537 4
5080 6095 1
16870 13162 1
200 11393 1
16182 19618 1
833 833 13471
10031 19618 1
3015 3015 6881
1627 1627 54
683 943 6
11727 3159 1
11840 9719 2
8670 8670 2
8517 19618 1
4822 4822 1846
16415 19618 1
18477 18477 180
6449 19618 2
1707 12108 2
1147 3910 1
12981 12981 275
11089 19618 1
17312 17312 15
5872 14454 1
9346 9346 208
9462 19618 1
1907 2589 5
3484 2668 1
3745 11563 2
7111 18890 1
9120 9120 38
11237 11237 137
16662 16662 103
1452 16942 3
1389 19618 187
19305 19618 1
8616 8616 50
3376 19618 3
3340 19618 2
2991 9549 1
8440 18598 1
1039 4637 2
2157 6842 2
18876 18876 14
8796 11245 1
7174 19618 11
13313 19618 22
8313 19618 5
9581 19618 2
2334 9100 1
16366 19618 15
8032 19618 2
1625 15659 2
4058 4354 1
22 1906 1
18431 19618 1
7047 6480 1
1247 4907 2
18609 19618 1
4297 5688 1
570 3036 1
1311 15843 2
8759 6673 1
234 6451 1
17950 17950 32
13989 13989 13
16732 19618 1
14097 14097 119
4414 2723 1
16547 19618 2
13674 3226 1
19184 19184 19
11707 9487 1
10630 13004 3
7852 19618 3
18688 19618 3
13169 7966 1
17881 17881 6
4963 17461 2
6707 19618 12
4419 4419 620
12095 12095 1361
1585 16076 1
9319 3750 3
19306 19618 1
8969 19618 80
502 15770 1
19307 19618 1
4582 5785 1
4715 13056 1
194 194 8452
3004 3004 1079
12417 5771 1
19236 19618 2
8848 4851 1
18831 19618 1
14637 19618 2
10140 14144 2
6467 14863 1
14236 14236 5
10982 11177 1
18887 18887 55
1824 18662 1
18557 18557 6
2679 7732 1
10338 7584 1
6757 19618 81
11706 11706 807
14942 19618 2
3114 3114 31
1289 1289 22
1266 7422 1
3061 1991 3
16123 19618 10
7491 17045 2
3005 19618 1
6762 19618 10
17920 19618 4
11538 11538 211
10685 2030 2
12248 19618 1
16224 16224 13
18289 18289 102
3632 19618 1
4690 4690 112
3828 5483 1
15322 19618 1
16287 19618 28
5428 5428 5
3255 3255 112
6128 19618 3
17225 19618 1
3201 794 2
6532 6532 641
19308 19618 1
13050 13050 7080
4669 7346 1
4347 4336 1
18468 18468 34
19309 19309 258
13338 13338 120
3362 2865 2
3307 19618 123
125 125 4241
18153 19618 3
657 657 1433
18845 18845 220
2334 17282 1
2018 19618 1
12636 12636 23
18807 18807 26
14396 19618 2
17160 17160 19
963 6209 1
15684 19618 2
16203 19618 1
5500 5276 1
19310 19618 3
2256 7032 1
12109 12109 13
10332 10332 28
13461 4555 1
5276 19618 5
17814 17814 62
7706 19618 295
2254 2254 153
9430 12188 1
8976 19618 3
3495 3505 1
14113 14113 114
2542 18233 1
1211 16180 1
19311 19618 1
1907 17705 2
3603 10581 4
2003 6635 1
12394 19618 1
2532 2532 15
8441 19618 8
3902 19618 6
1701 4601 1
18860 18860 9
18955 19618 7
11087 11087 165
16889 16889 10
8842 2051 2
3111 3111 3890
14369 19618 7
4526 686 5
15859 11443 3
6022 6022 105
695 18237 1
18248 19618 1
16234 16221 1
19312 19618 1
15296 15296 17
5707 5707 1770
12355 12355 2866
814 814 2629
2482 13672 1
6882 14060 1
7474 11406 2
12764 2018 1
13040 19618 5
5665 19618 7
425 2735 1
10585 19618 2
19313 19618 5
19314 19618 1
295 10841 1
9143 9143 6
2815 6069 4
425 14648 2
18065 13173 1
4211 19618 138
17216 11498 1
9399 9399 23
15588 15899 1
13740 12234 1
12454 3408 1
6836 7051 2
15871 15871 9
390 8688 1
6389 3419 2
19315 19315 8
17163 17163 12
6273 6273 643
19237 2748 1
13529 13529 628
1676 19618 6
16722 16722 47
5865 10920 5
15898 5627 3
2926 19596 1
15347 15347 15
11225 5225 1
7604 1313 1
6174 19618 2
815 19618 11
5313 13443 1
17998 19618 13
2772 12624 3
5877 19618 8
16856 19618 1
7131 19618 4
11481 1785 1
1505 16364 3
4508 172 1
19316 19618 1
9486 9486 88
7561 7561 901
17709 17709 159
1748 5393 1
12752 3208 1
2494 11117 7
17696 19618 1
8938 8938 2445
603 19618 36
9152 2057 2
1022 1022 11851
710 7499 1
9662 19618 14
1698 7491 6
19241 19618 2
14244 16442 1
17748 17748 7
12825 12825 6
19095 19095 8
16830 16830 53
19317 19618 1
10072 1708 1
4126 4126 192
15504 18942 1
8455 8455 870
19318 19618 1
11869 19618 3
2746 16387 1
12406 12406 28
13065 7415 1
1966 3531 1
3926 16554 1
18165 19618 8
2178 16139 1
16331 16331 751
13847 19618 2
2632 16417 7
12129 12129 29
11167 18010 1
1475 12400 1
4984 13907 3
5008 5008 58
2660 2660 484
16610 19618 3
9135 19618 1
3738 3738 11
4245 4245 69
12132 12132 16
18694 19618 3
576 16004 1
2965 11105 1
13509 19618 5
10342 17147 1
14511 14511 56
6781 829 2
5313 5313 1047
9741 19618 4
1932 17368 2
7166 572 1
12695 10762 1
19146 19618 2
13628 13628 40
12727 3713 1
11537 11537 393
8724 8724 50
4203 4830 1
15435 15435 22
11957 19618 4
19319 19618 8
965 19618 114
816 19618 28
6768 6768 1056
11481 11481 754
17349 13097 1
16551 19618 1
12237 19618 4
1359 1359 2054
3964 1272 1
3608 17026 1
19320 19618 3
10856 2839 2
1428 13206 1
11095 10245 4
19180 19618 1
7084 19618 2
19321 19618 2
4784 17633 1
14621 14621 35
224 14024 1
9695 9695 992
7772 4557 1
11746 11746 120
4445 19618 4
5765 18421 7
17673 19618 15
6655 4256 1
9632 13673 1
9902 6877 2
2890 19618 26
19224 19618 1
13448 1982 1
13552 13552 515
8171 1603 1
14976 19618 6
9561 9561 1739
7236 19618 105
2965 2984 1
11932 11932 24
7712 7712 1796
6929 6929 178
9736 9736 21
11540 19618 5
10019 926 1
1151 6427 1
97 13608 2
8917 8917 78
3952 3952 32
5692 4407 2
17477 9711 1
19140 19618 1
314 11265 2
19322 19322 59
8897 4038 1
11195 11195 716
11296 19618 22
296 5321 1
17506 19618 2
13603 13603 30
18944 18944 2
3588 13116 1
18779 18779 16
12341 12737 1
15842 15842 8
9097 14772 1
18181 18181 636
10893 10893 448
3566 19618 162
16467 19618 9
13566 13566 9
148 15718 1
4191 1060 2
13303 19618 2
2566 10170 2
3183 3183 2856
11196 19618 1
19323 19323 3
5080 18928 1
6960 3909 1
1730 15942 1
19324 19618 2
8058 4383 1
18653 19618 2
3479 4452 1
6608 6917 1
8662 19618 3
10463 10463 31
8127 19618 3
17584 17584 237
3851 19618 4
18598 18598 16
10554 19618 1
2787 2787 1083
1585 4405 1
11678 11678 14
866 11093 2
1216 6731 2
19325 19618 5
9333 19618 12
2219 19618 41
7254 7268 1
10040 10040 27
2666 19618 94
7108 7108 655
16691 19618 1
1263 18477 1
6933 6933 1216
18015 18015 22
19326 19618 1
19327 19618 5
19328 19618 2
5505 13361 1
19329 19618 1
7839 7839 178
10939 219 1
10484 2681 1
11943 10301 1
12401 12401 8
7417 12686 1
1563 1563 1816
16634 16634 5
10557 19618 15
15372 15372 39
2583 2001 1
4957 1209 1
5206 5206 7547
6221 19618 1
3794 3 1
19330 19618 2
16151 19618 19
17902 19618 3
4073 3642 2
1614 7265 2
19316 19316 9
1933 2900 1
19242 19618 2
16977 17773 1
9629 19618 26
3462 16130 1
2453 19618 12
8151 8151 141
14508 14508 55
2813 18860 1
883 13414 1
18957 18957 5
19331 19618 1
12910 522 1
17245 19618 1
2369 4521 1
5706 5706 76
12545 12545 69
14117 19618 5
19274 19618 2
780 19618 179
13288 13288 12
9158 19618 2
1381 19618 4
338 338 14
18277 18277 23
10697 19618 5
1102 11480 1
19096 15039 1
1258 76 1
5272 5272 18
4291 19618 99
6743 19618 2
15633 19618 4
4034 4034 56
19266 19266 11
2524 2524 4950
19059 19059 4
12976 19618 1
4844 7616 1
5191 8759 3
7220 15732 1
19332 19618 1
9148 8756 1
14969 14969 24
14252 19618 2
11572 19618 1
2921 3706 1
1504 12355 5
19333 19618 2
19322 19618 5
13887 19618 1
8734 13034 1
2058 18277 1
16210 16210 454
13088 19561 1
19334 19618 1
6598 19618 1
8095 8095 41
19081 19618 2
3199 19618 34
11950 19618 1
15358 15358 58
3523 3523 438
166 6767 6
18106 18106 85
17809 11815 1
3718 5774 2
18016 19618 1
2957 13119 1
7544 1458 1
5234 19146 1
6010 17107 1
4961 6860 1
18699 19618 1
3047 6071 1
8865 8865 948
16619 16619 1
6265 6265 2846
19335 19335 63
13390 13390 142
416 7034 1
7212 12949 1
13818 13818 78
19336 19618 1
15026 15026 7
14311 19618 1
4173 19618 21
5564 19618 20
307 307 222
10603 8462 2
19337 19618 1
18308 18308 110
1337 1337 4
3589 3589 2874
19338 19618 1
18460 19618 2
18706 18706 219
5061 18499 1
2546 18003 1
4585 19618 1
228 10392 1
9998 9306 1
19339 19618 1
13906 13906 1057
6874 19618 3
14683 19618 2
18786 18786 8
4942 18046 1
12232 19618 2
6996 19252 1
2497 6667 1
11986 14616 1
10322 19618 8
1835 19618 33
16436 16436 829
6772 6884 1
6526 18871 1
8844 4009 1
7052 19618 5
19340 19618 10
1098 13978 1
19341 19618 1
14280 19618 1
4465 4465 399
11384 11384 218
1428 13627 1
10600 19618 2
2185 2185 3620
9668 19618 7
14137 19618 1
2264 19618 4
3538 14352 1
9280 964 1
13175 19618 5
9770 9770 282
13905 13905 10
9181 9181 213
19342 19618 1
8272 11268 1
1657 1745 1
5810 19618 8
16926 6373 1
3520 19618 17
8166 8166 1
279 13452 1
18960 19618 1
19343 19618 1
2977 19191 1
13721 19618 5
11893 11893 212
2564 19618 74
522 8622 1
4784 11038 2
2448 19618 42
12371 12371 6
19344 19618 1
19114 19618 2
3017 3791 1
19345 19618 1
5839 2829 1
12227 7592 2
9908 19602 1
16912 19618 1
19275 19275 265
14929 19618 5
3511 19618 1
8848 10837 2
5619 5619 10
19287 19618 1
19246 19618 2
9066 13388 1
8413 3815 1
1741 10813 1
2645 4968 3
16271 19618 1
19346 19346 147
933 933 19
19347 19618 1
377 2392 8
2187 2187 25
13797 19618 2
11980 9638 1
16553 19618 1
15581 4344 1
3883 19618 3
13800 5095 1
7031 3836 1
18509 19618 1
18787 19618 1
10279 19618 49
13231 19618 1
18813 19618 12
3570 7913 2
12246 19618 37
14126 19618 1
7472 19618 1
12403 12403 468
2653 19618 59
4732 15684 2
17172 19618 1
16706 19618 2
377 15634 1
2968 2968 3
1872 7224 1
13294 19136 2
3279 10263 1
16715 16715 146
2988 15178 1
330 14066 1
2537 6074 1
14966 14966 5
18100 19618 1
4388 19618 4
72 720 1
2668 19618 25
2409 2409 295
9923 7599 1
2581 2581 42
2757 19618 1
19348 19618 1
401 279 2
1209 6501 2
296 14637 2
18236 19618 2
17921 17921 125
9454 19618 4
7839 551 2
3797 9259 8
1520 19618 11
18907 19618 2
862 19618 25
17060 19618 2
14197 19618 2
2718 17569 1
11849 19618 36
10997 10997 15
1663 16326 2
9773 9773 1743
8356 12734 1
7946 19618 2
14322 12817 1
14049 14049 34
13524 319 1
4728 19618 13
68 16842 1
19349 19349 1
16891 16891 2
11334 6829 1
14340 14193 1
4515 19618 6
753 9364 1
9680 11281 1
3425 1282 1
19115 19618 2
19350 19618 1
1937 19618 11
3846 3846 532
11211 18931 1
1679 7475 1
19351 19351 138
9338 9338 71
2582 2582 174
17583 19618 2
5236 19618 1
12548 8397 1
5762 5762 6
19352 19618 1
16947 16947 13
19353 19618 1
12290 12290 432
18507 19618 3
5446 15306 1
14655 14655 2
2803 3087 1
8799 8799 49
19354 19618 1
8860 19618 3
5746 12007 3
16027 16027 17
7020 16870 2
10407 5845 1
7100 9624 1
3410 12357 1
5999 19618 1
4641 4641 19
11388 19618 1
6983 13492 1
11805 19618 49
5405 19618 4
19355 19355 1
15752 19618 2
5115 5115 461
12316 19618 1
3233 11964 1
5639 16669 2
5973 5973 449
8066 19618 198
1151 9906 1
19356 19356 3
17298 19618 1
11932 10884 1
11154 12065 1
2534 19618 1
8531 8531 12
19303 19618 1
3828 19618 38
16911 16911 19
11008 19618 2
1235 19618 1
8346 19618 2
19357 19618 1
9169 19618 1
3462 10531 1
18309 18309 43
2256 11 1
10305 10305 734
2815 2815 4900
2086 10294 2
17419 9227 1
19064 19618 1
12855 12855 5
12892 12892 12
2638 6194 1
18295 18295 330
1654 13223 1
18718 6839 1
7908 7118 1
16085 1031 2
17385 19618 21
1714 1714 6796
1616 19194 1
11893 18524 1
1172 15735 1
5043 13967 1
14727 14727 77
17666 17666 284
19358 19618 1
4261 10778 13
18481 18481 43
3603 18599 2
4945 19618 1
4478 10837 1
16279 16279 75
2148 15110 1
19359 19618 1
2949 6137 1
4114 4114 227
15565 19618 8
19360 19618 24
9576 9576 143
19361 19618 5
7821 16648 2
7519 3619 2
5417 1535 2
2793 2793 39
14423 14423 4
19020 19020 9
2789 2932 3
1631 1631 8042
19362 19618 3
14058 19618 69
14071 19618 9
12965 19176 1
15672 15672 312
1039 13661 5
5643 11774 1
19151 19618 1
10241 19618 1
113 9435 2
2395 19618 141
3797 3797 22609
3949 3949 8
17222 17222 49
2395 17194 2
8304 8304 4580
4706 4706 3526
11469 11469 195
10454 19620 1
377 19618 689
6166 8220 3
1389 11111 2
149 977 1
1059 648 1
12424 12424 1
19200 19200 125
9997 3918 1
18610 18610 52
3621 3621 3
18244 19618 11
19232 19618 1
18425 19618 8
8514 19618 11
571 19618 3
6519 6519 225
19068 19068 58
3225 3225 220
13895 19618 89
16344 16344 6
9276 19618 5
1978 13157 1
19363 19618 3
3022 13356 1
603 18333 1
12833 900 1
223 10549 3
19364 19618 1
12984 19618 1
8589 7999 1
17045 15151 1
19365 19618 1
19366 19618 1
3279 9260 1
19126 19618 1
6571 3719 1
13358 19618 15
18830 18830 16
15557 15557 2
19367 19618 1
8114 19618 5
17259 19618 1
18227 19618 2
19368 19618 6
19369 19369 51
19370 19618 1
5739 19618 54
18478 19618 1
817 19618 26
8844 746 2
16541 19618 2
14949 19618 2
6768 5930 1
8700 4370 1
11868 167 1
312 312 2465
19371 19618 1
3045 3045 71
7631 14148 1
17533 19618 2
5972 17113 1
2361 1457 3
9530 9530 4
19372 19372 87
10296 7700 1
5505 6563 1
15036 19618 50
16169 16169 453
15648 4789 1
15669 7356 1
2955 211 3
6361 2555 1
5446 19618 323
3634 3634 217
18958 18958 261
8058 16515 1
14225 14225 26
6598 7147 1
921 8053 3
6499 11544 1
19373 19373 12
5206 2374 2
3657 55 1
4981 4981 22
14568 19618 1
11406 19618 8
858 17116 1
10377 10377 294
4086 13866 1
9099 9099 172
9882 19618 2
18736 19618 4
2297 2297 58
211 19618 123
8981 8981 476
18233 19618 1
6378 6378 82
1773 11644 2
9084 17462 1
9028 19618 18
8928 19618 3
1276 1276 137
17263 19618 7
8780 8780 285
2399 19618 2
16595 19618 2
2936 13353 1
9003 14225 1
11535 6030 2
7013 7013 6
7327 19618 43
19298 19298 10
3247 3247 2
19374 19618 2
9262 19618 6
19375 19618 1
4933 16032 1
243 17965 1
19227 19618 4
5981 19618 11
6345 19618 2
6668 19618 3
17314 4111 1
809 13716 3
18196 19618 1
9234 19618 1
13489 1070 1
10178 17394 1
18281 3440 1
5039 16127 2
18288 18288 24
4345 8581 2
7778 7778 5768
815 17611 2
19376 19618 2
2003 6792 7
1800 19618 13
10959 19618 1
1142 1142 4296
10538 2357 1
9760 19618 15
3444 3444 646
4872 19618 1
13462 19618 6
9328 13572 1
9637 19618 3
12052 19618 1
7267 12339 1
6599 19618 1
8604 8604 28
627 19618 1
21 21 9
2971 19618 3
16567 19618 1
3111 19618 107
15676 19618 1
19292 19618 2
2116 19618 9
19355 19618 1
9714 9714 143
4583 19618 1
1275 19618 9
19377 19618 1
19378 19618 14
16554 16554 123
17494 17494 1392
3660 8562 1
1886 1886 36
17707 19618 2
18263 18263 143
14007 14007 1275
10499 12638 1
5774 7986 1
14277 19367 1
2853 2853 30
4755 4755 515
2979 2653 2
1218 5390 1
14167 3315 1
4364 7381 1
14006 14006 98
8194 19618 7
5483 3138 2
6766 6766 20
19379 19618 1
14328 19618 3
4151 4151 26
1361 19618 49
3254 3254 111
18317 12439 1
8409 3564 1
17864 19618 1
18042 18042 646
4214 19618 16
18927 19618 2
16977 16977 643
4851 4851 2643
7079 19618 1
18774 19618 3
14303 14303 17
2758 13050 1
13909 13909 59
3056 16382 2
19380 19618 2
5257 5728 1
13582 2502 1
9408 19618 3
4000 4000 589
16400 16400 240
4431 15281 1
5618 19618 1
18127 18127 8
3737 2257 10
19381 19618 2
4328 17967 2
19382 19382 8
863 16969 1
11779 11779 4
16084 19618 4
5034 6431 1
7311 19618 14
7187 1548 1
19309 19618 11
1881 13584 1
6558 19618 50
5257 19618 11
12735 19618 18
1112 13740 1
11418 13217 1
19383 19383 3
5201 19618 2
5583 17345 1
14774 19618 3
6892 11826 1
6262 17221 1
17868 17868 2
12776 12776 176
13866 18193 1
18755 18755 1010
3878 3878 8094
3039 19618 1
4586 19618 13
8868 12405 2
11433 11433 16
19384 19384 59
12660 19618 10
4732 4745 1
735 17768 1
14248 14248 74
15155 19618 1
19385 19618 1
18497 12827 1
3457 3457 1306
1965 1965 109
13169 13169 2150
6468 6468 7747
17971 17971 99
4745 5969 2
13024 13024 332
211 17481 1
3467 11788 1
847 19618 1
9182 19618 2
15610 19618 1
5121 5121 6069
19386 19618 5
1322 18803 1
12441 12441 18
8163 19618 2
15189 19618 1
19387 19618 1
3924 7418 2
10531 18095 1
10694 3020 1
13913 19618 2
5875 9910 1
19318 19318 22
7311 17176 1
12538 16035 1
19304 18230 1
10904 13479 1
18696 19618 1
670 9799 1
6381 19618 1
4047 4047 3457
14142 16456 1
6176 9847 1
1231 19618 3
4533 4533 19
18032 18032 18
1678 19247 1
11791 9706 1
4021 4021 16
4634 18280 1
18929 18929 7
17483 19618 2
6085 19618 12
16834 19618 1
5030 1896 5
18658 19618 1
4526 5859 4
4323 7906 1
4784 19618 110
15176 13295 1
11071 19618 16
7065 19618 2
9085 6474 5
19388 19618 1
13460 19618 26
8650 8650 26
19389 19618 1
621 14070 1
11994 625 1
735 10471 1
836 19618 1
19096 19096 58
19029 19029 131
6446 6446 1995
1085 15014 4
6961 19618 1
9068 6974 1
3917 10052 1
7431 19618 69
19390 19618 1
716 716 1057
549 549 687
10068 19618 5
8203 17355 1
10543 18015 1
9203 19618 2
3111 10086 1
18983 19618 1
4826 16445 1
18376 18376 61
18621 19618 4
19391 19618 3
1181 1181 4
15614 15614 349
2366 18607 1
12990 11589 1
871 1632 1
7014 19618 12
18462 19618 3
17076 19618 1
19392 19618 1
869 8937 1
3709 3709 93
1017 7558 1
18740 19618 8
18617 18617 29
6739 10262 1
8508 14969 1
16302 19618 1
10655 8196 5
17819 19618 17
6892 5888 2
17162 19618 1
17654 19618 1
16822 16822 54
19393 19618 6
7688 2177 1
217 4198 2
12535 5446 2
5461 5461 9
18883 18883 19
1290 1653 2
8407 19618 30
12794 19618 2
1726 4420 2
3350 3350 26
11619 19618 28
17936 17936 53
12168 12168 421
1313 19618 2
7562 7562 8
17846 19618 1
5416 11088 2
8844 8972 5
2000 19618 20
14638 19618 3
11327 11327 7
12172 12172 59
1119 7557 1
18711 19618 4
5780 19618 15
11626 11626 21
6914 15084 2
2154 19618 155
19394 19618 1
3996 1440 3
18002 18002 196
14739 14739 121
1501 1126 1
16651 16651 9037
2203 5039 1
3854 18632 1
12899 19618 2
13644 5165 2
1450 7273 3
1898 7127 1
9042 15195 1
1748 18136 2
4759 15561 1
7847 19618 1
18636 18636 22
3427 17303 2
17498 17498 16
16309 19618 32
897 64 1
4695 19618 4
3197 2498 1
12201 2941 1
17435 19618 4
9792 9792 2278
13960 19618 1
14746 14746 19
4892 4892 33
19395 19618 1
14872 14872 182
2630 225 2
15097 19618 1
12766 19618 1
19396 19618 2
2487 231 1
4222 1885 1
6307 19618 1
10294 10294 41
5088 5088 5759
13667 19618 1
17105 17105 57
249 6606 2
17581 19618 1
5726 1184 2
2796 7520 1
4011 9559 1
10013 4988 1
17976 17976 26
2989 18392 1
14116 7694 1
6739 14122 2
270 18897 2
1919 9808 1
13258 19618 3
1357 18501 1
9284 2549 1
2940 4503 1
3031 19618 3
11690 11690 4
703 8642 1
8894 19618 5
10694 1144 1
19256 19256 11
17307 17307 372
19397 19618 1
17843 19618 4
19136 19136 1
703 12691 1
6578 19618 6
8354 8354 91
10679 10679 741
7746 7746 2
4410 4410 758
9149 19618 17
13902 19618 7
9588 9588 128
19398 19618 1
5473 7709 1
10527 19618 2
18926 12606 1
19399 19618 1
8442 19618 1
8533 19618 2
11650 18956 1
7107 7107 98
250 2508 1
17686 19618 6
5217 982 2
693 2959 2
12949 12939 1
19400 19618 1
18269 18269 13
4847 5288 1
17131 17131 162
15395 19618 12
3530 16728 2
6601 2619 1
10252 10252 17
168 19618 46
1005 1119 2
8126 5924 2
2770 2770 14754
12572 8678 2
9596 12255 2
2361 14799 4
12216 16670 1
10106 19618 4
1341 7072 2
5043 19618 91
6843 6094 1
6585 5516 1
10673 10673 23
2593 5846 1
727 15932 1
9367 7113 2
12217 19618 3
5650 19618 17
5745 5745 629
6250 6250 1727
3283 6700 1
13790 13790 287
17996 17996 52
1119 16273 1
1035 6892 1
5831 14751 1
929 18346 1
6508 18443 1
9040 5207 1
16357 16357 5
14617 14617 20
4537 19618 1
14913 14913 124
5830 5426 1
1122 1122 15332
9082 9082 28
1951 1951 16
10598 19618 1
19401 19618 1
5204 10728 1
1725 13865 4
10895 3718 1
18333 19618 3
3531 19618 30
2030 2030 168
19163 19618 1
18737 18737 2
586 4921 1
12322 19618 1
2772 8907 3
3938 981 1
14223 14223 167
6546 6546 55
1671 13934 3
2588 3950 1
6139 5453 1
13051 2984 1
5343 1750 1
14924 14924 786
10744 4077 1
2617 2118 13
9047 17976 1
4115 4115 607
13166 4854 1
6829 6829 92
5751 15087 1
1914 11339 3
1331 16372 2
9387 13100 2
6087 19618 59
178 18513 3
4943 6009 11
9202 9202 1
5841 5841 2
8858 19618 53
1319 1319 5
12513 12513 206
15180 16391 1
19239 19239 22
2650 6745 1
6061 8215 1
295 4423 2
15281 15281 8
6563 19618 3
1522 8347 1
1074 5247 2
17733 19618 1
864 19618 1
18725 18725 96
18675 19618 1
11030 19618 1
3994 3994 146
7807 6047 3
11101 19618 5
9661 19618 36
17426 17426 9
2811 4526 3
4634 8806 1
10416 19618 3
2988 12941 1
7072 7072 378
1505 4272 2
6916 6916 170
3784 19618 14
13481 1822 2
18117 18117 332
11934 19618 5
18933 18933 69
19402 19618 1
8870 8870 174
1426 19618 2
13827 16906 2
5191 9685 1
17407 17407 29
13870 13870 72
7193 4881 1
4581 19618 4
9227 9227 89
15918 15918 36
19403 19618 1
2633 8211 1
19404 19618 1
1341 15092 1
539 18290 8
3015 7886 3
19405 19618 1
825 3717 1
2390 2390 1517
9175 18842 2
4014 12402 1
12074 12074 15
19406 19618 1
6876 6558 1
4840 4840 718
9435 19618 1
19407 19618 2
686 19618 121
10056 10056 81
17951 19618 5
467 5532 1
1333 6851 1
13074 7958 1
2582 1788 1
16821 16821 6
11504 19618 19
17831 17831 17
13166 19618 21
142 3600 1
19171 19618 2
15366 19618 44
4213 3785 1
11874 19618 1
2758 2512 1
6480 9453 2
11412 11412 495
13885 19618 1
19408 19618 1
19013 19618 1
7438 7438 84
2593 4602 1
11736 11736 12
8009 19618 1
4481 7288 4
13408 13408 47
4011 14830 5
14221 19618 4
8372 18209 1
19409 19618 1
17622 19618 1
17451 17451 43
18310 19618 11
7860 141 3
15567 15567 1
1406 1141 1
18327 18327 21
19410 19618 1
18897 19618 3
19411 19618 9
18375 19618 1
12919 12919 813
15180 19618 35
502 18770 10
9423 19618 6
9515 4433 1
18988 18988 419
7476 7476 334
539 13589 1
18904 19618 1
3722 19487 1
1808 1808 56
15314 19618 1
3892 10851 2
15311 15311 8
7240 7240 208
19412 19618 1
15024 5441 1
869 12032 1
1519 9669 1
4296 13650 1
8703 9107 1
17883 17883 7
11386 11386 1643
8067 19618 1
17656 17656 17
12036 4918 1
2007 101 1
17992 17992 35
1501 6394 1
18047 18047 24
9367 9367 1254
8352 10269 1
18215 19618 1
7462 7462 1858
2618 8288 6
14287 14287 24
3001 8650 1
18966 19618 4
12584 19618 2
12947 12947 7
11342 19618 2
10980 19618 1
15374 19618 6
4131 4341 1
7386 7386 368
466 10609 1
824 824 322
19214 19214 68
6877 19251 1
2481 19618 1
19413 19413 50
501 1931 3
8990 19618 1
19414 19618 1
1544 19618 6
5203 14003 1
6736 8888 1
15226 19618 1
4394 4394 83
1721 19618 25
14336 19618 1
16325 16325 64
16505 16505 6
1389 1501 2
2327 9700 1
2751 11578 1
10330 19618 1
19415 19618 1
14427 14427 104
1579 5517 1
19416 19618 1
13294 19618 29
3660 15741 1
13871 13871 166
14383 19618 1
19417 19618 1
17191 17191 200
19418 19618 1
15756 15756 1
5129 13192 1
9751 19618 4
19419 19419 4
11296 12001 1
11379 11379 374
18627 18627 16
12096 12096 142
18568 18568 431
8120 17045 1
19420 19618 1
6866 6866 87
19421 19618 1
4403 15190 2
11696 19618 1
5767 11270 5
19422 19422 105
2524 2968 2
19423 19618 1
7068 14101 3
11176 12657 1
16154 16154 43
11645 19618 1
5972 9354 1
9032 9032 56
2361 5638 1
17612 19618 1
2362 19618 4
4458 6073 1
9895 9895 95
7169 19618 9
19289 19618 1
12355 15687 2
11969 19618 2
10029 11230 1
3399 16229 2
14357 14357 46
19424 19424 7
11894 13266 6
17601 17601 15
15666 19618 1
757 19618 1
4297 19618 266
14490 14490 663
15878 19618 4
4427 19618 2
4381 19218 4
17647 17647 21
2722 15862 1
6657 6657 4
2572 1655 1
5170 5170 9608
1172 929 2
19425 19618 1
5269 13664 1
19223 19618 9
3355 9379 1
7539 7539 5958
5523 19618 1
2454 18059 7
10133 19618 1
2797 14780 1
19279 19279 29
3589 6249 1
10542 19618 19
512 17165 1
12784 19618 1
18490 18490 123
5394 1124 1
8684 427 1
11992 19618 6
10750 10750 2305
7280 1634 1
18301 18301 119
2689 487 1
14306 14306 87
13856 13856 19
1506 3405 1
15415 15415 23
19426 19618 1
2152 2152 25
4513 16584 1
15605 15605 45
1176 1062 2
1804 12247 1
11535 19618 57
1311 1311 7774
17897 19618 1
861 861 766
4952 7987 1
13055 13055 3
19398 19398 1
19427 19618 1
9915 9915 283
2428 2428 3316
19428 19618 1
7641 15214 1
18583 19618 2
15317 1925 1
8684 14665 2
10402 12718 1
2891 11070 6
16348 17834 1
9293 12475 1
9739 9433 1
7569 16488 2
5771 689 1
17343 19276 1
1331 13522 2
18954 18954 88
509 509 1163
15652 19618 3
17825 17825 18
8014 10034 1
9221 19618 1
6485 11587 2
585 19516 1
10143 6110 1
18993 18993 2
16666 19618 3
317 19368 1
19429 19618 1
8470 17590 1
7780 7780 645
4263 19618 1
8789 11432 1
11713 10267 1
19430 19618 2
13554 19618 2
3065 10445 1
4296 17495 3
19431 19618 1
2984 19484 5
1051 3760 1
5937 13625 4
3950 3998 1
1359 1259 1
11267 11267 13
11181 11181 54
16237 19618 1
8481 7858 1
966 4049 1
7376 13771 1
19432 19618 1
68 68 12255
19014 19014 1
1577 19618 147
19433 19618 1
1179 1179 4000
17130 4125 1
13319 13319 99
17725 17725 106
3563 3563 668
1542 19165 1
18012 18012 27
17699 19618 1
13298 8384 3
9016 9016 8
1357 14039 1
13878 19618 7
6309 3835 1
13608 13608 274
4518 4518 10
17454 19618 2
6789 6789 317
1753 19618 1
3217 18561 1
6384 1793 1
19434 19618 3
16154 10443 1
10609 10609 47
13481 6710 1
12115 19618 1
9939 9939 25
13996 19618 33
18919 19618 13
6547 6547 14
12376 19618 3
16880 19618 1
9370 13010 1
19435 19618 1
10374 10374 1552
16361 19618 6
19436 19618 2
11101 7059 1
19437 19618 1
3947 4115 1
7659 19618 3
19438 19618 2
3273 16447 4
1882 1882 1909
18480 18480 17
19299 19299 82
2470 13824 1
2022 5707 4
12122 19618 34
8690 8690 32
68 2148 4
8766 19618 1
18730 19618 1
10831 15569 5
14623 14623 23
19439 19618 2
4671 8955 1
18219 18219 14
461 1809 1
9286 10629 1
19440 19618 8
4066 4066 244
4158 19618 57
5673 19618 664
10036 19618 2
2828 19618 4
7895 7435 1
14946 19618 1
6129 6129 93
15140 15140 866
19441 19618 1
9519 9519 8327
18388 11327 1
12906 12906 16
3909 6340 1
18252 19618 1
10836 11052 1
7402 19618 2
8217 8217 2744
6903 19618 1
14164 14164 463
16368 19618 2
10335 10335 1377
3536 6770 1
9456 19618 2
10498 19618 1
9846 9846 11
2204 2204 2015
6335 17714 1
11656 19618 1
19276 19618 1
10323 19618 4
18689 19618 1
18724 19618 3
2606 2606 2052
17892 17892 24
4050 4050 110
19442 19618 1
670 11845 4
18534 19618 8
11773 19618 1
2204 19618 54
8026 19618 22
1119 9761 1
2496 14699 1
9915 17466 1
4345 11500 1
951 951 600
2912 19618 2
2980 2980 185
15002 15002 29
9237 19618 59
16015 16015 10
461 19618 431
19443 19618 1
14773 2520 1
19444 19618 3
19079 19618 8
11603 11603 13
1770 1770 26475
9640 1556 1
19445 19618 1
3292 19618 3
11411 11411 92
698 19618 1
15755 15755 17
3759 3759 185
14957 13922 2
7980 7980 4487
18720 18720 73
10295 10295 17
14743 19618 1
2377 15302 1
19446 19618 1
19087 19618 1
6092 1034 1
10474 19618 1
2270 19618 4
88 10846 2
6091 6091 130
3164 3164 96
7248 19618 8
15992 19618 12
18232 18232 30
12 19618 156
5048 3397 1
19447 19618 3
2687 2687 224
12705 5489 1
9225 4945 1
14169 14169 21
8077 6708 1
414 19618 21
4519 15709 1
8065 8065 87
8264 14546 2
14723 14723 2
9305 19618 2
12626 12626 8
9745 9745 11
8450 1996 2
15948 19618 20
4219 7836 1
18409 19618 2
19448 19618 1
5123 1487 1
17718 19618 2
13174 19618 1
10750 19618 48
2842 19618 66
19417 19417 4
17801 17801 15
16851 19618 1
734 19618 12
10313 10313 4735
16686 19618 1
11673 5239 1
3068 3068 2114
5547 19618 1
18368 18368 357
10212 19618 4
12567 12567 44
17704 17704 8
19449 19618 6
10257 19618 2
17333 9214 1
11104 15309 1
552 552 125
10512 19618 2
4191 3728 1
8645 16365 1
930 930 1064
5383 5383 274
8053 16970 1
2587 96 1
12590 19618 1
912 18376 3
8115 8115 11
8601 8601 758
5033 19618 144
12926 19618 2
1417 1417 44
7679 7679 1
10688 19618 40
17010 17010 73
4859 4859 71
17639 19618 1
3001 19618 123
250 10546 1
2149 2149 95
12315 12315 215
15763 19618 1
2973 15720 1
5760 5760 111
14650 19618 2
18152 19618 16
19125 19125 15
16938 19618 1
4968 19618 5
11328 11328 44
14791 14791 4
3312 12091 1
15089 15089 108
455 8027 2
3819 19618 11
16676 16676 80
16449 19618 3
19346 19618 5
19335 19618 3
17048 17048 18
2897 19618 12
13182 13182 1
11167 18722 1
4348 8878 1
2447 19618 5
11198 16149 1
293 5150 1
1547 14456 1
577 577 6747
16760 7575 1
19450 19618 5
15013 14326 1
18025 19618 1
523 19618 231
11492 4002 1
783 19618 1
7770 19618 2
11590 18718 1
1187 9659 1
14993 19618 4
11471 11471 15
15402 19618 15
19451 19618 1
16147 16147 3
14713 16843 1
18073 19618 1
10972 19618 3
19452 19618 4
9084 6321 1
16111 16111 43
19453 19618 1
3194 19576 1
281 18250 1
10902 10902 225
14202 19618 7
13044 91 4
4455 19618 3
19454 19618 1
3205 12225 3
19455 19618 1
5423 557 1
970 16718 5
16881 16881 509
5057 5751 4
14214 14214 6
18397 19618 1
18159 18159 141
6537 6778 1
5364 5364 21
13251 13251 3
3742 10251 1
19456 19618 1
6834 6834 622
2272 14251 3
2863 19618 10
15084 19618 2
18548 18548 239
241 10501 2
5886 19618 1
13453 19618 1
5038 2590 1
149 19618 28
19457 19618 1
18756 1554 1
2870 19618 1
19037 19618 1
5367 3401 1
5730 7786 2
12285 12285 5
11295 11611 1
10091 10091 353
19458 19618 1
18351 18351 6
1954 1761 13
10444 10444 71
19459 19618 1
17562 17562 34
15198 19618 1
4785 14469 1
1466 19618 8
8591 11968 1
12881 19618 1
9515 19618 7
2137 2137 189
1172 6003 1
7748 7748 27
9545 9545 114
11403 11403 52
17349 17349 10
14694 14694 14
14636 14636 20
3885 7259 1
2261 4731 1
11207 14802 1
6526 16536 1
18360 19618 1
1773 5355 7
13615 13615 156
2255 6320 4
10712 10712 21
12167 19618 5
17240 17240 60
13766 19618 1
19387 19387 3
1119 14930 1
8589 8589 264
19460 19618 3
2770 19207 2
12210 19618 1
1458 2065 1
3629 10464 1
10376 10376 5
8041 11954 1
1731 19618 14
6181 16714 1
425 7622 1
14223 19618 2
2594 12795 1
15053 15053 75
11097 1700 1
11228 11228 92
19409 19409 18
4476 19618 1
11379 18817 1
12754 19618 1
19461 19618 23
13831 19618 1
1060 3771 5
1239 18758 3
19307 19307 10
12961 8254 1
2344 2564 1
18607 18607 154
1308 1308 2412
17441 19618 2
19462 19618 3
17185 19618 7
13351 13351 50
5790 19618 4
7929 10979 2
17208 19618 1
3566 1411 2
13246 5065 1
10011 19070 1
9851 14985 2
14495 14495 52
8486 8486 200
5472 13332 1
8745 19618 3
5038 4730 2
12003 12987 1
491 17016 1
13067 13067 9
6471 12981 1
18282 18282 2
19463 19618 5
10449 19618 6
10471 19618 1
12216 19511 2
12531 19618 3
19464 19618 2
11300 11300 477
11085 11085 190
12879 19618 3
16628 16628 469
6294 11232 2
787 19618 1
15872 15872 4
19465 19618 1
19466 19618 1
19467 19618 1
11018 19113 1
18018 740 1
16840 16840 46
18159 19618 3
7068 19618 212
6166 5167 1
19468 19618 1
13191 13191 618
3022 13779 1
5990 19618 7
16941 16941 39
12932 19618 1
8698 19618 6
18950 18950 92
6989 19618 4
16420 16420 21
18822 18822 168
19469 19618 1
250 10974 1
19470 19618 1
15377 19618 1
6366 8856 2
2239 6628 1
11375 19618 5
4816 4816 13
14705 14705 99
922 11294 1
6202 19618 3
4665 10186 1
4378 22 1
9420 17414 1
171 7939 5
17600 17600 16
6587 4182 1
16575 16575 123
17752 19618 5
8637 19618 2
6303 8509 1
19368 19368 140
7353 7353 7
8003 10993 1
522 2681 1
10979 10979 193
18139 18139 199
15490 6828 1
19471 18638 1
17993 7358 1
12832 19618 2
15556 15556 106
3155 8209 2
12768 19618 1
13623 13623 314
14093 2988 1
2715 11654 1
18619 18619 41
14094 19618 1
16673 19618 1
453 7747 1
4646 12862 1
3862 3534 1
4657 6928 1
648 620 1
187 5109 5
9292 19618 1
18134 18134 22
15649 19618 1
5914 15686 1
8781 12557 1
7528 7528 36
1034 16940 1
1048 13885 1
6166 12317 5
2467 16368 1
16036 16036 30
8148 19618 3
3258 19618 1
14355 13127 1
2509 5434 1
2031 2031 3136
11331 11331 135
19472 19618 2
16365 19618 3
687 19618 80
5679 5679 1630
3327 9552 1
19463 19463 294
1638 1638 2
2208 19618 18
10413 11034 1
9655 19618 13
19473 19618 1
2130 1503 7
14510 14510 16
7873 7873 41
16098 16098 72
2494 8039 8
10647 10647 5
286 19618 1
255 19618 1
12181 19618 1
1190 15755 1
16309 16309 940
5241 5241 204
9288 19618 1
372 2280 1
15796 15796 22
14136 14136 810
2257 2257 2997
13772 19618 18
5343 2191 1
10301 10301 600
14909 14909 434
4039 4039 108
16470 16470 62
1819 17671 1
12729 12729 13
12346 12346 15
7017 19618 5
4203 3751 1
16583 16583 240
3806 3806 3190
19474 19618 1
221 3778 1
1504 5471 1
9438 19618 1
16098 8109 1
3979 3037 1
3347 9262 1
7608 19618 1
948 4404 1
679 679 1864
3187 4804 1
13336 15492 1
19053 19618 5
4724 4724 391
19475 19618 1
137 19618 1
16678 16678 41
9750 19618 47
3444 9412 1
2198 4739 6
175 19618 2
6933 13580 1
19476 19618 1
4403 2460 2
8912 19150 1
17764 17764 98
621 14216 2
15337 11381 1
19447 19447 30
4891 643 1
9362 2573 1
801 19618 102
11154 12935 2
1688 10605 3
7787 11069 1
3403 14758 1
1477 19618 116
10356 19618 3
17795 19618 1
5540 18089 1
1341 7225 6
3978 3978 11
10962 9696 1
8212 19618 2
5729 19618 2
15355 15355 164
5839 11147 1
2525 10338 1
10247 10247 15
11393 19618 11
7572 19618 2
5531 7112 1
10093 1154 1
3663 3663 5420
831 19011 1
12255 12255 14
2719 2719 5933
16447 16447 1075
14892 14892 16
17446 17446 129
7349 19468 1
15038 19618 20
19477 19618 1
2425 16282 1
6164 6164 406
8674 639 2
9172 19618 5
19018 19018 3
19478 19618 1
11232 13477 1
11582 19618 46
19479 19618 2
6051 9769 2
12804 19618 3
1026 11969 1
3111 4265 1
19480 19618 2
502 16917 1
14987 19618 7
10152 19569 2
5881 2301 1
15851 15851 956
15598 15598 103
6690 7160 1
13328 19618 7
19481 19618 9
18332 19618 12
14284 973 1
14071 13689 1
14599 19618 14
3123 18313 1
891 1589 1
10521 10521 843
13376 13376 11
8842 7820 1
19394 19394 11
15694 19618 13
220 220 1812
17148 17148 3
5139 19618 1
19249 19249 75
18432 18432 1
5179 19618 2
914 5403 2
14408 13500 1
14641 10575 1
4788 4788 1929
15629 19618 6
8224 19618 7
15642 19618 2
19482 19618 1
15487 15487 16
19483 19618 3
19034 19618 1
6408 8012 1
12095 19618 43
4323 10500 1
5231 5231 1485
2004 19618 10
11826 19618 1
5077 9322 1
15381 19618 17
19382 19618 1
6561 6561 44
16456 16456 39
670 8189 2
19484 19618 8
1527 3561 1
19153 19618 1
13771 13771 29
7220 19618 2
8667 8667 479
13378 19618 2
19485 19485 10
5540 14456 1
13427 19618 2
3841 12480 1
3525 4004 1
19486 19618 1
10502 10502 9
15538 15538 12
4907 1475 1
1354 3525 6
10041 10041 35
19487 19487 1
1272 1272 6
6362 6362 125
19028 19618 2
19488 19618 2
16833 16833 79
3794 19384 2
17354 17354 31
751 19618 13
8491 8491 4
19489 19618 3
1255 19618 4
831 16711 3
8084 19618 1
15856 19618 1
1267 1267 51
6534 18229 1
4101 8379 2
2 19618 113
3103 19618 1
13896 15020 1
4824 4824 3
17194 19618 1
12703 12703 159
2955 11045 3
14173 14173 127
10305 3384 1
5937 9277 1
13428 19618 1
7712 19618 49
7821 17339 2
19490 19618 1
1768 1768 1219
14271 3136 2
5217 16638 1
18567 18567 43
3236 6128 1
14212 10060 1
10641 10641 35
18921 19618 1
14453 14453 709
897 7767 1
2712 17346 1
5116 11802 1
113 14050 2
9171 12554 1
19491 19618 1
19492 19618 1
3893 3893 51
19386 19386 115
13228 11694 2
14339 19618 2
11545 19618 4
3714 19618 1
10624 18864 4
14058 1795 2
18130 19618 1
18066 18066 10
2544 2544 11
19493 19618 1
11047 11047 77
4297 3665 7
9839 19618 1
1978 2266 2
11295 11891 2
11951 19618 28
7506 19618 1
19269 19618 3
13214 19618 2
10893 18166 1
3526 19618 7
18183 19618 1
18176 17827 1
1437 19618 2
10212 10212 99
15479 6780 1
9085 13590 6
12721 12721 435
426 2732 2
4136 19618 9
5937 13829 1
6262 10739 1
13374 19618 1
8318 8551 1
18096 19618 2
18751 19618 1
8388 8388 595
19457 19457 2
16020 16020 40
15341 12219 1
3411 3411 16
5367 11596 1
6473 16383 1
1049 11588 3
1243 7762 1
13424 13424 77
2639 2228 4
18781 18781 55
14951 19618 16
3205 7990 1
6384 19618 87
17219 14539 1
8258 8258 15
241 11631 1
539 1787 1
11879 19618 6
1501 10785 1
12269 12269 43
18548 6993 1
18251 18251 322
19271 19271 5
4411 4411 29
19494 19618 1
5131 7082 1
17301 17301 54
10343 19618 1
12868 19618 12
686 686 4381
6485 5126 2
17615 17615 7
350 350 780
15925 19618 1
1306 14327 1
7864 7864 106
9429 19618 203
9350 9350 169
10351 19618 1
3617 19320 3
4783 16474 1
5260 5260 5051
19134 19134 22
16636 16636 218
4160 19618 25
18533 18533 1
5794 19618 1
1103 1103 3488
19495 19618 1
4188 16687 1
2722 3620 1
13249 13249 38
18978 18978 206
14362 19618 1
17497 17497 43
14205 14205 179
19496 19618 2
19010 19010 1
2066 19618 11
9735 9735 6
12484 17811 1
10967 10967 101
2263 5099 1
5342 19024 1
15282 15282 441
2749 2749 2396
130 2564 15
16458 16458 9
17388 17388 4
2268 3528 1
3616 19618 55
19497 19618 2
13342 19618 1
3794 17090 1
11333 9847 1
17780 17780 9
19384 19618 2
683 10955 2
19498 19618 1
14561 14561 20
18063 18063 52
342 19618 2
1954 16481 1
10401 2538 1
19213 19618 12
19499 19618 1
801 3427 1
19291 19291 153
7716 19618 211
17570 19618 1
516 516 4998
8779 19618 4
14798 19618 8
19500 19618 2
9792 16046 1
377 17441 1
16310 19618 1
9695 16064 1
15457 19618 4
19501 19618 8
3762 19618 4
375 375 2445
6188 16121 1
15795 14849 1
15346 19618 1
14478 7911 1
3598 3598 1008
7061 7061 196
7409 18147 1
12507 19618 10
4131 18072 1
14864 14864 64
4462 2527 6
13881 19618 1
19154 19154 1701
1821 19618 148
2259 2259 6955
5028 2074 1
6847 19618 8
17827 2514 1
10330 18830 1
19502 19618 1
8362 11188 1
5082 15782 1
18638 18638 20
15881 15881 799
2719 6203 1
19418 19418 22
3515 9598 1
1737 19618 1
18470 19618 1
16873 3134 1
19503 19618 1
8603 8603 73
8053 12596 7
8733 19618 6
19011 19011 3
5919 2956 1
7444 17152 1
12627 19618 69
19504 19618 1
4564 4564 10
166 16625 2
3373 3061 8
1527 15813 1
8538 19618 2
9541 19618 4
14258 19618 3
1048 19618 73
247 247 2848
3385 2751 7
13186 13186 156
1062 13644 1
8014 8014 1037
610 610 996
18885 18885 6
1299 9141 1
2260 13666 1
4508 2745 1
1954 15130 2
4437 1991 10
183 3062 10
16937 16937 5
2144 19618 3
56 19618 10
19505 19618 1
3972 19618 11
9629 7536 1
2567 13886 1
2227 2227 4926
14064 19618 20
3892 3892 3190
19506 19618 1
15331 19618 2
11726 19618 6
19193 19618 1
15547 19618 1
11357 19618 1
9595 19618 56
18219 3968 1
19507 19618 1
1239 17048 1
11026 19618 4
19508 19618 1
1798 1798 1379
8096 8096 108
16046 16046 1
12375 19618 7
1725 6135 2
18894 19618 1
16838 16838 51
11334 11334 3560
2005 14000 2
2168 2168 6
13700 2554 1
13798 13798 6
7493 19618 1
15109 19618 1
16993 16993 8
8983 14394 1
13549 19618 3
2076 2076 16687
3024 19618 2
19509 19618 1
5256 19618 5
11182 11182 34
5196 19618 37
19143 19618 1
2231 19618 31
17516 6330 1
15844 15844 472
6858 18053 2
8385 19618 2
14414 19618 1
3747 3747 71
14926 14926 222
1050 19618 39
2906 17989 3
19510 19618 1
8334 6687 1
582 19618 15
4480 4480 1564
9447 11981 1
5176 2799 1
15696 15696 41
10615 9336 1
14796 19618 1
4096 6514 1
13517 13517 25
6216 6216 21
13014 8457 2
9455 19618 6
422 422 43
2174 19618 32
8226 8226 2737
14480 14480 33
7054 19618 125
17593 19618 5
7236 9044 1
19511 19618 2
8272 8272 802
3237 12703 1
19512 19618 2
19513 19618 2
4907 6658 1
19514 19618 1
18898 18898 318
11117 11117 1319
4275 19618 1
13128 5647 1
8673 19618 1
3878 18732 2
406 16935 12
19337 19337 10
3885 5337 1
12384 12384 457
18685 18685 90
19515 19618 1
6516 6516 490
19373 19618 1
44 44 128
10605 10605 641
6917 19618 2
6904 19618 1
4008 4008 497
14298 14298 81
4297 4639 1
3600 3600 24
1701 1701 3717
14932 14932 37
16792 19618 1
7280 17377 1
6467 19618 9
3523 3216 1
16800 2362 1
10222 7828 1
9377 2507 1
1442 16485 1
17895 17895 64
17459 17459 99
1003 1165 1
19516 19618 1
13737 19618 1
7071 19618 1
17226 19442 1
18744 18744 5
9726 3722 1
16364 16364 43
19517 19517 10
299 15384 1
2800 2800 786
2165 5757 1
18179 18179 223
1671 14573 1
13187 19618 31
1784 5055 1
7708 19618 4
10208 15943 1
14991 19618 1
5152 12221 1
5571 5571 25
2666 8832 1
1660 17259 1
1761 8395 1
10159 19618 3
12599 12599 178
5340 19618 9
13959 13959 48
10072 19062 1
4496 19618 18
16874 16874 23
13785 19618 4
14142 12847 1
19517 19618 1
9424 19618 62
1067 5226 1
2085 16851 1
440 19618 1
10685 10685 1295
19470 19470 35
11018 19618 37
5022 19618 19
16985 16985 10
16270 16270 62
3391 3391 179
17481 19618 2
986 5787 2
8537 3537 1
2334 3558 1
1302 19618 9
18970 19618 1
13304 19618 1
11943 15893 1
5606 4512 2
217 16182 1
14288 14288 264
19518 19618 2
17716 17716 2
4535 4535 42
17769 17769 11
61 61 8
3015 9139 2
13058 19618 1
4481 1103 3
4936 4936 61
14005 19618 2
7149 7149 3
18862 18862 29
250 10863 1
11455 11455 45
10055 10055 35
397 397 139
2276 9971 2
15103 15103 30
1634 12834 1
3488 11276 1
13414 13414 26
15814 19618 1
11438 19618 1
8730 19618 1
16586 16586 22
17460 17460 7
19519 19618 2
17143 17143 40
178 8007 1
17566 19618 1
11640 11640 22
16019 16019 111
16584 19618 1
2434 7419 1
747 747 24
1931 13554 1
15229 19618 1
14244 11332 1
16447 11549 2
15280 15280 5
3575 3575 8791
3282 11929 1
19520 19618 1
15911 15911 29
2622 10651 1
2549 19618 3
155 4444 9
3219 19618 1
8770 8770 1
8320 8320 855
19080 19080 13
345 16672 1
16518 16518 13
3705 19618 1
18667 18667 14
12217 13263 1
7308 13194 1
16016 16016 133
4098 19479 2
2022 7154 2
365 9163 1
16293 16293 31
8817 13502 1
9752 19618 1
1287 14431 1
17367 19618 1
7457 19618 3
7947 9723 1
10364 19618 3
17649 19618 9
17695 19618 11
14940 19618 3
15492 15492 63
16195 19618 4
7765 19618 1
6548 19618 2
13553 19618 1
16045 8788 1
7337 19618 4
10838 10838 695
657 3276 1
10531 19609 1
14845 14845 34
4875 4875 31
72 8804 1
16674 16674 309
10065 10065 663
15973 19618 1
19356 19618 1
8640 8640 10
9776 9776 66
18160 19618 1
5255 97 7
2786 8817 1
1122 13730 11
19521 19618 4
15321 15321 2
9602 9602 46
4228 19618 4
19522 19618 2
9370 9370 463
19523 19618 3
16438 19618 7
6173 6173 3
17072 17072 55
16761 16761 237
13187 13187 990
5009 6888 1
19524 19618 1
12131 12131 75
19013 14386 1
4479 2376 2
14262 12830 2
18563 19618 1
19525 19618 1
19024 19618 2
1944 1944 1227
14640 14640 23
18795 19618 1
10814 6538 2
3888 19618 3
7068 15660 2
2524 15933 1
13643 19618 1
2597 2597 1
19526 19618 2
17017 17017 1
16558 19618 2
2203 19564 1
1500 1500 679
5411 19618 4
18357 19618 1
15288 19618 86
19527 19618 1
2630 11713 1
1428 18857 10
3084 5815 2
10933 19618 1
18986 18986 383
4963 17422 1
7715 19618 1
9468 9468 87
11913 19618 5
7668 19618 2
13818 4948 1
19528 19618 1
9257 6463 1
1632 19618 86
7068 17884 1
6789 9370 1
9280 9280 35
18299 18299 50
6008 7876 2
11423 19618 1
14193 14193 319
19529 19618 1
18577 18577 395
10796 17833 2
13523 19618 1
8633 2471 1
9540 16029 2
4503 8786 1
202 19618 34
12289 17919 1
17710 19618 1
16311 3145 1
16504 16504 218
12888 13133 1
16062 5359 1
19372 19618 4
5632 5632 5
17206 19618 3
14479 17933 3
9307 1558 1
4791 4791 749
14908 14908 16
17512 19618 1
12711 19618 1
4224 16335 5
8788 3485 1
196 3949 1
13470 19618 3
18846 19618 1
15603 19618 1
13478 19618 2
5664 19618 13
274 274 41
11644 13531 1
7354 7354 98
17270 17270 13
15122 19618 1
1532 1532 84
10494 19618 5
1485 15144 1
10694 3638 1
7325 19618 23
6400 2441 1
9342 92 1
8438 18617 1
10867 19618 13
3235 3235 2
8567 19618 1
4671 2422 1
5707 6279 3
1818 1818 898
18418 18418 15
3519 13737 1
18442 19618 1
16280 19618 8
11232 13399 1
3222 17787 1
18833 18833 8
2470 7060 2
10640 9310 1
6729 6729 140
19391 19391 148
6637 6637 1279
329 19609 1
18703 19618 1
5377 6365 1
18794 18794 76
19175 19175 484
8868 11771 3
2243 2243 1066
1565 19618 9
16059 19618 1
14928 16564 1
6781 8738 2
11796 14542 2
12620 19618 2
19485 19618 1
18958 1930 1
19530 19618 1
945 5391 2
3495 16006 1
5138 5138 9789179
17697 2421 2
1784 14310 1
13619 13619 76
5398 19618 1
6580 11634 2
8219 8706 1
11857 11857 3
16374 16374 5
174 19618 4
3135 15655 1
1954 15894 1
18550 19618 1
19513 19513 43
17599 19618 4
19531 19618 1
2520 19618 10
2650 8680 3
13908 13908 16
3565 10907 1
12862 19618 1
6503 9426 1
3483 3483 1988
9499 13704 3
2807 19618 4
1523 1523 3207
5094 5086 1
17955 8779 1
4261 14083 2
1311 6578 2
904 4873 1
475 19618 31
8498 19618 1
7425 7425 2
11893 17736 1
2031 19618 83
31 2119 1
2244 9299 1
19532 19618 1
785 12788 1
15473 15006 1
13712 14081 1
9929 19618 4
19533 19618 1
130 7957 1
634 647 3
11049 19618 1
13484 13484 510
6459 6459 73
8796 8796 180
19534 19534 5
12918 12918 136
15256 15256 54
11913 16734 1
434 434 34
11988 9436 1
18733 19618 1
12911 19618 16
4706 3922 2
17646 17646 1738
19496 19496 43
3941 16662 1
15957 14275 1
10680 18041 1
4312 9361 1
19217 19217 269
7147 7315 1
1322 3498 1
18513 18513 217
11312 19618 1
3547 19618 1
4196 6749 1
12706 19618 1
16349 19618 2
6998 19618 1
19315 19618 1
16688 19618 1
15670 15670 101
16899 19618 1
2639 17191 5
12554 12554 38
254 16325 1
10093 13723 1
12873 3423 1
3173 2060 1
8305 19618 3
12695 12695 3344
1843 17658 1
13776 262 1
2847 2847 133
13144 13144 2
18084 18084 50
9394 16867 1
1265 19618 99
19328 3961 1
19471 19471 28
866 13128 3
10499 10190 1
1687 1687 111
14781 5918 1
514 10090 2
7383 9239 3
13791 9714 1
4855 19618 1
16171 16171 102
10095 19618 14
8256 8256 691
10962 18098 1
14815 19618 2
13921 13921 30
3205 3205 3425
18328 18328 11
7619 13158 1
4143 2681 3
4405 19618 12
11334 4059 1
10011 720 1
18624 18624 20
4092 4121 4
128 18116 1
8143 8143 888
12752 14072 4
18088 18088 367
1876 3960 2
4646 14186 1
19372 10388 1
2013 19618 4
4089 9321 1
17149 19618 2
13729 13729 4
11242 11242 8673
2666 7705 3
1955 1955 89
589 14767 1
1251 16066 1
11474 19618 10
3298 19618 5
18057 19618 1
12795 19618 5
1090 1090 418
6603 532 1
2662 2662 4
19039 19039 30
6836 5559 2
14053 19618 4
4336 4336 1247
7726 16600 1
18874 19618 1
5096 875 1
12555 972 1
10605 8171 2
16442 16442 33
1422 1422 5
6085 18466 1
1022 15352 3
9216 19618 8
12535 12535 360
7337 13569 1
5804 10209 1
13895 11174 2
3267 3267 90
6887 19618 5
19535 19618 1
1126 14474 1
18435 19618 1
7824 10334 1
4073 18168 4
15363 15363 12
19536 19618 2
18515 19618 1
17379 17379 15
10929 19618 1
5196 12835 1
19537 19618 1
445 445 456
964 9512 3
2796 18334 1
15690 11349 3
2809 17198 1
13218 19618 4
8745 8745 260
1701 7751 1
352 10285 1
19538 19618 3
19539 19618 1
3833 1216 3
1898 1003 4
13300 19618 6
19540 19618 1
14829 12032 1
7153 7153 22
9052 18348 1
19541 19618 1
10486 10486 320
1225 7007 2
2508 13652 1
19130 19130 28
631 2350 1
19483 19483 71
15008 15008 22
15607 19618 1
7003 19618 31
5198 14567 2
19542 19618 1
7802 19618 2
6283 19618 2
18395 19618 5
5312 19618 3
9593 19618 7
16472 19618 3
19129 19129 3
6218 16521 1
9007 19618 2
19036 19618 25
15455 15455 167
2017 19618 2
19543 19618 2
2009 7976 1
19544 19618 2
14697 14697 443
10144 10144 326
19545 6508 1
15990 19618 2
18313 806 1
15478 15478 100
5932 5932 334
12887 12887 51
1784 18499 2
11185 11185 264
19147 19147 42
19546 19618 2
134 134 2535
17277 19618 2
18276 18276 10
3711 19618 2
7658 12955 1
5045 5872 1
9705 9705 76
17637 17637 83
13103 19618 2
16166 16166 13
9853 9853 14
13283 19618 4
5300 1682 2
17482 19618 1
1572 6980 6
4745 1122 2
2707 2707 435
650 19618 43
11996 14214 1
465 6518 1
7892 7892 45
789 789 1770
19001 19001 198
6301 19618 8
16209 19618 1
13261 13261 49
16251 19618 1
10752 19618 1
18697 18697 516
4127 19618 29
18389 19618 1
14206 17326 1
9596 6288 1
7452 19618 11
15202 15202 42
19438 19438 27
2414 2414 316
2482 18207 1
16817 16817 65
16999 19091 1
8919 19618 2
9902 19046 2
18484 18484 49
5831 14296 1
6680 16760 2
4989 18826 11
12863 19618 2
5748 5748 4
1424 1424 2590
6542 15705 1
4044 15908 1
11237 823 1
3435 16839 1
6291 3150 1
10294 19618 1
13455 19618 7
13370 19618 1
5740 5740 542
19547 19618 2
8198 19618 21
3578 3578 71218
19548 19618 2
2645 10017 1
5166 4933 4
15235 15235 151
4188 5030 5
2046 2046 70
12916 12916 48
2186 19529 1
12279 12279 709
3520 3520 863
477 14182 1
4176 19618 1
12065 12065 24
19549 19618 1
5868 14360 3
3330 16284 1
10045 19618 1
4274 19618 2
890 2593 6
6906 14058 1
7092 8324 1
10093 10093 1005
5991 19618 4
2398 17168 1
7771 7771 88
481 1896 8
2769 8262 1
12397 12244 1
19349 19618 1
19550 19618 1
13050 14532 2
136 136 124
1876 1876 22709
7616 7616 3
17905 19618 1
1589 19618 1
8606 19618 1
5118 5118 91
9014 19618 2
19551 19618 2
7432 19618 6
13727 19618 1
6757 8422 1
9973 19618 1
4947 19618 76
6731 12354 1
15010 19618 2
19323 19618 1
13779 13779 14
4951 4951 23
16352 16352 26
7072 19618 13
4335 6580 2
12238 12238 393
3006 9217 2
19552 19618 1
3542 19618 3
9859 9859 1870
6092 19618 2
17424 19618 1
4598 4598 144
1679 14984 1
6892 2098 1
13560 9238 1
12134 18054 1
18715 18715 6
16630 19618 1
5290 19618 25
7019 17043 1
8125 8125 138
17190 19618 2
11979 11979 118
514 3222 1
3362 6311 2
14506 19618 49
19169 19618 1
16636 18743 1
19553 19618 1
16628 19618 12
9160 9160 1078
3570 2 5
9494 9494 18
11367 19618 7
19554 19618 1
13344 13344 122
11610 15036 1
1936 1936 10
19128 19128 276
8 19618 2
3223 3223 87
14754 14754 380
12330 8249 1
3287 3548 1
1067 2274 10
16694 19618 2
18974 18974 1174
13027 13027 704
243 19618 79
619 16643 1
3355 3355 269
11232 19618 9
14360 19618 7
2022 19618 91
10476 19618 3
10310 12759 1
15374 5074 1
112 19618 8
1103 9009 1
765 7353 1
1237 19618 6
18757 18757 27
313 313 5
18565 19618 1
11507 115 1
5002 15631 1
49 1941 1
2496 6833 2
16149 16149 89
7410 19618 2
7716 19459 1
3173 11003 1
15613 15613 4
8629 3669 1
18025 11960 1
4368 5175 2
1452 8024 2
17306 19618 9
6653 9234 1
2810 19611 1
7856 5131 1
2147 3929 1
4953 19618 1
17550 19618 2
15310 19618 1
2803 3050 2
19555 19618 1
19099 19099 28
5271 5271 387
12246 12844 1
5609 10225 5
7400 4375 1
16482 16482 5
16887 19618 3
6712 19327 5
4936 15676 1
13050 19618 172
5090 8465 1
5429 5429 26
12555 19618 31
11838 11838 8
2324 16856 1
1354 606 5
3512 19618 5
6497 9230 1
6931 19618 50
539 3578 41
2426 14476 1
59 18191 2
13682 6096 1
17948 19618 4
19330 19330 4
6166 1883 1
7587 7587 328
17290 19618 27
10636 8298 1
16038 16038 134
2858 33 1
8875 11924 1
19165 19618 1
1099 2276 4
14587 14587 149
19556 19618 1
10313 9138 1
374 374 186
19557 19557 145
7481 7481 243
12309 12309 65
2175 5236 1
8759 2572 2
18587 18587 15
19558 19618 2
6756 19618 1
16780 16780 147
18947 19618 1
13179 19618 24
19559 19618 10
6712 19618 126
2996 16755 1
1773 1773 7864
3505 3505 1229
18283 18283 3
19048 19048 115
3288 6284 3
5946 19618 1
11031 11031 21
13861 19618 11
522 2861 9
969 19618 3
6774 19618 1
1025 1025 32
12297 19618 2
16600 19618 1
4918 12585 1
13078 19410 1
11362 11362 351
7270 19618 1
15483 15483 434
3945 5720 1
2029 19618 23
5509 16779 1
16787 19618 1
2114 11531 2
9230 9230 38
10505 10505 765
8375 8375 64
3566 14120 1
11285 11285 13
12557 19618 1
4619 19618 2
10322 3856 1
19560 19618 1
17959 17959 5
18889 19618 3
1397 13766 1
561 6943 2
6369 888 1
4339 2714 1
8954 19618 1
7819 7819 7
3979 19618 15
19062 19062 22
2102 16246 2
2612 4520 5
11700 19618 6
1372 6947 15
11295 9776 1
6983 6267 1
10126 17396 1
12268 19618 1
17973 19618 2
8734 19618 12
4131 14197 1
19561 19618 1
9971 14382 1
14047 19618 1
15966 19618 36
344 7708 1
16074 16074 73
611 8226 2
195 14036 2
11624 11624 386
16040 16040 12
18952 19618 1
19562 19618 1
13733 16919 2
6399 14490 3
3343 3858 1
13328 4473 1
18935 18935 5
17359 19618 4
13294 13294 800
18661 19618 3
814 9056 1
2341 7614 5
5798 19618 35
19563 19618 1
4936 13095 1
3435 3435 1164
835 2634 1
6305 7872 1
14625 19618 1
19250 19618 1
8889 19618 1
19564 19618 2
6443 9173 1
15095 19618 1
3106 19618 3
376 12296 6
7054 18210 1
5186 5186 33
16920 19618 6
5922 14236 1
19565 19618 4
16509 5587 1
2466 12319 1
2352 10455 1
12527 19618 2
17003 19618 1
17278 17278 3
220 19618 35
5560 10205 7
3922 9189 1
10486 19618 6
6967 19618 6
19288 19288 5
388 19618 302
8808 7253 1
1981 13562 1
19566 19618 1
1557 8803 1
12050 19618 2
18776 19618 1
9351 9351 46
16360 16360 4
18009 19618 1
18534 17253 1
8906 7549 3
26 8758 1
15365 15365 139
16278 16278 22
2157 14226 1
2339 16664 1
18729 19618 3
3216 3216 96
4108 2861 9
166 2621 7
10039 19618 39
921 9034 5
8038 19618 4
18270 19618 1
183 5757 21
6361 3221 1
4706 4877 1
17516 17516 601
1715 14342 1
8125 14712 1
3645 3645 148
17819 17819 411
7885 7885 46
5373 18137 2
5440 9626 1
19567 19618 1
26 786 2
18349 19618 2
7477 7477 2747
11563 9954 1
16734 19618 1
13246 19618 1
19568 19618 1
19569 19618 2
12628 12628 68
220 16215 1
19186 19186 2
344 11382 1
14837 14837 1000
1501 15073 1
4509 4509 150
11168 19618 1
11444 19618 28
1671 608 1
10224 19618 7
17074 17074 218
2029 15045 1
14086 14086 39
11638 11638 192
4811 1342 3
5030 10948 5
11945 19618 2
19570 19618 1
4436 19618 1
5462 16926 1
6709 6709 188
18884 19618 1
11401 19618 1
7247 16607 1
2446 18071 1
4732 7816 1
14098 636 1
1665 13913 1
7041 7041 804
3782 19578 1
19571 19618 1
6083 19618 22
12709 12709 9
13754 19618 1
3564 7389 1
10538 19618 4
16247 19618 36
6812 19618 1
10291 19618 1
11679 19618 1
5753 19618 15
8936 19618 10
10925 10925 236
19333 19333 101
4407 12035 1
19572 19618 4
9192 14658 1
2903 2903 2626
15506 19618 1
95 95 11
4613 968 1
8358 19618 3
16725 16725 62
16986 19618 1
1519 19618 386
5777 19618 4
6071 19618 34
17462 19618 1
7657 19618 4
7823 19618 13
5485 5485 67
4059 4059 277
5607 14168 1
10677 10677 22
9809 9809 389
19573 19618 1
114 8519 2
17229 17229 60
9575 7366 1
15508 19618 1
6876 15419 1
11081 11081 28
12015 12015 151
15673 15673 33
19231 19618 1
1722 14090 1
11558 19618 1
16324 16324 4
16134 16134 34
15273 15273 8
12152 19618 3
359 1868 14
2953 19618 25
2074 2074 80
11003 19618 3
863 11379 3
9855 19618 1
1784 735 20
9962 6016 1
3619 8735 7
28 19618 46
9193 3376 1
217 217 2329
19574 19618 1
19135 19618 1
1042 7256 1
197 17981 1
19237 19237 459
19528 19528 1
19575 19618 1
8975 19618 17
19576 19618 1
6 6 7
424 111 1
2062 11154 1
890 4105 1
9352 15530 1
158 158 3
19100 19100 70
19577 19618 1
18491 18491 20
3971 3971 1
7510 19618 158
12791 19618 1
3582 19618 1
15271 15271 120
437 11462 1
13616 19618 10
19578 19618 1
9901 15378 1
5790 5790 113
7779 7779 244
2765 2765 619
19579 19618 3
15936 15936 17
6731 1828 3
5175 19618 2
12523 19618 1
19369 19618 2
18883 13236 1
11425 19618 8
825 15723 2
4671 17749 1
492 3262 1
18803 18803 5
18824 19618 55
6872 6872 5
4204 3045 1
13087 13087 87
13676 13889 1
3249 3109 1
951 11086 1
17932 19618 4
546 15442 1
4514 19618 8
9922 19618 1
19201 19618 20
4348 5658 6
3633 3633 71
8511 8511 3
600 19618 2
19580 19618 2
3619 9264 1
1193 1193 121
18585 18585 38
15554 19618 2
17288 19618 4
6834 19168 1
10905 19618 2
8719 8719 3
14262 14262 651
3525 19618 599
13196 17343 1
14747 14747 206
3169 3169 15
19581 19618 2
364 364 124
1290 19618 31
3911 19618 1
11548 19618 8
19408 19408 7
702 12779 1
484 8949 1
6764 19618 1
12195 5033 2
4202 16701 1
1730 17502 1
3542 6650 1
9220 9220 20
18415 15266 1
9047 19334 1
19089 19089 24
3065 8591 1
2314 7234 1
13363 13363 30
12786 13023 1
9151 15503 1
4029 4008 2
18067 18067 13
14884 19618 1
18502 19618 1
19582 19618 1
6792 19618 432
18747 18747 51
19268 19618 6
10786 19618 3
17543 17543 25
12857 13197 1
15011 19618 1
2344 16106 1
4675 19618 12
19583 19618 1
11711 11711 231
18201 818 1
18596 19618 1
14029 19618 5
3500 19618 1
17865 17865 1
19584 19618 1
6545 19618 4
19585 19618 1
117 15859 1
1451 6525 1
18791 18791 135
18279 19618 1
6697 328 1
2909 24 1
19164 19618 1
16895 19618 1
1493 19618 2
19586 19618 1
18311 19618 2
821 19618 7
10723 10723 75
1172 19618 92
11935 19618 1
980 185 1
1349 15810 1
9681 9681 32
3812 3812 323
19587 19618 3
8980 19618 1
9979 5448 1
9270 19618 10
15172 15172 51
19588 19618 1
4759 14959 1
589 12351 1
3191 6893 2
6485 1215 2
14379 19618 1
1317 2497 1
2849 3989 1
6300 7331 1
431 431 4346
12208 19618 1
1702 19618 2
7227 19604 1
10324 5887 2
16320 19618 2
14475 19618 1
5481 3471 1
1748 16888 1
1663 838 4
4623 4623 96
5107 5963 1
11499 19618 40
7293 19618 17
2569 10592 2
4470 14526 2
9237 3169 1
1442 19618 98
2099 7735 1
4491 14124 1
18656 18656 16
15978 8778 1
19589 19618 1
19054 19618 6
13723 19618 1
1848 1848 195
14008 19618 1
12785 19618 8
4562 19618 3
19590 19618 5
15626 19618 2
16739 16739 4
16287 16287 982
6429 7956 1
16129 16129 69
18535 18535 45
18004 18004 113
13481 14986 1
2861 10954 1
14217 19618 3
5731 5731 310
1258 4909 1
14168 19618 1
4642 5782 1
7901 3443 1
1773 13078 2
8697 8697 208
17141 17141 220
1742 1742 42
16857 19618 1
15717 15717 1434
4481 4481 7440
4984 1663 2
18404 19618 9
3389 19618 1
3629 3629 2170
1034 19618 39
5139 5139 35
19174 19618 4
19405 19405 8
12284 8071 1
837 2553 1
6849 6849 1
1689 7702 1
19591 19618 1
19592 19618 1
5649 10474 1
15721 19618 4
13036 19618 1
15022 19618 1
15926 15926 101
19109 19618 2
16756 19618 9
9544 9544 53
8054 16609 2
17746 19618 15
4014 5692 1
10117 13145 1
2166 6609 2
18532 19618 2
2627 13618 1
9829 402 1
6629 6629 6
14894 19618 2
17244 17244 8
2486 19527 1
2611 19618 2
424 18306 3
8915 8915 640
5355 18329 4
2689 8633 3
11419 8723 1
19593 19618 6
8326 19618 36
6827 19618 3
14027 19618 1
4825 4825 153
1584 19618 12
11405 11405 1
13025 14259 1
3570 15618 3
18674 19618 3
2524 7945 1
1148 17740 1
9277 9277 2
6304 6304 658
1888 19618 1
14772 14772 5
15631 19618 3
16304 16304 20
17568 19618 3
15110 15110 1405
18054 19618 1
275 10393 1
5566 19618 30
5500 1831 2
3677 3677 1340
3913 5376 3
19127 19618 5
1504 1447 2
3801 19618 4
2849 13177 1
485 11062 1
18405 2971 1
2049 2049 1256
16780 19618 3
17044 17044 545
1445 19618 184
19594 19618 2
18836 18836 2
13892 13892 683
7842 7842 305
1721 8157 2
19595 19618 1
17137 17137 48
9948 12689 1
19328 19328 115
19424 19618 1
5858 19618 1
730 730 49
9048 19618 45
13306 13306 31
10549 3784 1
1055 19618 90
1954 9256 1
1001 1004 1
6710 15426 1
13532 2029 1
1258 19618 33
9967 15751 1
11385 11385 15
10241 10241 82
17912 18694 1
13069 19618 5
10902 19618 5
17002 19618 1
2063 2063 20
403 19618 2
12841 19618 2
8136 8136 1
377 13488 1
4885 14176 1
9104 5256 2
7778 19618 134
5867 5867 12
13560 1721 1
1504 18078 5
13223 13223 25
19596 19618 1
2732 2732 62
9913 19618 21
2930 8661 1
19066 19618 3
17092 11302 1
12715 12715 20
19597 19618 1
516 5298 1
10657 11028 1
6011 15409 1
19383 19618 1
16240 19618 7
19285 19618 3
17690 17690 284
7409 6236 1
18680 18680 8
16187 19618 1
14644 5299 1
16464 19618 1
19598 19618 7
17851 19618 1
19599 19618 7
10056 17889 1
15196 15196 348
4461 1442 11
8340 2008 1
13961 13961 2
18348 18348 165
12733 19618 1
16011 16011 73
9469 19618 1
2470 19618 36
19600 19618 3
18739 8545 1
2358 19618 2
5626 4741 2
3773 465 1
19601 19618 1
18083 18083 1
18878 19618 1
10127 8929 1
15737 7879 1
18437 18437 89
5094 10706 1
19567 19567 75
10910 10910 24
15933 19618 43
19086 19086 150
465 465 249
17938 19618 2
16467 10189 1
18508 19618 2
13636 19618 3
19602 19618 1
12695 17536 1
11160 11160 48
10655 2261 3
17090 19618 61
19119 19618 1
2320 16390 1
1239 256 3
16306 16306 408
7383 8595 1
11672 11672 579
11218 14107 1
2751 18215 1
18579 18579 4
2788 2788 44
19559 19559 299
19422 19618 3
1179 10028 3
19419 19618 1
2513 15231 1
9286 2162 1
15898 15269 1
4809 8374 1
4252 19618 1
4783 4783 1695
6015 19618 47
13064 13064 287
4333 11726 1
732 11344 1
12047 12047 178
19603 19618 1
1428 14090 2
9436 19618 1
1294 7491 4
6870 19618 2
6156 3153 3
670 821 2
16826 16826 6
14151 19618 1
9691 19618 22
14548 3346 1
8883 6200 1
18523 19618 1
5107 12785 1
3585 5443 1
9259 10381 7
2182 10822 1
16633 16633 3
2023 19618 47
6572 6572 19
15901 19618 2
1477 15146 1
8039 8039 1083
5707 15308 2
15500 19618 2
10074 9222 1
18285 18285 1
3826 19618 8
330 330 2439
12752 12752 9518
224 11715 1
4989 9366 1
14036 14036 820
3708 4495 1
19486 19486 9
15307 5217 1
19604 19618 1
9649 9649 976
5747 11801 1
14959 14959 14
19258 19258 40
1222 2435 1
14769 14769 5
17246 19618 1
12950 19618 1
17233 19326 1
2697 2292 2
18519 18519 1
19325 19325 106
4289 4289 2
13312 13312 334
911 911 833
6842 6842 392
3 3 101
1074 19618 148
9089 15672 1
15042 19618 1
11257 11257 10
19605 19618 3
19035 19618 1
15932 15932 1
17667 19618 34
3363 13819 1
10854 19618 1
896 11609 3
8057 4633 1
17476 7116 1
8428 10329 2
15154 15154 613
19154 19618 50
19413 19618 1
11550 11550 12
15463 15463 946
18754 19618 1
15788 4445 1
14552 14552 188
15726 15726 139
17043 19618 1
11321 11566 1
16245 16245 50
6372 15607 1
19606 19606 13
2153 2153 32
19215 19215 2
1557 17881 1
6245 19618 3
19554 19554 1
2740 3030 1
19607 19618 1
16459 19618 3
6845 6845 7
18890 19618 1
9157 9157 1868
17095 19618 1
6066 19618 28
19592 19592 17
18332 10748 1
7151 8549 1
18107 19618 4
19534 19618 1
3754 19618 4
19608 19618 4
13658 13658 155
19609 19618 2
4803 19618 1
11515 19618 1
5212 5212 1
18710 18710 37
15184 2381 1
17590 19618 2
6858 3591 1
2473 2473 128
9392 19618 2
13364 13364 488
17900 19618 2
17540 17540 10
9538 8121 4
19606 19618 1
4401 15139 2
18635 18635 11
14756 14756 41
1285 18063 2
3523 19618 14
10700 17430 1
59 12462 1
1116 1116 1459
9309 3347 2
11850 11850 189
6105 17656 2
1334 19618 2
9928 19618 5
19347 19347 13
2239 19618 23
18852 18852 3
19610 19618 2
12339 19618 2
19492 19492 1
10696 14724 1
6019 19618 4
2320 17306 1
14361 19618 2
19469 19469 5
13228 3188 1
4943 6486 4
2185 6737 1
7675 7675 77
9036 9036 4
3608 3608 2061
18201 18201 197
5079 19618 17
14082 8917 1
896 16065 1
3306 3306 628
6055 19618 1
12517 12517 17
5295 5295 43
19487 19618 1
19204 19618 1
9947 11978 1
18959 19618 1
12638 19618 7
11242 18385 1
12828 12828 5
5913 5913 3
17073 19618 8
7334 19618 5
16375 19618 1
4399 19618 5
12366 19618 1
17591 17591 6
18775 18775 1
1829 19618 15
5293 9192 1
6931 10875 2
10095 18756 1
10537 10537 29
4315 18627 1
19611 19611 9
735 10152 1
5909 19618 20
6265 17852 1
18198 19618 1
1804 129 2
5463 5463 1436
19007 19007 149
10174 10174 33
1654 2211 3
19235 19235 159
11503 1744 2
13217 19618 2
9873 19618 1
18205 18205 19
9344 9344 20
3803 12868 1
5155 6159 1
16216 19618 6
19168 19168 60
17576 17576 15
5505 10790 1
19612 19618 1
13026 19618 1
16298 16298 1
4885 2841 1
13128 16027 1
19195 19195 193
7445 9770 1
19613 19618 1
9208 13725 1
11896 19618 1
4905 9720 2
104 11287 1
19220 19618 1
7363 7363 2254
13892 6425 1
7054 3206 4
7234 7234 457
12362 12362 7
16157 17340 1
9538 3914 1
12934 11092 1
11331 4750 1
2796 10656 1
12836 19618 2
19614 19618 1
2456 11298 1
9073 19618 3
18193 19618 1
7142 19618 17
4547 19618 2
16516 16516 120
19494 19494 3
15424 15424 31
60 19618 57
15400 15400 7
17666 19618 6
1040 10126 1
18118 19618 1
3922 19618 44
12008 12008 7
5936 19618 8
15119 14655 1
11946 6642 1
17837 17837 184
11317 19618 18
14889 14889 45
16002 16002 89
8806 19618 2
2224 2224 1650
19351 19618 6
17516 3151 1
2082 2082 57
13437 8639 1
314 357 2
18991 18991 8
3907 19618 44
16918 3066 1
12511 19618 1
1170 1170 5390
2296 17720 1
2727 14387 1
1738 1686 2
5617 1723 1
16342 16342 106
490 2901 1
8139 5347 1
17820 17820 3
14989 19618 2
5589 9004 1
19611 19618 1
18773 19618 3
1218 6515 10
406 19618 815
15831 19618 1
4191 11724 1
15523 19618 1
1556 19618 5
2954 2954 17
18788 19618 1
17526 17526 30
6909 1334 1
14473 19618 67
16944 16944 29
14385 19618 1
1151 2075 2
6778 10202 1
9729 9729 33
10111 19618 2
18613 19618 2
2601 19618 3
1833 19618 10
3433 19618 10
4131 5294 1
19282 19618 10
18526 18526 30
14669 14669 149
7832 19618 1
948 13645 1
11258 11258 4
19615 19618 1
15776 19618 2
2022 3893 2
9869 12144 1
659 659 4244
7236 13703 1
3299 25 3
10506 10506 11
6075 6075 20
11154 11154 2459
10736 8689 1
1307 1957 1
7723 19618 13
11796 11796 5028
14841 14841 22
4805 19618 5
17655 17655 33
7085 7085 11
11242 17855 5
14576 18878 1
16410 19618 10
3611 3611 73
7158 7158 174
3277 3277 1
2759 18206 1
2773 4420 5
14980 13609 1
8958 8527 1
11859 11750 1
1660 2069 1
7858 19618 15
2108 19262 2
16579 19618 2
13863 13863 82
18393 19618 11
16052 19618 1
9861 9861 6500
15860 19618 5
3228 14321 2
1314 1314 19
2586 2586 2952
13134 13134 2219
17013 19618 9
10886 10886 908
14683 14683 45
19616 19618 2
1306 9563 1
10342 19618 3
2686 19618 13
4066 7687 1
18434 19618 21
980 3199 2
11532 9177 1
1562 1562 164
12793 12793 10
15127 15127 175
1919 12973 1
17027 19618 1
19319 19319 297
1876 19140 1
4364 4364 1765
7796 19618 21
4459 6982 1
18512 18512 4
1815 2288 1
19362 19362 11
18177 18177 34
3962 3962 3
4905 8040 1
7479 9917 1
13547 19618 1
8341 1657 1
2506 9739 2
13796 13796 52
8031 6104 1
10552 10552 3
30 30 6618
2228 18854 2
18561 18561 74
13542 13542 14
4474 4900 1
9631 9631 50
19617 19618 1
10809 12231 1
11816 19618 3
8259 8259 66
17273 17273 4
4634 3113 1
15512 15512 27
