1 1819 2
2 2 872
3 2021 2
4 4 22667
5 5 3
6 3040 1
7 7 16
8 4742 42
9 9 1507
10 4742 6
11 11 14
12 4742 11
13 2008 6
14 4742 3
15 4297 1
16 16 17
17 4742 4
18 4684 2
19 4574 4
20 2199 8
21 3063 3
22 2193 5
23 4450 4
24 4742 3
25 3423 2
26 4742 4
27 1879 8
28 4110 3
29 29 91
30 2665 1
31 31 777
32 1655 2
33 32 7
34 4742 1
35 35 278
36 3956 1
37 4742 5
38 1972 3
39 39 90
40 40 2695
41 41 106
42 4526 2
43 43 114
44 44 347
45 4742 2
46 1997 2
47 4742 1
48 1549 5
49 2548 3
50 50 1
51 51 106
52 532 1
53 1228 3
54 760 3
55 530 1
56 56 2438
57 2038 6
58 4742 9
59 4399 1
60 2495 6
61 61 2577
62 1805 5
63 4742 2
64 1694 2
65 4466 2
66 4742 1
67 3909 18
68 4742 4
69 4742 168
70 869 1
71 4742 3
72 72 297
73 4742 128
74 2279 1
75 367 1
76 3577 8
77 6 8
78 78 64
79 79 1103
80 4486 4
81 3460 1
82 82 469
83 1516 3
84 4742 22
85 85 58
86 86 48
87 62 2
88 3187 1
89 89 2619
90 1595 4
91 4742 12
92 4742 35
11 4742 1
93 1334 5
94 94 24
95 4644 1
96 1418 1
97 2753 1
98 4742 17
99 4742 1
100 1190 1
101 343 3
102 3446 7
103 1024 13
35 2708 1
104 3217 1
105 4742 3
106 4742 1
107 2939 1
108 4393 1
109 4224 25
110 177 1
111 1013 1
112 344 3
113 4742 1
114 114 97
115 115 276
116 116 96
117 117 11
118 4742 3
119 91 12
120 4742 1
121 4742 42
122 2839 4
123 1698 2
124 124 61
125 4742 2
126 976 2
127 4742 1
128 2289 1
129 1940 1
130 2048 1
131 1168 1
132 4024 1
133 1745 7
134 4742 2
135 4742 14
136 2339 1
137 4504 1
138 452 2
139 15 1
140 140 4266
141 141 26
142 4742 1
143 184 22
144 1129 2
145 331 6
146 146 3179
147 4742 6
148 3112 2
149 687 2
150 1696 1
151 4742 18
152 3186 2
153 4742 2
154 1739 13
155 4742 29
156 4742 1
157 4742 325
158 4742 5
159 1518 2
61 1524 5
160 421 1
161 4742 236
162 4742 4
101 101 3109
163 2403 4
164 4144 3
165 500 3
166 4742 5
167 167 163
168 94 1
169 2350 1
170 170 858
171 4742 32
172 3251 1
173 2518 1
174 174 1
175 175 2537
176 3626 2
177 1214 2
178 4218 1
179 4742 1
180 2086 5
181 181 23
182 4425 6
73 3282 1
183 4742 5
184 1660 5
185 4742 38
186 285 1
187 187 3018
188 188 18551
112 1087 6
189 480 5
190 3268 1
191 4742 27
192 4742 9
193 4742 6
194 2043 8
195 723 4
196 4742 13
197 530 2
198 4647 2
199 4742 5
200 200 46
201 201 698
202 4742 2
203 4742 22
204 204 2581
43 3824 2
205 4742 146
206 4742 7
207 2104 3
208 749 4
209 4742 30
210 1469 4
211 188 1
48 783 3
212 4742 6
213 524 3
214 214 54
215 215 390
172 2956 1
216 4742 5
217 819 7
218 218 12
219 3737 1
220 220 822
221 4742 3
222 2863 6
223 3707 1
224 224 241
225 616 1
76 3232 7
226 4742 51
227 227 33
228 183 1
229 109 19
230 308 13
231 231 7412
232 3527 1
233 46 2
234 4742 5
235 235 2721
236 4742 188
237 3534 1
238 238 763
239 4506 1
240 3996 1
241 4742 30
242 2309 36
243 4742 1
244 244 6116
245 4742 5
246 3808 1
247 247 6356
248 801 2
249 4742 1
139 2615 1
250 4742 1
251 4742 20
252 1683 1
253 4742 22
254 4742 3
255 4742 9
256 256 136
257 4409 1
258 4742 8
259 4742 79
260 2790 5
261 4742 50
262 4742 128
233 3278 1
263 4742 5
264 4532 5
265 265 241
266 266 59
267 267 531
268 4742 77
269 643 1
270 4742 6
271 2581 1
272 3042 1
273 4742 1
274 274 938
275 4742 1
276 4742 2
277 4742 1
278 20 2
279 279 24
280 280 484
281 281 14
282 1669 1
283 283 329
284 4282 1
191 1405 1
285 1131 6
286 2470 2
287 1742 1
288 4742 1
289 4289 1
290 290 231
291 4742 36
292 4742 26
293 1 2
294 294 903
295 595 2
296 3282 3
297 297 126
298 1075 1
299 4742 1
300 1695 2
301 301 330
302 3337 1
303 303 40
304 1307 1
305 762 15
306 306 2555
307 2702 2
308 308 1
309 2596 1
176 4742 9
310 1282 5
311 90 2
312 3635 2
313 2506 1
314 4742 1
315 3386 1
316 4742 4
317 4742 9
318 318 86
319 199 4
320 3498 5
321 321 4100
322 780 10
323 4742 8
301 4491 1
324 3885 3
325 1425 1
326 4722 5
327 4742 6
328 907 1
329 329 3262
330 393 2
331 3141 3
332 26 3
333 2640 4
334 1220 1
335 335 4790
336 4742 14
337 4742 1395
338 1940 10
339 4742 50
198 198 3342
23 1733 6
340 4388 1
341 2235 1
342 4742 66
343 1422 1
344 1590 1
345 4742 1
346 2242 8
347 4742 1
348 4742 1
349 1760 11
350 2294 1
351 2445 2
352 4742 1
353 4742 4
354 4742 2
355 4742 10
304 4742 73
356 356 1813
357 357 99
96 96 320
358 2300 1
359 359 1097
360 4153 1
361 3200 1
362 3482 1
363 4742 1
62 293 2
364 4407 1
310 1472 7
365 4742 2
366 4742 2
367 890 1
368 4742 2
369 2977 1
108 108 2703
370 4742 73
371 4742 6
372 1992 2
289 506 1
79 1038 2
373 373 151
374 374 319
375 4742 14
376 1437 1
377 377 5
378 4227 1
379 4742 1
380 4742 4
381 4742 9
382 4742 1
383 4742 1
384 4591 1
385 4742 2
386 4742 1
387 2244 8
388 4742 1
389 4742 2
390 3996 2
391 2287 1
392 296 3
268 1028 1
208 1446 9
393 4742 38
394 4742 1
60 4650 13
395 3800 2
396 4142 14
397 4742 19
398 4742 68
399 399 656
400 400 10
401 3114 1
402 4742 3
339 3471 3
403 403 904
189 3355 6
404 4742 1
405 405 106
406 1324 2
407 796 1
408 4742 5
409 409 808
410 410 1379
312 4742 124
411 411 4
412 4243 2
286 286 1213
413 613 1
217 2168 8
414 4742 5
415 4599 2
416 841 1
417 3179 1
418 1483 7
419 419 1050
420 590 1
60 60 15585
421 4742 23
422 628 2
423 4742 45
424 1342 1
425 375 1
53 566 3
285 1209 10
236 236 6837
426 1023 1
427 427 1657
428 4742 3
429 4742 1
430 4742 73
431 4742 6
432 432 863
433 2707 9
434 3835 5
435 312 1
436 4742 85
437 4742 19
285 2934 6
438 595 10
439 439 2352
440 440 706
441 3078 1
442 636 8
443 443 163
184 184 2333
444 4742 3
445 4742 2
446 4742 1
165 165 4866
447 447 61
448 4742 3
449 4742 1
450 1243 1
451 451 284
452 2746 1
453 4742 89
454 2229 1
455 1541 1
456 2514 8
306 1446 2
457 1351 2
458 4742 1
112 4742 117
459 553 1
460 4742 4
461 4742 1
462 82 1
463 4742 1
464 4742 4
168 4742 2
465 140 4
274 4742 34
466 466 1078
244 239 6
249 249 30
467 4742 5
468 468 100
469 469 16
470 4742 5
471 2189 3
472 2410 1
473 1008 3
474 474 6371
475 4742 28
476 4742 1
477 352 1
478 4591 2
479 4742 57
480 480 1637
481 481 2932
482 1273 5
483 4564 1
484 484 23
485 3376 2
486 4742 2
487 487 9809
488 488 71
489 1486 1
490 2715 4
491 1567 1
492 3015 2
493 493 1086
494 494 107
495 495 56
496 2937 3
497 497 840
498 4059 11
499 499 67
500 1174 21
501 4742 1
259 1813 2
502 502 304
503 503 3469
504 4742 36
505 4742 541
506 4742 2
40 4742 81
507 4742 1
159 2262 2
508 1104 1
509 4742 6
510 2983 1
511 4742 6
512 4742 8
513 3720 1
210 1596 4
514 3050 3
515 515 9
516 4056 1
517 517 2427
518 4742 51
519 4742 2
520 4556 3
521 1895 2
522 4742 4
523 523 1844
524 1423 9
525 939 34
526 2624 3
527 527 1332
528 2197 1
529 860 2
530 4742 60
531 396 9
532 4742 1
533 4742 1
534 496 12
535 4742 18
536 3052 1
537 4113 2
538 4742 4
539 764 10
230 1045 18
540 4742 5
541 4742 3
542 1617 3
543 543 1015
544 1530 2
545 4742 1
546 4385 9
547 547 1
548 548 13057
549 4742 8
550 1866 1
228 3490 1
551 2503 1
552 2371 8
264 4742 155
553 4742 2
554 3844 2
555 4583 1
556 1041 1
557 4193 1
558 4742 1
194 194 4454
49 3035 1
559 247 8
560 370 2
561 4742 1
562 3604 2
563 4742 261
564 4659 3
534 4742 689
565 2332 6
466 3799 1
566 4742 5
567 2186 1
21 21 1558
568 1722 1
569 569 4239
570 2013 1
70 1114 1
571 1472 2
572 264 6
573 3949 1
574 873 1
575 3704 6
576 3414 2
4 3220 23
577 3816 3
578 4538 4
579 579 123
580 4260 1
581 2767 5
582 1511 3
583 1917 1
584 2717 1
563 3237 5
585 585 29
586 185 1
564 564 3432
544 3485 3
587 227 1
588 4157 1
589 2391 1
590 1274 1
591 4742 1
592 592 1824
134 134 105
593 4742 6
594 2257 1
595 4742 271
596 1254 2
597 3514 1
38 2429 5
598 598 35727
599 4742 3
284 4742 5
293 2098 1
600 4742 11
601 601 23
602 4742 9
85 1419 1
603 1558 3
604 4742 281
605 980 23
278 4742 39
606 1803 8
607 607 434
608 4742 8
581 4368 8
609 4742 9
610 4742 15
611 60 13
390 651 2
612 612 1497
613 4742 1
614 3272 2
615 2924 1
616 2381 3
617 617 6
618 1773 4
619 619 336
620 1170 8
319 319 7679
621 302 5
622 673 1
603 53 2
623 2139 1
278 3908 3
8 3201 1
624 4742 2
219 2844 1
625 4742 4
626 4742 11
627 660 1
275 275 20
628 628 5036
629 4742 2
630 630 7944
631 4742 1
632 4742 653
633 4742 1
634 4742 17
635 635 65
161 3041 11
636 4742 9
637 3547 5
638 4742 3
639 4203 24
640 340 4
641 3400 6
642 4742 50
643 4742 1
644 616 1
645 4742 41
329 4742 96
646 608 8
647 4742 4
285 1194 3
648 893 2
649 1559 1
650 3029 4
651 651 498
652 4682 2
653 4698 1
395 4412 8
654 2441 10
655 4154 1
656 4742 2
657 3361 2
658 1123 1
659 4742 1
15 4742 2
660 4742 143
661 1257 1
662 1575 1
663 4742 1
664 4742 1
665 665 28105
666 2621 12
667 4742 2
630 2385 6
668 2760 3
669 1466 15
670 3087 1
671 2667 1
672 4742 6
673 673 220
674 1065 1
675 4293 9
676 3019 9
677 4637 7
678 678 3137
679 4742 1
680 4742 21
681 2269 1
682 4742 1
683 4742 1
684 4742 1
685 4742 1
686 686 69
604 2227 1
687 4742 153
688 4742 11
689 4742 56
690 690 21
691 695 8
692 3640 2
693 4742 1
694 4742 2
695 4742 16
696 696 1389
697 4444 1
698 698 64
699 4742 2
145 3580 2
700 4742 7
701 377 1
500 4742 544
702 4742 64
703 1436 1
704 3039 5
705 2378 1
706 3192 2
707 2734 6
708 4742 185
709 3893 1
710 710 1190
711 711 2
712 4291 2
713 2394 2
714 714 257
715 3464 11
716 716 304
717 4742 2
718 1491 2
719 1252 3
720 2326 3
721 2078 2
722 2452 4
592 687 2
723 2918 1
724 2178 2
725 2089 4
726 726 122
727 2759 1
728 4742 2
729 1765 4
730 730 1932
731 4742 7
732 732 1177
733 294 10
734 2859 12
735 735 20
718 2383 4
367 2748 3
736 2349 1
737 1096 1
148 611 4
738 913 1
739 4742 85
740 4477 1
741 741 170
742 4603 1
743 2781 4
744 744 398
745 745 16
746 746 200
747 4742 10
427 4742 55
319 2686 4
748 3263 2
233 1270 2
487 3749 8
749 2029 10
750 1516 5
751 4742 2
752 147 6
753 3477 1
754 4620 1
755 4742 1
73 3098 1
756 2172 4
757 2326 1
758 4742 21
339 3930 1
759 4742 1
760 760 3112
761 761 118
615 615 740
230 1096 11
762 3325 10
763 868 1
20 2825 16
722 3490 2
764 1755 1
765 2354 2
766 4742 6
767 4742 9
768 4742 2
189 2667 1
769 4742 16
524 2421 11
770 770 994
211 211 665
771 169 1
772 4742 2
208 1614 6
773 773 39
774 774 146
775 775 67
510 510 1204
691 1622 11
90 2220 2
776 210 1
777 4742 2
778 4742 1
779 4742 32
596 3519 2
780 780 4467
666 350 5
781 2800 4
782 782 6869
783 2216 3
364 4742 53
784 4742 3
785 4742 28
786 786 153
787 4742 1
788 4742 39
789 4742 10
790 2285 1
791 3049 1
792 4742 3
793 3819 2
794 2022 1
795 1547 8
426 426 1460
796 796 2
797 1946 1
349 2223 10
798 1270 8
799 799 540
800 800 14
801 801 2549
802 4742 2
293 4742 6
803 1207 1
362 362 18487153
804 880 7
805 4742 1
806 4646 1
807 4742 1
808 4742 41
809 4742 5
810 822 2
811 811 175
812 4742 6
813 3846 2
814 3197 1
815 815 114
816 4742 17
817 817 37
818 4742 17
819 2857 1
820 4742 17
821 2252 3
822 4309 2
823 449 1
824 858 2
825 4742 4
826 4742 2
827 2702 1
442 126 5
828 4742 59
829 4742 8
830 4742 3
831 831 879
832 1689 1
833 1435 15
834 4742 49
835 4742 3
541 541 118
836 4742 1
837 1044 5
838 950 1
839 1181 2
840 2343 2
841 1927 2
456 2286 8
842 4742 9
843 4277 2
844 844 62
845 4742 6
846 1176 13
847 4742 3
790 4742 84
848 1141 7
849 4742 2
850 4742 35
398 756 2
851 1521 1
852 4742 20
853 853 4426
854 4742 60
855 4742 2
856 577 3
857 857 39124
858 982 1
27 483 3
654 654 18686
859 2041 4
860 1848 2
861 3269 1
862 1974 5
863 4742 6
864 3352 1
865 865 168
622 1468 2
866 4742 11
867 4742 10
868 2883 22
869 869 325
430 1202 5
870 3159 2
871 4742 44
872 872 1
372 302 2
381 5 1
873 2791 51
874 2487 3
155 155 1063
322 439 5
875 650 1
876 4742 20
877 4742 1
733 2367 6
878 1113 2
879 879 86
880 1628 1
881 3838 2
882 882 507
883 1534 2
884 697 2
885 2965 1
742 3578 1
886 4742 4
887 2987 81
888 453 1
889 929 1
890 4742 1
891 1252 1
892 4742 3
893 893 4321
894 894 14
895 1060 2
604 77 3
896 4278 1
897 4429 1
898 845 6
899 4742 7
900 4742 8
901 901 163
902 831 1
903 1075 3
904 904 55
905 1677 1
655 655 1313
261 2634 3
906 4742 16
907 498 2
908 1662 2
909 909 247
910 3231 2
911 4742 7
798 750 3
912 912 30
913 786 1
391 4742 2
914 4742 2
915 2089 1
267 2562 1
916 1497 2
917 4742 1
918 4742 38
919 4742 2
920 882 1
833 2781 10
921 921 5822
922 4742 25
571 2599 1
923 923 37
924 4033 1
925 4742 29
743 37 5
432 3823 1
640 4678 2
926 1910 1
927 1009 2
928 4742 51
929 929 33
930 1839 3
931 2385 1
932 4742 336
933 3997 13
934 304 4
797 821 2
935 935 108
936 1243 3
937 275 1
938 2281 3
939 939 23420
795 3333 5
262 4068 6
940 2274 3
941 941 55
942 4742 43
943 943 9
301 1282 1
944 944 19
945 945 14932
946 864 2
2 715 1
571 3253 2
947 2966 2
948 4742 50
949 2457 1
702 502 2
159 2963 2
950 3191 2
951 4742 1
952 4263 1
953 953 32
954 2914 1
260 4742 65
856 1448 1
287 360 1
955 4168 1
956 3671 1
957 957 1683
958 2671 5
491 2068 1
776 776 1958
959 1169 2
960 1660 1
961 2394 1
590 590 1248
962 962 9
963 4742 4
964 4742 18
965 3449 1
966 966 8
408 408 65
967 1292 2
968 1918 1
969 3357 1
970 4742 1
971 2010 9
551 4742 339
972 763 4
973 973 3924
974 4742 1
975 4742 6
696 992 2
976 4742 24
180 1831 1
977 977 323
978 4742 2
979 4742 99
980 4742 349
676 1080 8
260 3445 1
981 4742 12
937 4742 33
982 982 1
393 393 1483
770 4742 25
705 1076 1
198 1373 2
983 2230 1
770 2185 1
984 984 147
985 4742 1
986 4742 53
987 987 445
988 2985 1
989 989 1748
990 2023 2
991 585 1
992 4742 82
993 4742 1
319 4742 227
721 4742 93
82 4742 19
253 2438 2
994 2017 4
995 3835 3
19 705 2
996 996 167
997 702 2
998 4742 10
999 83 14
790 2223 1
1000 2733 2
456 3496 11
381 446 1
1001 1001 200
1002 4742 30
1003 1003 2
326 999 3
180 1250 4
1004 1004 25
1005 4742 34
286 4700 2
1006 1006 156
1007 2674 6
1008 3879 4
922 4235 4
1009 4742 180
1010 4742 1
1011 4742 2
1012 4742 4
1013 274 2
62 665 6
1014 1408 1
539 724 6
448 396 2
1015 3990 3
1016 915 3
454 4742 6
1017 1017 1443
1018 1018 332
1019 4742 11
1020 4742 2
1021 4742 37
175 2228 1
1022 4742 4
1023 4742 5
1024 2195 2
1025 3106 1
1026 1225 2
1027 4742 192
1028 1236 4
1029 4742 7
1030 1626 2
1031 150 2
1032 4742 14
155 3250 1
1033 4742 4
1034 3074 1
1035 2166 2
1036 1913 3
1037 1037 1082
1038 1038 212
1039 4320 3
1040 2460 33
1041 4029 4
432 359 1
1042 4742 20
1043 2056 3
1044 4742 7
232 232 11
1045 4742 56
1046 242 10
95 1303 1
1047 4742 15
1048 1048 109
1049 4366 3
1050 4742 1
977 3526 1
1051 4742 14
1052 3372 1
1053 1053 291
918 359 2
1054 2828 3
1055 2130 3
1056 4092 1
1057 1057 1201
999 4742 274
1058 96 1
48 630 2
1059 4742 27
1060 2200 1
1061 3789 1
1062 1062 40580
1063 1887 5
1064 4742 13
696 3947 1
1065 1065 620
1066 1066 183
695 1010 1
1067 1067 39
1068 1068 413
1069 1527 7
1070 4742 16
154 154 18292
1071 2317 4
1072 230 6
1073 761 1
712 712 2817
1074 3539 1
1075 4742 13
1076 4742 1
1077 226 2
1078 1030 4
1079 4742 4
1080 4661 2
1081 312 2
1082 4742 1
1083 4742 2
1084 1347 1
140 3 2
289 160 3
907 4497 1
1085 1085 1332
723 4742 11
544 417 4
1086 3924 1
1087 370 6
1088 4742 4
1089 4742 2
1090 4742 1
1091 1803 3
1092 3826 2
1093 3164 2
1094 1440 2
1095 2016 9
1096 1096 10762
657 2988 2
1097 4742 2
1098 2537 2
1099 1165 1
40 3610 2
1100 1100 1417
1101 4742 327
781 498 4
1102 1102 1225
1103 379 1
1104 1104 34
1105 3729 1
1106 2180 1
1107 3515 7
1108 1108 61
1109 1109 3889
1110 2996 1
1111 1111 153
1112 1112 1
1113 4742 2
1114 3382 1
1115 1115 222
1116 3361 1
57 4742 146
1117 3973 4
1118 4742 2
1119 880 1
803 803 992
1120 1578 2
1121 1330 4
1122 1122 636
1123 1123 84
1124 4742 16
1125 2702 1
1010 3058 1
1126 1126 44
503 895 1
621 2413 1
1127 1127 834
1128 1069 2
1129 2053 1
1130 1130 459
1131 2950 2
1132 1572 1
1108 4742 1
572 38 2
1133 3057 2
1134 4158 4
1135 1135 67
84 1105 2
438 1479 25
1136 1234 1
1137 3570 4
1138 203 1
961 450 11
1139 4742 77
1140 4742 587
228 3217 4
36 3739 1
21 2290 3
1141 2966 4
1142 4742 17
451 288 1
237 4540 2
1143 625 1
954 4742 14
412 412 558
1144 4742 3
1145 264 2
472 4742 28
1146 4742 4
1147 2208 3
1148 550 6
518 2126 1
1149 4742 1
1150 1150 7
1117 1042 3
360 360 175
1151 3346 3
1152 4551 1
1153 1078 2
1154 4742 4
1155 921 3
1156 236 2
986 986 1955
1157 4742 1
1025 538 4
1158 4742 62
837 4742 119
1159 117 1
1160 4742 42
1161 4742 3
1162 1600 4
1163 1647 14
1164 1875 1
1165 1165 7
1166 1166 747
1167 2004 1
1145 1145 1940
185 2210 2
1168 4742 3
661 1841 2
1169 4742 2
1170 867 1
1171 4742 1
1172 4742 78
60 1941 6
1173 1655 1
1174 3944 2
1175 2690 6
1176 1366 11
159 3603 4
1177 4742 8
1178 3599 1
462 462 222
1179 3220 1
1180 4742 33
959 2481 3
1181 4510 1
97 3677 2
1182 4742 4
1183 478 6
543 371 2
1184 2227 9
1185 4742 19
1186 4742 3
1187 1187 149
1188 4742 1
1189 829 2
1137 2692 1
1190 1190 1164
950 950 436
551 551 11655
1191 2899 1
1192 4742 4
1139 1139 2650
432 4742 21
1193 4742 14
1194 2247 1
399 1082 1
1195 4742 5
656 2444 1
1196 2076 4
1049 746 2
1197 36 1
1198 1198 1408
1199 1051 8
1200 2412 6
1201 3036 2
1202 1202 6504
1203 2777 1
1204 1990 1
112 2322 4
1205 4436 1
1206 1206 3772
1184 560 9
839 368 2
1207 1207 93
381 381 432
1208 1208 76
727 727 1282
1209 4742 200
1210 4397 1
1211 1654 3
1212 4742 4
612 770 1
1213 2643 1
1214 4742 12
1215 4742 1
1139 76 2
1216 4742 1
1129 4146 1
665 21 11
1217 4742 13
875 4608 2
777 777 25
1218 4742 6
1219 2567 4
1078 1078 2502
1220 3330 6
1221 4742 14
1222 4742 3
1223 4210 1
76 76 9902
1224 4742 1
562 1148 1
756 335 2
1225 1225 161
1226 4742 4
1227 4311 1
516 2535 2
1087 2727 6
1228 1228 3370
1229 1318 1
606 606 17902
1230 2594 1
268 2155 1
1231 1231 26
897 897 2078
1232 4742 87
1233 4742 1
1234 4742 1
1104 4742 1
207 1968 3
1235 1961 1
1236 4742 59
1237 3279 2
1238 4742 21
1052 1676 1
1239 4742 48
1240 4742 3
1241 1241 44
1242 42 1
1243 887 26
1244 1244 4
1245 4742 2
1246 4742 55
606 1200 9
1247 4742 558
1086 3642 2
1248 4742 2
1249 937 2
1250 763 1
1251 1251 13
1252 4742 16
1253 4742 14
1254 1254 251
1255 616 1
1256 1256 44
1257 1257 163
1258 3603 1
1259 1291 1
1260 3220 10
1261 4742 2
1262 1414 2
1263 4742 41
1264 1496 4
1265 319 3
1266 562 4
873 4742 1192
731 731 158
550 550 729
1267 2601 1
1268 1268 35
1269 4742 1
1270 10 6
1271 1271 10080
1272 1272 300
1273 3063 1
259 4202 4
1274 1274 6
939 1290 18
1275 1275 50
261 261 1874
1276 849 1
1277 660 1
1278 4742 3
1279 1279 12
1280 4742 24
77 4248 10
1281 1281 352
1282 657 2
1092 1092 1458
1283 1545 3
1284 4742 13
1285 2565 2
965 2861 1
1286 4742 2
1287 4742 1
1288 4742 2
1246 1874 1
1289 1289 1624
1290 161 3
1291 1307 1
1292 4742 462
1293 2350 1
1294 1294 8
1070 1070 674
338 4519 8
1295 1026 2
1296 3508 1
928 4286 1
1297 4742 3
1298 303 2
1299 1299 394
1300 4742 4
945 3963 21
337 1340 48
1301 1301 37
1302 4742 26
1303 1303 69
1304 1507 2
374 3301 1
372 930 4
1305 1305 3065
1306 4742 1
967 4742 80
1307 4742 90
1308 3255 1
1309 4742 2
1310 1310 1522
1311 1311 77
157 291 10
1312 1415 1
1313 1544 1
783 783 4035
1314 4742 15
25 1734 1
824 2862 1
1315 1459 4
184 4742 77
793 793 474
493 2821 1
1316 4742 3
1317 4742 15
1318 2070 2
165 1324 6
757 757 997
498 2193 3
573 2142 2
1319 1319 439
1320 4742 2
1321 1321 310
1266 349 5
649 3992 1
1322 999 2
1323 1323 5
1324 3132 1
1072 3102 5
702 851 2
525 213 42
1325 4742 1
1326 4742 11
342 342 2623
1327 2224 2
1328 4742 63
1329 4742 5
1330 4742 8
1331 3661 29
342 4097 4
1332 1122 1
1333 4742 80
1334 4052 21
1335 4742 129
418 4742 239
1336 2641 4
341 3866 1
1337 1337 146
1338 1453 1
474 2782 4
1339 4742 6
1340 4742 63
1341 3032 2
1342 3281 1
1343 481 3
1344 4742 1
1345 687 1
1322 11 1
1346 1009 3
1347 1347 8
769 1936 1
132 132 2762
1348 4742 268
1349 2116 1
1350 4742 9
928 928 1962
1351 4742 52
1352 1149 1
1353 4359 1
1262 1262 4568
1354 1354 2875
1355 2298 4
305 1700 13
987 4742 8
1356 4742 17
1357 4742 9
1358 4742 2
1359 1359 1311
48 3699 4
1360 204 3
180 2749 3
508 508 835
1361 1361 1008
1362 3383 1
1363 1363 320
1364 381 1
1365 4742 3
1366 1366 5286
551 1707 1
1367 4433 1
723 1732 1
1143 230 1
1368 4742 4
1369 2685 1
998 4714 2
1370 4365 1
524 155 11
1371 4742 4
1372 1372 218
53 4354 4
1373 4582 1
1374 4742 14
1375 4742 2
1376 54 5
1377 199 1
1378 2756 1
1379 4742 1
1380 6 1
1381 2344 1
1382 3897 1
1383 1383 12
1384 1902 4
628 2001 6
1385 4742 3
1386 4742 2
1092 4742 36
1387 4742 5
1054 2307 4
1388 4615 2
1389 3685 1
1390 4742 4
81 81 335
1391 4397 1
1265 1056 6
573 4742 19
1392 1392 1
1393 4742 4
1394 3144 1
1395 1395 7849
40 627 4
524 1803 13
399 4742 16
1396 4742 15
1397 1092 1
551 910 6
1398 1398 1124
1399 4742 2
195 3132 2
364 364 1832
1400 3774 1
1401 4742 228
913 1821 1
1108 3745 1
48 2348 2
1402 1402 156
1403 774 1
706 230 3
1404 4742 34
1405 1405 550
616 2172 9
413 4742 14
1400 4742 50
870 4222 2
1406 4742 6
1407 264 1
1408 4742 191
1409 4742 1
988 4742 4
1410 4742 207
1411 1243 15
426 921 5
681 814 2
115 4742 9
1412 1412 1
712 4299 2
1413 837 4
1414 4561 1
1415 4742 59
1416 2931 1
1417 954 5
1418 4742 1
219 219 887
1419 2309 4
598 4296 9
304 4594 2
1206 182 5
1420 694 1
1421 1421 302
1422 1422 95
1423 3090 4
413 413 485
1424 3276 1
416 3298 2
848 848 5142
1425 1218 4
495 4742 2
393 3328 1
625 625 123
1426 4742 45
1427 1427 584
1428 2031 2
1013 370 1
1295 1520 1
1429 3418 3
1429 900 3
1430 3318 13
1118 1118 24
282 1244 1
207 433 9
1431 4742 4
1432 4742 2
1433 1140 5
1401 2001 6
1434 4742 25
55 55 2110
1435 3282 2
72 3910 1
1436 4742 25
910 1141 3
1437 4742 2
1438 4742 4
1439 3206 1
1315 1715 1
1440 4742 2
1441 4742 6
1423 1423 5795
569 4475 6
489 732 1
1442 2969 2
1443 4742 3
1444 262 7
1235 1649 1
1445 2926 1
1446 4113 5
1447 2421 3
678 3163 1
1448 331 1
1377 485 1
1449 337 8
1196 3139 7
1349 1697 4
1450 4742 2
947 307 2
563 1328 1
769 1763 1
1451 4742 5
1452 1153 9
1453 445 1
737 737 1067
742 791 2
455 455 229
1454 4742 3
1455 1927 1
89 1314 2
1456 2986 7
1457 2304 2
563 1249 5
1428 249 1
1077 409 1
1458 4641 1
1459 3865 1
479 479 2084
1460 1460 68
1247 2290 9
1461 2498 1
80 80 3260
1462 835 2
1463 1463 1421
1464 2394 1
1465 1465 291
999 3513 10
1466 1978 2
450 450 5775
1254 4742 10
634 1735 2
612 4742 44
1467 2477 2
1468 4742 5
1469 224 1
1470 177 1
1471 4742 2
225 1554 1
390 390 3008
1472 3700 2
1467 3194 1
1473 2352 2
1474 3250 2
1475 4742 4
743 743 3105
1476 4675 6
1477 3316 2
548 1091 5
1046 3029 4
1478 4742 1
1479 1479 14940
1480 1255 4
1481 1481 510
1366 4742 164
419 2283 1
514 1828 2
1482 4742 3
803 2500 1
979 979 3934
1483 3463 17
1484 1327 2
614 614 1888
1485 4036 1
1486 1486 157
1487 1861 4
1488 3375 1
165 1805 3
1489 1162 1
1490 4742 3
1491 4742 2
1492 4420 1
1493 1493 770
1494 4742 1
1349 2409 2
1495 4742 9
1496 1496 1
1497 1497 3650
1498 3243 1
1499 4742 6
960 4742 74
1500 4731 1
1501 4742 4
864 4742 14
1502 4190 1
1503 4742 3
1504 1127 1
918 132 2
813 2379 1
779 779 1237
1505 3858 1
594 594 436
1506 4742 2
1507 4742 28
1508 1508 1538
1458 2032 1
1509 2207 3
1510 209 1
1511 4742 24
1512 1512 1481
1513 2255 10
1514 4742 1
995 876 1
469 4742 3
621 1467 5
739 988 3
52 3614 2
1515 4742 45
1516 2020 4
1517 4742 16
1518 1518 47
783 1975 2
1519 1519 215
1520 2079 1
1521 1521 293
231 2596 9
1522 1665 6
220 4742 22
1523 2280 3
1524 1598 3
89 634 1
178 178 485
804 3812 9
1137 3489 3
534 534 25822
1028 2603 2
236 1853 8
1252 3024 2
990 3103 2
1106 4742 9
1525 671 1
605 605 21954
1526 4742 4
1527 4742 137
1528 4742 1
1529 4742 1
1530 4742 4
652 4742 13
549 2454 1
565 4742 79
1224 1224 26
1531 1531 236
794 2368 5
1532 4281 1
827 156 1
1533 2492 1
1534 3290 3
1535 320 1
247 1546 2
203 3365 1
1536 4742 1
1505 1408 2
46 46 1501
1194 1194 672
1537 1537 12
1513 1513 8161
143 3608 19
361 2657 1
1538 4742 17
1539 2345 1
1540 4742 2
1313 4742 49
1541 2603 3
201 4742 28
1542 1542 314
868 2158 17
640 1146 2
1543 2109 2
1544 4742 2
1414 1414 1117
558 558 24
1545 4742 7
1452 859 9
996 4742 6
1546 4742 748
721 937 2
719 427 5
1547 1173 1
1034 4718 1
1548 1548 1870
927 1883 1
1549 1928 1
1550 4742 1
1551 680 1
1552 1539 2
79 1204 1
1553 4742 36
1554 1554 2403
1555 1909 1
1556 1556 177
161 2858 7
1557 1497 3
1558 3628 1
611 1505 9
1559 2752 1
1421 4742 7
630 4742 240
1560 3606 1
1561 1856 4
1562 4742 8
1563 4742 3
1142 1142 1
1564 4742 2
23 4742 126
1565 4742 5
995 4742 46
1566 1566 858
1466 4742 190
1567 3977 2
829 829 323
756 4742 74
1131 2933 1
1568 4742 4
1569 1569 6201
1415 4065 1
1570 1059 2
1571 4742 6
523 667 1
1572 4028 1
503 527 2
1305 4568 5
1573 4742 71
205 304 2
1574 4742 5
16 4742 1
1575 3726 2
1576 3349 1
1577 1166 1
1578 1738 1
1579 4742 1
537 1388 1
1580 4742 6
1581 3534 1
1582 4742 1
1583 1583 10
1584 2003 5
1585 3609 1
1516 4618 6
776 3616 1
1209 1052 4
1586 4742 47
44 3352 1
1587 4102 1
187 923 2
1588 1865 1
306 4742 76
1458 1458 1190
1589 3083 2
25 25 628
1522 956 3
1590 1590 11117
1591 1597 1
1592 4265 1
1593 4742 4
206 1425 1
1594 1336 4
312 1236 8
1595 1595 5345
1596 2225 2
1597 4742 4
1598 2199 63
689 3177 2
1599 1391 1
60 2177 10
392 4742 136
1600 1600 900
1601 3026 1
697 1997 2
1602 4742 1
1110 3786 1
1603 2084 9
1604 1604 50
1086 1607 1
1605 4742 4
1606 67 10
1607 1607 421
1608 4498 1
650 2317 5
1609 116 1
1610 4742 1
927 2003 2
1611 73 3
384 411 1
1404 4470 1
1612 4689 1
1613 4742 2
1614 4742 19
1615 1615 11836
1616 3587 1
1617 1617 67
640 2325 4
1618 1376 4
1619 4742 1
1620 4742 40
930 930 3518
568 1816 1
1272 4742 9
1621 1621 187
1622 621 6
560 4511 5
1623 1623 240
1054 3279 2
1624 4742 2
1625 4742 17
322 60 7
1626 4742 2
1627 4742 3
552 4366 9
13 13 2735
418 2791 8
1628 1628 7610
1629 4742 3
665 1247 17
1630 4742 1
1631 1065 1
634 2194 2
1632 4742 1
567 4106 1
1633 4742 2
1634 4742 3
1635 1635 12
738 3120 2
1636 1264 7
1637 1415 4
210 4244 2
701 4742 17
1638 4742 30
870 2659 1
1639 1843 1
1640 1640 4
1509 1509 7751
476 476 8
710 196 1
1641 3499 1
1328 2489 2
562 1287 1
1642 4742 1
1643 1643 270
1266 1266 9159
1644 67 6
1567 1053 1
1645 4742 2
1452 1325 1
932 395 14
1331 551 25
1646 1646 55
622 4742 19
1647 1647 16871
1329 1651 1
145 3779 3
1648 4742 110
1649 2549 1
1650 1933 2
1651 1651 45
1652 2728 2
1653 4742 1
1654 1654 242
1655 1384 7
1656 4742 36
1657 4742 1
409 142 1
1599 1599 1211
1658 469 1
1659 264 4
1660 1660 4884
642 1178 1
1150 4742 1
1661 4199 2
1631 2189 1
229 229 11336
1662 1662 356
1663 4384 9
1437 1437 33
46 3278 3
1664 854 1
1151 4546 1
1665 4742 6
889 3582 2
1666 1666 7
1667 4742 2
1668 3057 1
1219 1219 3262
1669 1669 874
810 4742 61
1670 4508 5
1671 1671 160
1174 2421 1
75 1713 2
983 983 1484
1672 4025 1
1673 1673 57
1674 4742 1
57 57 5487
1675 4742 2
1295 1515 1
1214 3352 1
1131 3605 1
828 3798 1
1676 1676 129
369 4742 18
534 1442 14
1677 4742 3
1678 1678 483
1679 4742 6
713 3203 5
289 4742 25
262 1750 8
1456 55 8
1680 335 5
625 4593 1
1681 1681 1009
1618 893 3
1682 4742 3
1683 3533 3
681 681 710
1166 2048 1
1684 1684 11
1685 1685 1987
961 4742 252
20 4742 345
1686 4742 1
1687 4742 6
1688 4742 22
1689 1689 27
1690 4742 23
1691 4181 1
1553 1553 3
1692 3887 9
708 708 6762
1693 1693 776
1694 4742 2
329 4314 3
1591 979 2
1695 4742 5
1276 827 2
1696 4742 1
1697 4742 12
566 566 75
1698 2689 1
1637 351 2
1655 2208 2
1699 278 11
1700 4742 17
1284 3204 1
563 3313 3
1701 4742 22
1702 4742 4
703 3380 1
101 482 1
1703 1703 4
652 1267 1
1704 3591 5
1705 1705 20
1706 3266 1
1707 1707 4630
1708 1708 14
6 4639 6
214 4742 2
384 2703 1
543 4742 32
1709 4742 1
1710 430 22
1711 4742 19
1712 1374 7
1713 1713 131
129 2710 1
885 1511 1
1415 3043 1
1714 3830 8
1715 1715 15
80 3123 1
1716 4742 51
888 3009 2
603 4326 3
1717 3843 1
1554 4398 5
232 4742 1
1718 4742 16
1537 4742 1
1719 1719 393
1720 4742 1
1721 45 2
1722 4742 6
1622 757 8
1180 4604 2
1723 1401 6
1724 676 1
362 579 1
1710 1095 20
1663 1271 15
1442 1887 2
1725 3056 1
1726 2117 9
1727 4742 19
1728 1135 1
295 2393 4
1729 56 3
1730 4742 1
670 670 104
164 164 1924
1731 4742 2
1241 2090 1
1598 1857 47
1732 1732 47
1733 4742 6
1734 4742 2
1735 4742 3
1092 2755 1
599 1539 1
1736 1736 9
1737 2923 1
1738 1944 1
669 1265 9
1027 1401 1
1739 4742 1335
1617 4742 2
1740 1740 3
1741 1741 573
1742 4742 7
1743 1743 11121
1744 1744 99
1745 4627 7
490 1175 1
1746 4742 3
1747 565 4
1748 1748 1
1749 4742 1
1750 1008 1
1102 3626 1
1751 4742 40
1466 487 7
1752 1752 47
1753 4742 2
1754 2336 1
1755 2444 1
1756 3968 1
1757 4742 21
1758 1253 1
1759 4742 6
1760 1982 1
123 3684 1
1761 3923 1
1762 1762 1527
1763 4742 1
921 2791 1
343 4742 9
1764 4742 48
1765 2826 1
292 980 2
1766 4742 1
334 3952 2
1289 1531 2
1767 1767 105
1768 4742 4
665 2013 15
980 2001 10
1769 2985 1
1770 171 1
1283 676 9
1313 576 1
1771 1771 1
1772 4737 1
1773 3275 2
94 4742 1
1774 2707 8
1775 4742 1
1776 4742 2
965 4742 10
1532 4742 73
1777 4742 8
1778 3043 4
1779 1779 958
390 655 2
630 1917 5
1527 1046 2
252 4742 3
1780 4628 2
1781 837 3
676 1019 11
857 2001 39
1782 3092 1
1783 1783 549
1784 1784 83
1785 3836 31
1786 3753 1
1787 4742 1
958 4742 218
1788 4742 6
1789 380 3
1664 1827 1
1790 3958 2
1791 4742 43
421 4616 1
1792 4742 3
1273 2520 1
1793 4742 11
1172 3735 3
1794 1794 152
130 4742 64
1151 1151 1390
1184 2352 8
1312 4742 14
163 1609 5
1795 4742 1
1796 1413 5
1797 4742 1
1707 990 2
1798 1723 1
820 1305 1
1799 2288 7
1800 4742 1
1801 4742 48
1601 3448 1
1062 1220 20
1802 1802 1224
1185 4553 2
1803 2043 16
1804 4742 1
718 1196 2
1805 4742 15
1806 1806 998
878 4106 2
1807 3910 4
572 3781 2
1773 1899 4
937 287 1
1808 1808 182
331 2156 5
790 4015 1
1498 1498 1473
1809 4742 2
103 1313 10
947 150 1
1810 2290 1
1811 3683 1
1812 4742 1
573 940 1
1813 3025 1
1814 1814 17
1815 4742 8
278 278 950
1816 4742 14
1817 1817 606
1779 1608 1
1818 2348 1
1196 1196 6321
1819 4742 65
1820 4742 6
1821 2325 1
1822 4742 186
81 4742 8
1823 4742 1
161 438 7
1824 1824 126
1825 4742 6
1826 4330 2
1801 4381 2
1827 4742 10
1249 1249 678
230 4742 317
88 4742 25
1828 2919 1
1829 1829 98
1830 1830 22
1831 4742 1
1832 4742 7
1721 710 1
1833 4742 2
1834 4742 1
1835 1173 4
1836 2608 2
1837 4742 15
1104 2108 1
1838 553 1
1174 1473 9
1839 4742 7
1840 4742 2
1841 4742 2
1842 3181 3
1781 1176 1
1843 1843 56
220 697 1
1844 3811 1
1845 1035 4
1846 4742 12
1847 1847 159
1848 4742 12
1135 4742 2
1849 4742 70
27 442 4
1850 1850 23
1851 1851 5
878 4742 45
1852 1476 1
1853 3503 9
889 889 1946
1854 4742 4
241 1267 2
1141 3916 3
644 3890 2
1016 3132 1
1128 3501 1
1132 4742 33
771 4742 5
958 1141 7
660 660 5421
509 509 197
1855 1855 175
1156 543 3
1856 309 3
652 652 369
9 4742 39
1160 2983 1
1092 243 1
327 984 1
1857 4742 53
1403 1403 224
1858 3225 1
1811 1556 1
223 223 391
1859 3408 1
1860 4742 1
1861 4742 5
1862 2876 1
49 4231 1
1863 2121 1
1864 589 1
1712 4742 295
310 4730 12
868 4742 1266
346 1071 10
1649 4742 1
1865 4742 1
1130 4742 13
1532 1532 2143
49 2080 1
1866 2869 1
247 1354 6
1867 4742 2
1868 4742 1
1869 4742 6
1870 1366 4
1871 4742 64
1158 1158 2466
1872 4742 6
164 358 1
1096 2969 12
379 379 14
1873 4610 1
1729 161 4
1874 3960 1
1875 4501 5
205 205 5434
887 3982 64
480 2492 2
1876 2803 1
1877 1877 392
315 4742 8
1878 4742 1
1410 524 10
1879 1879 543
1880 3370 2
1881 2833 3
1882 4137 1
1549 4742 11
1883 4742 4
1237 1237 1734
1287 1287 6
1884 4086 1
1885 4742 45
1296 2399 2
1886 4742 11
62 1308 5
1887 4641 15
1888 4742 1
1889 4742 1
1615 2966 5
1890 1890 1
1726 4742 138
164 2418 2
1891 4742 15
1892 4742 14
1893 3732 2
1894 1663 16
1061 1199 3
790 2095 1
1895 4742 2
677 677 8074
1219 1155 2
981 1741 1
557 4742 45
236 1852 9
1896 1896 99
1897 1897 2854
1265 1265 4588
65 65 117
174 4742 6
1898 2719 2
939 503 11
1196 4487 7
633 1324 1
949 162 1
1899 4742 8
1900 1900 46
111 4742 20
326 326 3116
1508 4559 1
774 3297 1
1901 4742 6
1789 886 4
1518 4742 1
331 2108 2
75 75 903
1902 4742 20
1903 689 1
718 2022 5
1904 1904 125
146 4742 98
1905 4742 8
1906 637 2
1907 2840 3
1908 4742 2
1302 1302 860
1909 4742 12
786 3274 1
1200 560 5
1198 2834 1
1910 1910 198
1598 1598 43085
1911 1558 2
1199 883 5
1912 4742 31
1913 4742 3
1914 4742 1
1726 2584 5
103 1498 15
1813 1813 918
332 2523 3
1915 4742 1
1389 2720 1
1072 4742 141
1252 1252 704
1916 4742 1
604 496 5
1917 2298 1
1277 2101 2
1604 4742 2
1918 4742 4
526 2128 2
1919 3402 2
1920 3503 4
31 4742 25
1921 3359 1
1322 3659 2
1922 4742 204
1357 3589 1
1923 4742 1
403 1716 1
520 3592 1
1924 1924 15
1 960 1
1925 4742 8
1802 4092 1
1442 3235 4
1786 4742 45
1926 130 1
1927 337 8
1184 397 10
1928 4742 3
1929 4742 1
779 869 3
213 1051 6
1930 4742 1
1931 3519 1
1932 4742 1
1933 4742 2
1934 4742 12
1717 1717 610
1567 3179 2
1935 1748 5
1936 4742 15
271 2939 1
1811 4742 28
1937 4742 40
1938 4742 28
478 2027 1
333 220 7
1939 4742 4
1940 4485 2
1941 4742 235
1942 1739 1
1943 1125 1
1944 4742 1
1945 1122 4
1415 3277 1
1058 4146 2
342 2437 1
2 4742 29
1592 3353 1
1946 2201 1
1947 4742 3
1948 4742 2
1826 372 5
862 3927 3
1949 451 2
248 2394 3
1950 1950 862
1951 3730 1
1952 4742 1
1953 1953 8
213 2991 3
1954 4742 8
1452 2386 13
1955 4742 1
1707 2254 2
1314 3202 2
1956 2722 1
888 436 6
1957 1957 133
853 3041 8
1958 3993 1
891 4742 6
1959 4742 7
1960 4742 12
1556 1270 1
1874 973 1
874 1710 8
1961 1961 20
133 4742 220
862 1284 4
1962 2596 9
1397 4742 12
934 465 4
1092 596 2
269 595 2
148 872 3
1963 1963 762
1342 4026 1
378 378 3205
1964 4742 1
1622 525 8
1965 1965 1
1310 2299 2
1966 1922 5
637 4242 1
559 1007 3
1755 4742 51
1664 4742 63
185 204 2
56 2043 1
650 650 2455
1497 4742 109
369 369 821
1967 1967 373
1968 4521 5
893 1371 4
1969 4742 1
1970 4742 3
1971 4742 12
1211 1253 6
797 252 1
475 2275 1
1972 1972 29147
1973 656 1
806 4742 48
988 988 106
527 762 1
1974 1974 209
1072 4654 4
1975 1975 1
228 3440 2
1581 1581 1603
1976 4742 6
1862 4510 1
1977 2488 2
1978 4742 15
1979 431 1
1980 4742 1
910 910 6384
67 67 16846
1981 1068 1
967 967 2380
1628 2221 5
1982 1982 80
1489 1489 47
196 4206 1
1410 3961 5
795 3284 3
1983 4742 3
1790 244 8
1984 1136 3
1985 435 1
335 4742 148
1986 4742 13
418 418 8150
1056 2241 1
480 4742 52
1987 1752 1
1988 3676 2
1989 4742 1
1990 1990 19675
1991 4742 2
1594 1620 7
1572 1572 1908
1992 2525 2
1993 4742 1
1389 1578 1
1394 1394 228
1994 4742 1
546 1164 3
108 1722 3
1995 3208 4
1481 73 1
1996 509 3
1997 1927 2
1998 2036 1
362 3507 1
1220 915 4
752 687 4
734 544 12
1999 4742 3
677 235 8
1006 2564 1
2000 4742 19
546 1043 8
1650 1395 1
1081 1751 1
1807 2085 3
1943 1943 443
2001 2987 33
2002 2002 167
328 457 3
997 725 1
2003 2003 1324
888 888 3324
471 471 1530
1873 4742 73
2004 4742 1
1164 3976 1
304 304 2761
1199 2540 10
186 698 1
485 1263 1
1137 2557 1
1770 1924 1
2005 4742 1
2006 4742 11
550 4742 28
702 702 2451
2007 4742 95
2008 2008 681
2009 4742 6
1422 4742 5
2010 4742 9
1163 4538 18
972 4152 1
2011 4742 1
2012 4742 5
2013 4290 1
2014 645 4
177 4547 7
1774 4070 5
1016 1899 2
2015 904 1
2016 4742 780
2017 4077 6
2018 4742 7
2019 2019 56
1790 4742 126
1211 1211 2601
465 3787 6
182 3557 1
2020 4742 389
2021 887 17
2022 936 1
286 1000 1
410 4742 35
720 4686 1
2023 4742 3
1395 4742 224
1852 4247 3
2024 4742 4
2025 4742 1
2026 4742 23
1400 1400 1703
2027 4742 2
948 4330 1
691 669 13
1946 447 1
2028 578 4
2029 453 7
529 1634 3
1341 1341 812
2030 4742 27
1707 4742 130
1488 4742 22
2031 2031 41
2032 2032 4337
2033 1962 1
1395 418 9
2034 2034 25
148 3435 2
1636 1598 1
843 4677 7
2035 4742 1
2036 2036 26
957 1935 2
1690 367 5
1512 1910 2
2033 4742 1
990 674 2
2037 490 1
1996 358 2
465 332 6
2038 2038 1560
2039 4742 7
2040 4432 1
1229 2520 7
2041 3538 1
828 1485 1
1941 1063 8
2042 4742 10
556 23 1
2043 2043 8719
2044 2243 1
356 2556 1
1449 3862 2
548 648 7
59 4742 1
529 3212 2
2045 138 9
2046 2740 2
2047 2047 18
724 4742 16
1411 4742 330
1415 909 3
2048 4742 52
1512 2189 1
2049 1904 1
2050 4742 8
2051 4742 1
88 88 827
549 2539 1
1492 4004 2
1848 1848 352
2052 4742 2
2053 2053 609
2054 2054 9
1065 4742 21
1859 1859 1497
2055 4502 1
1968 1968 6407
1996 3725 3
2056 4742 3
992 2861 1
837 1401 6
1107 1107 6008
1864 1864 998
2057 2057 13
938 3636 7
874 4742 136
2058 4742 1
349 349 21423
2059 4742 3
2060 2060 11
2061 4742 1
2062 4742 4
1009 1009 6178
2063 2307 1
2064 4742 1
1541 4742 47
2065 2065 1
2066 560 1
986 682 1
2067 4742 1
2068 2068 406
563 1137 7
2069 4742 24
2070 4711 5
324 2209 1
525 4018 43
2071 4742 62
2072 2072 18
57 2780 5
335 1384 6
2073 1126 2
1373 1373 3140
472 3247 2
2074 4742 13
1576 2853 1
2075 4742 1
1367 1367 539
2076 578 2
760 4742 97
523 4742 46
2077 2077 4200
2078 115 1
2079 3041 1
426 4742 39
591 591 11
2080 2080 7
2077 1887 1
1298 1298 360
648 4742 58
1801 1207 1
983 1678 1
2081 2081 173
1021 1243 1
1786 1010 1
323 3687 1
1774 1449 3
1128 366 2
1366 4079 7
2082 4742 1
2083 2083 4451
2084 4742 9
358 4400 1
893 2858 7
2085 2467 3
960 450 1
1039 616 1
925 2353 1
871 4523 4
2086 4742 6
1332 992 1
2087 4742 1
2088 2088 142
390 2296 2
1163 4742 424
2089 1745 4
2090 1300 4
2091 4742 11
2092 4742 4
2093 1932 1
870 4742 38
556 4742 47
2094 68 4
457 457 1245
2095 369 1
2096 2096 100
2097 4742 1
2098 3618 1
2099 2099 71
2100 4742 1
217 3106 3
2101 1606 7
335 1163 5
1429 4041 2
1223 3630 1
38 3857 5
804 779 6
2102 2102 1782
131 131 73
2103 2103 4
2104 4742 5
2105 2652 1
2106 2106 35
2107 4667 2
498 4742 166
1315 4742 43
1160 2415 4
2108 4742 3
2109 2109 106
222 4512 5
241 241 935
880 2580 1
1189 3056 2
1219 3592 1
995 827 2
2110 46 1
1080 1080 15602
2111 2111 13
2112 4742 1
121 2841 2
1885 4133 2
2113 2436 3
1159 4742 20
2114 4742 5
640 640 4030
1685 4742 58
2115 4742 3
2116 2116 1960
1691 2466 1
2047 4742 1
235 433 3
12 12 221
2117 4742 9
1796 4742 53
2118 873 1
2119 2119 20
2120 4474 1
703 703 600
412 175 1
1943 4742 9
1036 1036 4089
2121 4742 1
2122 2122 3
2123 4742 31
1725 3793 2
1458 2697 2
2124 3146 1
76 485 7
2125 2125 422
2126 2126 5
2127 4742 1
2128 1645 2
2129 4742 20
2130 4742 10
2131 1985 1
77 77 7009
326 2401 4
823 4567 1
1827 624 1
241 4419 1
137 137 13
2132 2132 101
2133 4742 25
562 1451 4
2134 4138 2
1772 1271 1
4 38 22
2022 4742 38
2135 2135 4079
739 1769 1
1561 4742 319
2136 2136 4
2137 2137 42
517 3396 1
695 2245 1
2138 1232 14
102 1995 7
1027 4272 10
13 2835 1
788 1483 2
994 3898 4
2139 2139 7
1058 272 2
901 4742 3
92 4539 3
2140 4742 1
1925 1925 186
2141 2815 1
258 258 99
1774 1774 4326
2142 2142 54
310 2502 9
2143 3433 2
1997 3345 1
2144 4742 7
598 4742 905
2145 4742 1
72 4742 10
2146 1686 1
794 1305 4
126 126 1200
2147 679 1
1639 1995 1
1039 1023 4
2148 445 1
2079 2079 2958
1117 1680 2
2149 4742 1
2150 3878 1
1175 2172 3
520 4742 116
2151 4742 7
2152 2152 28
269 2506 3
1505 1505 2596
715 337 18
1714 4742 141
946 946 779
2153 4742 11
1103 2344 2
2154 2154 93
2063 1546 3
1042 4027 1
2155 4742 8
611 171 10
906 2088 2
1229 961 1
2156 4742 67
1791 1791 1580
1334 4742 535
1567 983 5
1266 790 6
2157 4742 1
1228 221 3
2158 2158 1
38 4742 115
2159 2515 2
730 3266 1
546 4676 10
2160 4742 9
1381 4275 1
2161 4742 1
2162 1569 1
2163 2163 5
675 782 15
1668 4742 44
58 4254 1
2164 2164 259
2165 2551 1
2166 2166 70
1714 857 6
918 2519 2
2167 2167 7
1719 26 1
882 4742 21
2168 1470 2
1140 2069 19
2169 4742 1
391 391 80
1290 527 1
83 4613 2
175 1525 4
736 4276 1
1680 3872 4
2146 2795 1
2170 2170 290
2171 2898 1
2125 410 1
1267 1267 560
1899 2899 1
1308 1308 2727
2172 4448 7
2173 1080 1
1691 2501 1
932 2603 6
2174 2174 66
763 1241 2
364 1652 1
1783 1373 2
1518 2344 1
2175 999 1
2176 4742 8
1603 3 11
2177 1433 5
1448 574 2
2178 3411 1
2179 4742 4
1789 4742 52
2180 4503 1
889 4255 2
1871 839 3
1453 4742 17
2181 4742 6
2182 4742 7
1769 861 1
2183 14 3
1475 1475 96
1723 1083 1
2184 4742 2
2185 3207 1
2186 4742 1
1215 1215 14
477 1338 4
865 2895 1
1054 1054 3543
2187 4742 7
292 292 771
725 4206 3
641 1962 5
2188 4742 22
2189 3582 1
1417 1931 4
2190 4742 15
435 1028 2
2191 2191 30
2192 4742 1
2193 3150 32
62 548 2
1193 194 2
2194 3196 3
2195 2195 323
2196 2378 2
2197 443 1
1093 1093 982
2198 4742 1
19 1832 6
2199 887 18
2200 4742 2
2201 4742 7
2202 4742 12
1373 2937 2
122 2414 5
1164 1164 65
2203 4742 1
1572 1930 1
2204 1359 3
2205 4742 4
2206 1239 17
2207 2952 10
707 4742 140
18 2076 1
1577 4742 27
843 279 3
2208 2319 2
946 4742 22
2209 4742 1
957 4212 3
186 339 1
2210 4742 15
1822 887 5
2101 1557 6
1322 1322 1454
478 903 2
2211 2338 2
525 1410 50
736 3789 1
1248 1248 27
2212 852 1
1759 1759 254
1372 4622 1
989 2757 2
129 4742 18
1655 3015 3
2213 2213 35
936 1517 3
2214 4087 4
2215 2356 1
2216 4024 2
544 1061 2
1429 1429 1994
1837 1648 2
334 2443 1
130 788 2
2217 4742 1
721 3033 1
1292 1846 12
330 911 7
2218 1804 1
1557 4512 1
29 4742 3
1094 1094 1356
2219 1395 1
2220 2779 1
1202 945 5
1170 2394 1
2221 2436 1
2222 2012 2
2223 172 2
1497 3874 5
554 1094 6
1525 3750 1
1428 1428 380
646 3255 8
2224 3987 1
813 3903 1
2225 2225 623
54 3814 2
789 2659 1
1690 1690 832
2226 4742 1
2227 932 9
748 4742 5
1620 450 2
2228 4742 12
2229 2229 2760
903 645 4
2230 4742 6
681 4658 1
2015 2015 237
1270 4742 122
1136 3674 1
1254 3010 1
145 4742 128
2231 3337 5
2232 4742 1
7 4356 1
2233 2164 1
620 1305 12
2234 4742 3
75 3430 1
1785 1785 25445
714 2302 1
351 4742 9
2235 2235 1349
1557 4382 6
198 4742 99
426 1920 1
1794 4742 4
2236 4742 1
409 4742 17
1751 1751 1552
794 4742 91
2237 4742 1
1693 1499 1
993 993 2
132 2684 3
109 4742 640
2238 4742 3
1107 2021 10
2239 4742 45
719 1719 3
2231 2818 5
2240 3340 1
2241 2219 1
2242 3233 6
1618 112 2
285 1566 9
1404 3156 1
62 62 10814
2243 4742 1
2001 2001 31330
2244 3955 7
1609 4742 23
2245 2245 7
517 1077 5
1636 3543 3
282 282 575
1521 4742 10
2246 4742 25
2247 2655 1
2248 4742 6
157 715 13
1315 1315 2360
2249 4742 22
217 2789 5
1252 2959 2
1716 1192 1
2250 2250 2921
2251 2251 216
2252 823 2
1748 4742 6
2068 4742 14
2253 4742 12
2254 2254 289
148 4742 251
1388 729 1
154 3010 19
1838 1838 14
1167 4742 38
2255 2475 10
1592 326 3
210 4742 138
714 79 1
2256 4742 1
2257 2257 137
2258 4742 1
2259 2259 11
146 1125 1
2260 3981 1
77 320 9
270 270 168
2261 2460 1
2262 1471 1
424 424 22
2263 4742 19
2260 4742 2
1237 4742 49
2264 4742 1
2265 4742 35
1343 4742 49
1702 1702 74
1444 2211 2
2266 2014 13
903 1758 2
2267 2773 4
2268 4742 8
1109 4742 102
1009 3615 9
2269 2269 416
1 1776 2
2270 2270 2
2271 4742 2
692 692 1384
848 947 3
2272 2903 3
1745 1501 3
150 1175 4
2273 4742 2
1133 4742 19
2274 2892 1
1201 4285 1
2275 4742 26
28 1152 2
2276 4742 53
1204 3928 1
2138 305 10
2277 4742 1
958 2882 1
2278 4742 1
994 242 5
98 2535 1
2279 4742 25
2280 1419 9
2281 3380 1
2282 2282 12
2283 4669 5
1043 1419 7
2284 712 1
2285 3324 1
2286 4742 8
188 1260 13
201 4661 1
931 4498 2
2287 4742 1
2288 2102 5
502 4742 9
1801 1801 1736
2289 2289 17
2290 344 1
640 1811 2
2291 4742 1
2241 2241 363
330 1350 2
2292 4742 3
2038 4742 52
2293 326 1
691 2548 1
1201 1201 1292
1931 1931 1799
2294 246 1
798 4213 4
618 4742 102
2295 4742 10
1662 4742 8
1595 4742 147
2296 425 8
599 584 1
1578 4742 8
1716 2635 1
977 4742 8
1887 785 14
2297 4742 1
2298 2021 4
1508 1449 3
2299 2083 1
1624 1624 42
2300 2300 4
2301 2301 66
559 559 8487
2302 4742 2
528 2701 1
1148 384 5
2303 2303 360
2304 2838 2
144 3866 1
1786 1391 1
2305 4200 1
2306 4633 1
1882 2087 1
1557 1714 4
1586 3747 2
715 3463 13
2307 4742 50
466 4742 27
862 862 4867
2308 2308 2075
2309 4418 32
89 4742 86
2310 2310 15
1254 985 1
154 1785 19
1183 2337 9
2311 2311 53
627 627 90
2312 4742 1
2313 4742 7
2314 2314 38
1761 1623 2
2315 4742 1
2316 1721 2
2317 3830 3
2138 1184 11
109 2001 26
239 239 290
2318 191 5
582 3621 1
96 4742 8
2319 4742 4
1160 212 1
508 3695 1
2320 4742 1
503 4742 105
2321 4742 1
456 4742 567
2322 2323 2
2323 3828 15
489 3004 1
725 133 3
2324 2699 1
226 226 1986
539 253 6
346 346 10292
2325 4742 105
2326 2294 1
2327 3765 2
2328 4742 1
188 1206 17
2329 3329 1
2330 4742 1
107 107 567
1595 397 9
2331 4742 10
2332 4742 7
2150 1738 1
2317 4742 194
930 4742 101
323 3851 1
1691 4742 31
2305 4742 6
1296 527 1
1107 2791 8
2333 228 1
2334 4742 6
261 3144 1
1790 594 5
1295 1295 500
2335 4742 3
1189 1189 1364
2336 1957 1
1353 4742 7
436 418 5
1417 4130 4
305 1509 24
1448 1521 5
2337 3831 2
2338 2447 2
1462 3208 1
765 3474 1
1170 4179 1
2339 4742 3
439 1941 5
2049 645 1
2107 2775 2
1547 1546 2
2340 2340 6
321 967 5
510 4405 1
2341 2836 1
1573 1573 2607
2342 4742 2
1811 2405 1
1836 4356 1
2343 2343 96
1036 3394 4
2344 4054 1
1885 4466 1
1992 1032 2
1260 1260 7905
901 1800 1
2109 4742 2
422 1212 1
727 4742 34
1242 1242 1600
399 4055 1
2345 4742 1
2346 4742 1
2347 4705 2
1061 311 1
1329 1329 225
2348 2113 1
1290 2079 4
2349 2349 1
2350 904 1
900 454 1
940 4742 14
2351 1861 1
505 143 12
2352 2352 6213
2266 2266 12200
678 1103 5
2353 1604 1
1772 4742 8
2354 2684 3
2222 1655 8
1852 2612 2
2355 4742 20
2166 4742 4
2128 1853 1
2356 1271 11
497 1104 2
2357 2357 15
1515 513 2
2358 3740 1
2359 4742 1
2360 2360 138
1232 295 4
2361 4742 4
2362 4742 4
2363 4742 5
2364 2364 382
2365 4742 1
924 267 1
1672 4554 1
2366 2366 4
1755 2094 2
559 225 5
2173 1170 2
2367 4742 17
2368 4742 5
442 4377 9
2079 1063 4
2369 4742 4
518 3639 1
138 511 2
334 2396 1
1773 947 8
2303 3144 1
22 22 1024
1911 1460 2
2370 386 1
722 190 2
2371 4742 16
1120 3742 1
267 1215 1
2053 4555 1
2123 1130 2
687 687 5348
2372 4742 2
2373 4742 2
2374 2374 23
2375 1337 2
2294 2623 1
2376 4742 9
504 504 1473
653 4428 1
1940 4742 62
1434 3546 1
2377 4742 27
1981 1981 2970
2378 3963 6
2379 2379 43
2380 3184 3
372 2231 4
2381 4742 3
783 1144 3
2382 2382 131
1467 4742 30
2383 2383 1126
2384 3115 1
2385 1571 2
2386 75 2
2287 2287 10
2387 4742 1
2344 3652 2
621 213 5
2388 2609 1
1836 3706 1
2389 4742 5
1101 4428 11
586 2352 2
2126 4742 1
2390 2390 35
1350 1736 1
2391 664 1
612 2046 2
2335 4671 1
2073 4742 1
2392 4742 1
2393 2393 1
444 444 69
2394 4578 3
1894 4742 358
2017 4742 133
2156 258 1
307 2042 1
1338 1338 755
2395 4742 3
1460 4742 2
2396 2396 46
2397 4742 8
2398 4742 1
2399 2399 21
1871 2274 3
2400 2400 27
2294 2112 1
1780 396 3
2072 4742 1
2030 1968 1
2401 2401 95
854 3228 3
307 3506 1
2402 2402 85
2403 4742 4
1692 1282 5
1828 1822 1
928 1081 1
2404 4742 3
2405 4742 6
1822 1647 6
2406 2406 8
1086 2980 2
2407 2407 74
430 430 2185
184 2512 5
2408 4742 2
2409 4742 125
355 46 1
2410 2410 8
691 3994 10
217 1398 6
274 2199 1
2411 4742 3
1255 998 1
2342 3389 1
1897 4742 91
1242 2330 1
1588 1726 2
1236 1236 1639
2412 2412 8501
2413 4742 1
1080 492 7
2414 4742 5
1956 1956 38
707 760 6
2415 2415 1865
823 1673 3
2416 292 8
2417 4742 3
2418 2418 32
2419 906 4
1853 2714 8
2420 3109 4
148 2503 2
1828 1236 1
2421 1101 13
2422 4742 6
2423 4742 1
2424 4742 14
1758 4742 15
204 4123 1
2425 4742 2
1228 2071 5
1058 1767 1
2426 4742 28
123 4742 58
1810 1184 3
2427 2427 3
735 4742 1
2032 4742 106
2428 3290 1
2429 2429 2
2430 4742 1
2431 4742 1
2432 494 1
2433 2433 15
1413 3240 7
589 2190 1
1745 4742 260
2434 2434 3
2435 4742 1
1045 283 1
2436 2199 2
2437 2437 142
2438 4742 114
1907 1618 2
2439 4742 6
2440 2440 32
2135 157 4
420 4411 1
2041 4742 6
2441 4742 28
505 556 15
883 3226 2
2442 4742 1
872 4742 3
2443 4742 12
2444 4742 11
2445 4742 7
1638 1178 2
2446 4742 3
2044 4274 2
2237 3593 1
1782 138 4
321 1785 6
1686 1686 8
754 4742 4
2447 4742 2
2448 4742 4
2449 4742 2
2450 2135 9
2129 2099 1
1509 4742 242
471 2422 1
2451 420 1
2452 74 3
2453 1968 5
80 2463 2
1644 1875 8
2454 2454 190
270 3420 1
2310 4742 2
2455 4742 10
2456 3041 1
824 1728 1
2457 4742 1
734 678 13
1025 1322 3
1711 1711 657
2458 2563 2
2459 2464 1
2460 337 17
2461 2461 1715
1271 1647 6
1652 3333 1
2462 4742 1
1842 1842 2018
2037 4742 5
2463 2463 6
2464 2308 2
2318 4742 110
1992 3349 2
2465 2047 1
937 4127 2
2466 4742 2
2467 4742 4
2468 2468 493
888 3119 3
881 4742 9
2469 4742 1
2210 2210 474
1265 1907 1
2356 4513 10
1561 3061 8
1710 1710 21897
525 548 42
2045 4071 8
2470 653 3
563 1782 4
2188 2307 2
2471 4742 2
2472 1001 2
2473 4742 3
310 2827 6
259 549 2
2474 1026 1
1874 4742 26
1132 1262 1
596 2999 3
2475 4742 13
2476 3764 1
2477 4139 1
372 1100 5
2478 4742 45
1974 4742 9
344 4742 61
818 1878 1
1156 3103 3
2479 4742 37
1266 1293 3
2480 4581 1
1024 456 2
2481 4464 1
794 4652 2
372 4742 141
2482 4742 3
1875 1401 12
2483 2483 117
1311 4742 4
2484 4742 1
2485 3531 3
2486 2486 4899
2487 4742 3
2488 1984 3
1670 1670 1487
185 185 1372
862 2766 6
520 74 1
2242 2710 3
2489 4742 6
2490 4742 3
1692 710 2
1465 4742 11
2491 2491 184
2492 1140 1
1349 2244 2
3 3 2948
603 815 4
1638 596 1
2110 4464 1
1411 3879 14
1283 4742 357
1548 1066 2
2493 129 1
2494 4742 1
2495 1788 2
123 2100 1
1419 4742 172
2496 3255 3
2290 3019 1
1405 4571 1
1158 754 3
903 784 1
2497 2497 13
2498 4742 9
1535 1535 238
822 822 393
2384 4742 2
2499 2499 3
2500 2500 556
1183 1593 1
2098 1200 1
671 4172 1
2501 4742 3
1315 1814 3
2502 4742 9
1692 482 9
1835 344 1
1908 2051 1
2503 2331 2
860 4742 135
1009 2016 3
230 1603 14
1917 4024 3
808 1353 2
2504 4742 1
1400 2218 3
2505 4742 3
2506 4742 20
2507 4742 1
907 2680 3
1442 4742 116
912 4742 1
2508 4742 10
2509 129 2
2510 4742 1
516 3379 4
1594 194 3
351 351 350
2511 4742 1
770 3788 1
2512 4742 5
2513 1708 1
1208 4742 5
1159 2305 1
2514 4742 11
1600 4742 26
2515 1780 2
410 1672 2
176 3415 1
2516 1483 2
492 492 5410
1037 4610 1
1049 4742 165
1172 3001 1
1793 1793 481
527 4742 43
2517 4742 3
97 4742 18
2518 4742 3
54 1663 5
2519 4024 2
1590 4742 307
2220 4742 18
881 708 1
767 1009 1
2520 4742 67
539 4742 262
827 268 1
2521 4742 4
804 2318 10
2522 2522 272
181 425 1
2098 4541 2
2523 2523 1
2524 2524 13497
149 309 1
2525 2525 139
2526 4742 3
854 2450 1
2527 4742 4
1837 1347 1
2045 173 5
703 4742 17
477 2649 2
393 919 1
2336 4742 7
2071 641 4
734 734 21615
2045 4693 2
2358 2955 1
903 4742 199
580 4742 1
1786 1951 1
2242 4742 94
491 491 680
2528 4742 1
2529 4742 2
2530 306 6
2531 2531 33
2254 4742 10
2532 4742 3
2533 4742 4
2534 2534 41
1866 1288 2
2535 2535 310
61 847 3
2536 4742 3
1069 1873 3
916 4742 35
2537 4742 3
2538 802 1
635 4742 3
2539 4742 1
2540 4695 5
2541 1260 2
2002 4742 8
2542 4742 2
2543 1542 1
1129 775 1
1184 4742 292
544 972 1
2544 2544 566
2545 3688 1
575 1893 11
2546 4742 1
739 1544 1
2547 4742 8
614 2020 2
2548 3310 1
2549 4742 1
1324 4742 13
1127 1598 1
1599 4742 36
2550 4742 1
2551 2551 4
265 4446 1
1990 2460 14
732 3882 1
2552 2380 1
766 766 106
2553 3910 1
2554 2554 15
198 2091 1
2555 989 1
1250 3479 1
421 2843 1
2043 6 18
1791 3227 1
2556 2556 8
2557 2557 92
2558 4742 336
2421 2352 12
748 1952 1
2559 4624 2
1134 283 1
2219 4742 12
2468 4742 15
1347 4742 3
2090 1644 3
1615 1427 11
2276 2636 1
2560 2560 72
164 764 1
674 3583 1
2561 4742 2
797 2095 1
2427 4742 1
578 3348 4
2562 2562 150
2563 2563 7831
1656 933 1
2564 4742 1
222 4742 106
999 2135 13
2565 1875 2
1132 802 1
2566 2567 1
2567 2567 27887
1291 1291 1237
992 405 3
797 4742 83
2568 4742 1
2103 4742 1
2569 4742 5
132 4742 79
575 4742 417
2570 2570 6660
2571 4742 37
2572 4742 1
692 254 2
2573 4742 1
1862 3122 1
2107 2107 2321
2574 2574 45
1179 4742 18
2575 4742 48
27 3374 6
2576 1220 4
654 1781 13
920 4729 2
524 2622 4
1061 763 2
2577 4742 24
2578 4742 2
2579 2579 18
2500 1828 1
2109 3585 1
1074 4742 21
1395 93 4
97 97 674
2580 2580 9
1498 784 1
2196 4129 3
1724 4742 4
1639 2827 2
2541 4742 9
2581 2581 196
213 2855 4
2582 655 2
1272 3468 1
2583 2583 242
2584 4100 1
63 2914 1
2585 2585 3
2586 4742 1
1477 1477 1551
2587 4742 1
2588 4742 297
832 832 1270
2589 4742 5
2590 4742 2
2591 4742 8
632 3498 33
2592 2592 83
2593 2593 382
2594 2594 18
889 4720 3
2595 4742 1
1015 1015 5519
2596 2596 27038
1968 4742 201
350 1091 3
2597 769 4
1378 242 1
331 3156 3
1382 4612 2
58 58 287
390 4082 6
2598 4742 1
2599 3899 1
902 902 333
1839 1872 2
1110 4742 4
2477 2018 3
1975 4742 2
2600 4742 1
2593 939 1
1121 1593 3
1949 4742 46
779 556 2
2601 4742 1
2199 3800 19
2326 327 2
2602 4742 1
2603 2478 22
1014 1867 2
2604 2915 1
1680 1680 7168
2605 741 2
2606 4742 3
1741 2788 2
2607 4742 1
2608 1267 1
1348 2244 16
2609 2609 189
1979 4742 11
2610 4742 2
676 4280 9
2611 4742 12
2374 1474 1
115 2864 1
1906 1767 3
1728 4742 2
2612 4742 2
102 1707 9
2007 353 3
2347 4089 1
1316 1316 64
816 2144 1
2613 2732 3
1361 4742 27
418 1822 4
2614 4742 7
1078 1033 4
2615 2615 1772
2616 4742 1
2617 2617 34
2128 2128 818
2618 3973 3
2619 2917 1
2620 4742 14
208 4742 103
2621 4315 1
1839 1839 326
2197 2613 5
2622 4742 4
2503 4742 46
2623 4742 58
2624 4742 3
2625 4742 1
2626 4742 28
2627 2627 31
2628 4266 1
2629 2629 15
310 1036 6
833 4483 16
209 2032 2
2630 2630 114
2631 4742 1
1549 4498 1
2632 2632 21
836 836 2
1848 1015 1
2211 1260 2
1917 1917 1364
1332 2975 1
730 4648 1
2633 1516 4
2634 2634 37
2223 2201 2
665 2686 12
2635 4742 10
1362 3959 1
2453 3770 3
2636 3079 1
420 2269 1
1656 2570 1
1690 981 2
152 3213 1
2637 80 1
2426 2426 1
2638 4742 1
2639 4742 1
1345 4742 4
2640 4742 7
1417 4325 7
2641 2430 1
2642 4742 1
2643 4742 1
1649 4242 1
2644 1206 1
1628 4742 196
2450 4240 3
2645 4742 1
2646 3497 1
1807 4742 306
92 1353 2
187 212 1
1041 4742 53
2647 4742 2
2648 2648 783
2649 2649 18
2650 4742 3
2120 3218 1
2651 4742 1
989 3887 2
49 4742 75
2652 4742 1
143 133 19
823 1110 1
481 4226 2
289 2811 1
723 723 358
706 3601 2
2653 2653 1
2654 3785 1
2655 2842 1
2194 2194 1772
2199 4742 625
2656 2656 40
2657 2657 19
482 2195 1
552 1813 8
527 1335 2
2083 395 7
194 4558 4
1270 1270 4691
210 3712 2
1606 1606 11730
2325 1195 5
1197 1197 152
2534 4742 4
1799 531 3
2356 2356 7013
2658 4742 1
205 2879 5
436 2172 5
2628 1001 2
595 3258 10
433 433 11158
2659 2659 50
1112 4742 1
1024 2268 8
2660 1685 6
2661 4742 7
2636 4742 17
2662 4742 1
2663 2663 147
2664 4742 4
1843 4742 3
606 604 15
977 3682 1
2665 2665 3
2666 4742 9
1589 4742 8
2667 4684 1
2668 4742 1
2669 4742 1
1633 4396 1
516 3698 2
2293 1322 1
2670 4742 4
2671 2774 1
2672 2672 195
1502 3432 1
2382 365 1
139 2147 2
2673 145 2
2603 2575 30
295 1887 4
1335 1335 4360
639 565 15
1500 2891 6
897 1956 1
77 932 10
2674 4742 10
1661 1661 1927
628 2816 4
1339 1550 1
2675 4742 2
1516 3717 7
1096 4742 284
2676 512 1
2110 4742 13
1116 716 1
1926 4742 16
1170 4742 150
2266 306 3
143 143 35088
2677 2334 6
132 4703 2
2678 2678 23
138 4742 254
2679 4742 1
782 4742 224
2680 4742 3
1237 3933 1
73 3797 3
2681 4742 1
1773 2253 6
393 1912 1
2682 4742 2
1911 3289 1
2683 2683 120
1616 4742 1
1043 3598 6
2684 2684 4140
2685 4742 2
2686 1835 9
839 1611 7
2687 4742 1
1493 2802 1
419 4742 34
1727 1790 1
1262 2154 2
3 1334 6
2688 4742 8
2689 4742 4
581 241 7
928 3260 3
1573 3787 5
2014 3768 4
2690 2690 3614
356 1018 2
2691 4742 77
658 4742 3
2692 4742 1
1062 1773 20
1199 1199 16783
1510 2283 1
2693 4742 1
2694 4742 1
2458 4742 31
2050 2050 2
2605 4742 6
2695 4742 6
1614 888 2
559 1545 4
2696 4742 7
2697 4742 7
764 3082 2
2698 1164 1
704 1448 3
1502 4742 16
2699 4742 3
2700 4742 2
2152 3519 1
1229 3234 2
2701 2701 193
2506 2506 544
606 1835 11
1175 4742 100
2702 4371 1
1435 2700 1
780 671 1
1045 4312 2
2703 1931 1
1043 1043 6000
1290 4742 88
2704 4742 34
2705 4742 4
2706 4742 2
2707 4742 282
2016 1968 25
343 1031 2
594 4742 13
1126 1987 1
1237 1109 1
2266 903 2
2054 638 2
527 295 2
2708 4742 2
1942 1856 1
1389 3544 1
2280 605 7
2709 3358 1
2710 2020 1
136 632 2
2221 986 1
2477 4742 81
1354 4742 85
952 2894 2
1712 334 4
84 84 588
2284 2284 28
2691 1048 2
2711 4742 2
2712 2712 21
2713 2713 106
1145 4710 3
2714 1822 1
2715 4742 5
2496 3860 1
1299 4742 16
1639 4742 23
2308 4742 58
2716 4742 2
2255 3098 4
2717 4742 3
611 611 19302
2718 4742 4
1573 3447 1
236 3580 9
2436 4742 61
2719 4742 5
2274 2274 1313
324 165 5
2720 4742 2
1673 4742 5
988 432 1
2721 2721 1
1355 1870 5
2722 1927 4
433 3098 12
295 295 4078
639 2558 17
2723 2723 91
1507 2930 1
506 4197 1
1572 4230 1
2420 1697 8
641 4742 128
230 230 12907
2724 4742 2
2558 3458 12
1755 1356 4
1806 3522 1
1036 261 5
2725 4742 2
1692 1727 5
1710 1238 21
2288 61 3
1200 1142 9
1032 4204 1
2726 4742 1
284 284 264
1641 1641 155
470 3412 1
1973 1973 274
2045 1759 3
2727 2727 1
2728 2728 1015
2729 4742 1
1374 1374 191
1186 1186 44
306 947 2
448 4204 2
2325 2110 6
838 1454 1
889 4742 58
406 3310 1
2730 4742 1
311 3454 1
2731 2731 34
373 1758 1
2272 2272 328
2493 2007 1
1252 2409 1
2732 4742 3
241 793 1
1542 4742 6
2733 4537 1
2734 4642 2
311 17 1
602 499 1
2013 2089 20
1155 2674 4
1910 4742 7
2735 4742 1
2736 2736 642
1704 1009 11
1584 188 3
1263 3248 1
2737 4742 2
1531 4742 2
2229 2486 4
2738 109 1
644 3437 1
2739 4742 1
2740 2265 1
947 947 3886
425 4670 1
2165 822 1
496 1655 5
2741 4742 1
1738 4742 6
1464 1464 7
987 805 1
2742 4742 2
1183 2376 5
1002 1002 988
2743 762 3
1434 2483 1
2544 4742 20
810 3626 1
2719 3102 1
279 44 1
1668 3662 1
2673 2673 52
1948 1948 12
2744 2744 179
2745 4742 3
2177 438 9
1416 4742 25
1858 4742 4
548 50 8
2746 4742 4
2747 1684 1
846 2781 16
2748 4742 3
1277 2698 4
387 242 6
187 4742 95
23 2437 2
2354 4719 2
2541 3286 1
2077 2794 7
861 1436 1
2107 2216 1
2570 3955 5
2749 2749 160
2750 1462 3
2751 663 1
84 2688 1
734 84 9
73 4217 9
323 323 350
2168 2944 4
188 833 22
2752 2752 14
2753 453 1
838 2750 1
729 4742 204
2740 2740 571
242 242 34497
361 2541 3
1116 1116 800
2754 4742 4
2755 1254 1
562 2555 3
2756 2756 425
2757 2757 5
1148 4742 420
1664 4566 2
804 4742 424
2008 4742 25
1342 4742 7
1836 2269 2
2758 4742 1
603 603 2145
2759 2759 1706
2760 4742 3
2761 4742 1
296 4602 2
2762 4742 63
2763 4742 2
2764 1017 2
2765 4742 1
2563 3355 4
1845 4742 282
425 425 466
929 4742 1
111 111 607
2766 133 1
1376 1376 6011
144 2744 4
2767 4742 6
2644 4733 1
19 4742 113
2110 2630 1
2768 2768 107
1266 1607 5
598 2177 18
2599 3842 1
1229 4742 123
2769 2397 2
2485 2485 930
727 2897 2
821 4742 83
1164 4742 4
1587 605 3
398 398 2420
2770 928 2
2771 4742 1
1122 4402 1
759 759 12
2772 3305 4
1340 1340 1
1762 833 1
947 4742 129
1588 4742 1
1220 1220 14884
2235 421 1
2773 4742 10
1636 418 4
2774 2033 2
197 197 866
2775 4742 69
2177 1546 7
2776 2776 19
1336 514 4
2623 1348 4
2432 4742 23
2175 2175 58
2777 2777 144
1205 846 1
758 25 1
2734 2734 1050
2778 2778 131
2779 740 1
1014 244 2
1894 3511 8
1664 1431 1
2780 4742 5
1253 3387 1
2781 4298 34
2782 2261 1
2783 4742 1
422 3282 1
2784 4742 1
1363 4742 11
1628 583 8
1781 4627 3
2785 4742 1
1262 905 5
2637 2951 1
2786 2786 172
2238 2238 154
1745 492 7
222 1598 4
655 176 1
496 4742 206
859 1343 3
74 74 1311
877 877 33
2787 4742 1
840 2602 1
582 4267 1
881 2143 1
2436 2436 2375
1369 1369 856
138 4606 2
2788 4742 2
2353 2353 31
2789 3523 4
35 4742 10
524 465 13
1140 1140 21305
2790 2790 58
392 3003 4
2444 2444 402
2791 887 88
2792 4742 2
1977 1977 194
136 136 1314
2793 2793 966
302 662 1
312 312 3876
93 4477 2
2794 4742 107
1425 4742 230
746 1801 2
2795 2795 14
480 707 3
614 3505 1
2796 2796 13
1114 4742 22
2797 4742 31
1388 4742 43
2798 4742 1
547 4742 9
1302 2905 5
1091 1473 6
1492 1667 2
2296 233 12
2799 2799 20
2800 4690 2
2801 4742 1
2802 4742 1
1648 3441 5
1579 1281 1
2655 4742 26
2803 1704 1
2728 1196 4
84 417 1
235 1965 1
2646 1940 2
2804 2804 2
481 1221 4
865 3082 1
2154 4742 6
2805 1509 15
2806 2806 129
723 876 2
859 3066 2
1041 1041 2140
2476 2476 60
1561 2280 10
2094 2096 2
2563 3618 5
2807 4742 1
356 3512 1
157 157 11634
2571 2571 1149
2808 4742 4
105 105 69
1935 1935 5052
704 4742 115
2809 4742 2
2810 4742 4
2811 2811 23
1427 269 1
1828 2485 2
2812 4742 1
1065 3503 1
1173 492 1
708 528 5
103 103 26938
2813 4742 5
1388 1388 1496
2814 4742 1
943 4742 3
1473 4742 95
2135 4742 114
754 754 47
2815 4742 2
2180 2180 1285
2816 4742 10
2817 4742 72
2818 4742 7
56 496 1
2123 2123 1167
2819 4742 5
2350 571 3
2820 4742 6
453 2684 2
2821 4742 17
87 87 823
2822 4742 1
423 3007 1
1525 4742 34
1802 1525 1
2823 2823 4
760 4086 5
1408 898 4
2824 891 2
1318 1745 2
2825 4742 20
1419 980 5
2350 2350 2236
2826 4742 6
713 4573 2
349 2358 7
1738 1738 173
1893 1893 4485
1194 4742 15
828 2873 2
2827 4742 53
2828 632 2
2829 4742 1
43 991 1
450 283 5
838 369 1
2308 67 1
311 4742 40
2076 4742 36
821 4228 1
2830 2830 42
2116 3098 1
304 140 2
2709 2709 174
2831 4742 1
1145 2722 4
2832 4742 14
87 901 1
851 851 604
2833 4742 6
2834 2834 892
2835 677 1
2836 2836 213
2829 2829 24
2837 3697 1
2077 2207 3
574 574 39
1211 3230 3
72 3716 1
186 1161 2
1052 4742 13
2838 4742 7
2095 2095 16
1803 2412 16
38 715 5
562 1331 5
493 432 1
2818 402 1
2293 1325 1
2839 3810 1
496 595 3
1524 3551 2
2840 4742 3
1141 827 4
2543 2543 12
2841 2841 21
1055 4207 1
2842 4742 2
52 52 1003
1790 490 2
2843 4742 2
1041 1606 4
517 2405 2
2520 2520 2147
2844 4742 1
1444 4742 82
750 512 7
2845 2604 1
1523 4742 42
2846 4742 2
576 1874 2
2283 2206 6
344 344 1851
1513 3020 9
612 1269 1
1429 3212 1
1346 4742 32
916 296 1
1405 4742 15
2847 2847 67
285 285 10581
1334 1553 29
2848 1268 1
1659 3336 1
2849 2498 1
922 1972 1
979 3569 5
654 2453 12
2850 4742 3
783 4742 114
660 1046 6
1085 391 1
1590 1822 13
2851 4742 3
328 3752 1
152 152 2010
2852 957 1
2853 4048 1
2854 4742 7
2692 2692 11
2855 1232 3
1304 1597 1
1037 1252 6
2856 2856 18
2266 3435 6
1235 1235 391
2162 2162 247
204 2206 5
1218 1218 173
859 528 2
372 319 2
1078 981 2
514 1028 1
2857 2857 78
2858 1479 2
1187 2954 1
2593 4742 14
2859 3509 1
2860 4742 1
2219 1636 1
1992 4742 91
2861 4660 2
2646 2639 1
741 4742 5
1046 2009 6
584 1352 3
103 2147 13
2596 4742 696
1429 1284 1
910 723 4
1760 1760 357
2170 2485 1
921 4742 162
1469 4742 14
1634 1634 1
1087 2323 4
2128 3774 2
1720 1720 16
2862 1158 1
2341 908 1
2863 4742 6
2032 337 4
1977 1394 1
2620 2620 443
614 4742 57
2864 2864 235
1852 4742 68
2163 4742 1
2865 4742 1
897 752 4
2197 541 2
1378 2210 1
1727 3142 1
968 4668 2
2866 4161 3
593 593 184
880 1616 1
2867 267 1
2868 4742 3
2835 2720 1
846 2704 12
2869 2869 4
325 2956 1
2476 4742 2
2870 2870 57
2871 1523 1
285 2559 8
666 2620 4
2872 2872 4
1863 1863 383
229 4742 341
235 2116 1
2873 4742 2
552 2566 5
2874 4742 1
2875 2875 198
302 1711 1
1032 1032 480
290 4742 7
2876 2876 111
2480 2480 511
1425 1425 8159
2422 1828 1
2877 4742 1
2294 4742 5
1767 4742 6
2466 2466 71
2878 4742 1
2879 4708 2
2605 109 1
1862 2244 2
2880 2880 27
2881 4742 2
435 4742 9
1276 1276 662
2882 4742 2
204 2603 1
2883 3705 10
87 1374 1
2284 4742 4
2884 2417 3
2885 4742 1
2416 2967 16
769 769 313
2052 2052 24
1080 4742 467
2630 4716 1
487 2991 4
122 122 4524
2070 2070 10018
261 4439 1
1507 4168 2
1415 2470 1
395 395 4399
2886 2886 1373
2540 1474 1
2755 1115 2
2608 4742 8
1531 3302 1
1845 1845 10512
2006 1400 1
1729 1547 3
175 3055 4
1712 744 3
2597 668 5
269 4742 50
646 1810 17
2275 60 1
454 454 94
56 1173 3
2887 2845 2
2888 2888 113
2889 4742 1
2827 2827 2393
1783 4688 1
1309 1309 97
2890 713 6
907 933 2
2891 1598 1
2278 2278 9
349 4742 575
2162 4742 11
927 4742 22
1058 1058 916
797 1183 2
1560 4742 37
1993 1993 40
2323 4742 293
1417 4742 184
1637 1637 1789
571 466 2
2892 4742 13
713 20 1
2767 3429 1
762 2393 12
2893 4742 7
1618 2728 5
1455 2460 2
1049 1259 1
1818 3008 2
1570 3046 1
554 2673 2
634 3021 2
2455 2455 221
1873 2372 2
1107 4742 175
2425 2425 13
2894 2894 62
1466 2313 1
2276 573 4
1656 2378 2
1074 1552 4
1979 1979 388
1992 3967 1
1601 460 1
646 1114 8
2181 3018 1
939 1729 11
2895 4742 1
2896 2294 1
1065 4272 1
1209 732 3
396 278 4
1381 766 1
1714 628 8
50 4742 8
427 1419 2
692 2716 1
1941 1941 8200
2769 2506 1
1575 54 1
2897 3189 1
244 898 6
2898 4742 2
434 3285 3
2899 3011 1
644 4401 1
1061 4742 183
1622 372 9
2900 4742 2
801 3319 2
2901 2633 4
2902 2902 7
675 4352 3
1584 2936 2
2420 2570 4
2903 170 1
2904 2904 282
2235 3239 3
2905 4742 5
2098 2173 3
1693 4742 22
2906 2906 472
1400 3726 1
2323 1771 7
1880 2799 1
2046 2679 1
64 3240 2
2441 2886 1
2907 4742 1
2800 2800 676
850 4182 1
1942 1942 1333
2908 2494 1
729 4680 9
2909 4155 1
2288 4742 93
696 1444 1
2910 4742 1
500 3500 12
2805 2577 20
1053 4742 8
2911 4742 1
2912 2912 7
2913 3059 2
1322 2044 2
2914 1897 3
2915 2915 11
2866 4742 35
170 3534 1
489 3261 1
2916 1478 1
287 287 114
2855 1423 1
431 431 301
2917 2169 1
2918 4742 1
1452 708 11
2020 4224 16
2919 4742 10
1178 1178 433
452 452 174
313 2972 1
2920 2920 5
810 2239 2
947 348 1
1273 1273 230
1283 111 7
1382 4347 2
2375 2375 395
128 241 1
701 3504 1
2585 4742 1
1230 889 1
770 3565 1
2597 3678 5
2921 2921 209
913 640 1
376 4742 11
1296 1885 3
504 3205 3
2922 4742 7
2923 4742 1
2924 2924 30
2714 2714 2638
1707 493 5
1265 2515 4
2925 4742 1
398 1540 2
2793 326 2
2926 2926 3
1352 4742 8
2927 1348 9
2460 2001 13
298 4742 17
1858 1858 142
1870 3195 4
281 4742 1
2928 2928 56
2929 4742 1
2930 4742 1
1648 3220 1
2931 2931 397
1279 4742 1
2932 4742 21
2548 4742 37
2933 2933 45
2558 2558 11625
2120 537 1
2559 3550 1
2934 4742 6
714 123 1
2935 2142 1
1614 1614 782
1002 3808 3
1235 3579 1
2070 492 10
764 95 1
701 701 589
2936 4742 6
2299 4742 61
33 313 6
1990 715 27
2764 3238 4
1668 1668 1983
1307 792 3
626 90 1
675 927 6
660 1043 4
2800 4742 28
2852 1404 4
2390 4742 1
21 111 3
46 4742 38
1040 2206 25
2937 4742 5
338 3262 5
1463 635 1
33 1886 11
2938 4742 6
851 4361 1
2249 2324 2
2669 2669 23
2337 4742 81
2939 2939 67
252 252 74
2940 2940 23
2185 2185 181
2805 2412 15
2267 4491 2
306 2013 1
2941 2941 130
1331 2266 27
2942 4742 6
2943 4742 2
2784 2784 5
534 295 16
2944 1145 5
2945 4742 2
1282 576 3
2946 4742 5
2815 2815 47
2947 2947 1
2211 2808 4
2948 4742 1
208 2505 3
639 4742 387
2949 990 24
330 2954 3
1579 1579 38
2201 2201 187
1435 4742 77
1354 335 2
182 4742 101
406 4742 73
2227 1986 9
1758 1758 734
576 426 2
2950 4742 4
2951 4422 1
2337 1641 1
503 155 1
1655 3986 7
1349 1349 2924
333 1949 5
1074 1074 993
272 4742 11
183 183 130
2952 4742 14
548 1729 4
542 4742 173
2953 4742 1
2954 2954 54
2955 2955 259
2956 4742 9
2935 2935 117
2588 1040 13
2957 4742 1
819 4742 14
2958 1997 1
2959 4201 1
2960 4742 6
2961 623 1
1007 4023 9
1862 4742 22
89 1480 5
1631 1909 1
2962 4742 85
2963 4742 2
632 2596 26
2964 4742 2
2772 3763 1
1255 1255 1714
2965 2965 726
2966 3714 1
546 1644 6
752 4623 5
2917 1379 1
1596 4742 17
925 925 731
1786 2548 1
539 675 6
1738 264 2
381 1369 3
2967 4742 16
1745 3240 3
2699 2699 74
1661 1936 1
2224 3584 1
2968 4742 1
2775 2775 2648
67 1401 15
2969 2969 2
2970 4742 1
1067 2543 1
2806 4742 4
1356 2016 1
1317 1998 1
2971 1927 1
2972 1891 10
2973 2973 515
2974 3366 1
2123 693 1
528 1621 1
707 4487 7
948 1951 1
2975 4742 6
2920 4742 1
2524 1802 5
1550 1550 13
2524 1773 8
655 4742 44
1807 2107 7
1199 3062 6
646 1247 14
168 168 31
1137 607 2
1692 195 6
1710 2927 26
2976 2976 398
1331 1692 29
1259 4742 65
2298 4742 178
2977 2977 3
1210 2736 3
1546 335 6
1249 4742 19
361 4742 46
1415 2724 2
2828 4742 14
2223 1414 4
1650 64 1
816 712 1
2049 2049 1337
2978 4742 3
1071 4742 115
559 398 3
1101 932 10
798 2338 6
2821 2821 713
2979 4742 2
969 969 211
2980 2980 115
2981 4742 27
122 719 2
101 4742 82
2982 1751 1
712 4742 83
2983 4742 3
2984 4742 2
1981 2571 5
706 4742 86
2985 4742 25
760 395 3
2879 1060 2
2986 415 2
244 4742 173
145 1920 7
2987 2987 1
563 563 9580
2988 3381 2
2880 4742 1
2767 793 1
1232 3067 7
257 257 82
1589 1589 288
305 4742 422
2989 2989 14
355 2328 1
1037 4742 27
941 272 1
2090 473 2
2990 4742 1
2991 2805 1
2992 1380 1
2914 2914 982
2861 2861 2435
1310 2537 1
2993 1337 1
823 3844 1
2994 4742 7
2995 2995 22
340 340 245
450 1107 12
2996 4742 2
1743 1190 4
2997 4742 4
2998 4742 1
1161 1161 14
2999 4742 3
3000 4742 11
2441 2441 842
3001 3001 4
3002 3002 37
569 1041 7
3003 980 1
3004 4742 1
997 4496 1
1644 4656 5
1363 681 2
1395 3267 8
324 89 5
3005 4742 4
2854 868 1
3006 4742 1
1456 1679 6
2438 4021 7
3007 2319 2
3008 4742 2
3009 3009 204
972 3581 1
646 606 15
1484 2370 2
1384 4742 182
510 2131 1
3010 4742 20
1354 3203 3
175 1737 6
884 884 236
3011 4742 48
506 506 70
3012 4742 1
1853 4742 271
2231 3972 2
3013 4279 1
2189 2189 379
824 1683 3
928 2144 2
979 3236 1
319 1652 3
229 2020 13
3014 1882 3
897 42 1
3015 4742 5
3016 4742 1
2707 437 12
186 686 2
1077 149 4
1819 3754 7
645 1764 2
1466 1024 2
857 4742 1105
2495 2495 3444
3017 4742 6
1756 4742 13
3018 3018 13
3019 370 2
846 846 10806
1251 4742 1
1425 3342 8
1557 4742 68
2280 2280 5510
64 4742 44
477 2691 2
1062 939 32
1712 475 3
435 435 361
3020 4742 10
1761 4742 18
1046 1046 8170
3021 1237 1
3022 4742 19
3023 3575 1
1530 1530 113
3024 4742 13
3025 4742 1
3026 2989 1
1373 4742 90
2772 3439 3
848 3633 1
3027 1384 1
2548 3479 1
3028 3028 79
873 942 38
3029 4742 8
1096 3024 11
1789 1789 1781
3030 3822 1
858 4742 2
3031 3031 13
2419 479 5
3032 3032 100
1693 4738 1
1194 544 1
3033 3033 479
483 1185 2
3034 4742 5
2509 338 1
3035 3035 22
2767 2767 241
83 83 2139
1819 1524 5
319 795 4
2306 1021 2
1698 1714 2
1219 4742 99
1452 4062 5
1516 1516 5166
3036 4742 3
60 4742 425
873 1334 43
3037 3037 3
3038 4742 11
3039 4742 6
2597 2182 7
927 927 620
2623 3653 3
875 875 2735
3040 4742 4
691 948 6
2743 2743 1978
1699 4742 213
167 4742 5
1090 2210 1
3041 801 3
897 4149 1
2250 1436 6
584 4742 15
3042 3042 102
1229 620 3
793 4525 1
2212 646 1
1334 887 22
3043 1488 2
884 4742 6
676 1660 2
3044 4742 1
344 4098 3
108 520 4
228 4742 32
2385 296 1
398 1565 2
1805 1810 1
875 4742 69
1301 4742 1
3045 4742 2
2102 2352 3
3046 4742 1
3047 4742 4
3048 3048 1
3049 4742 3
3050 4742 11
2446 2446 89
701 391 1
3051 4742 1
3052 1468 1
339 3071 1
3053 4742 1
3054 4742 2
2269 2976 1
3055 4742 4
2197 416 3
453 2626 1
2959 4742 34
925 2438 1
961 248 10
390 4742 94
3056 1916 1
590 3810 1
509 1502 1
1856 1008 5
44 2032 1
2971 540 5
3057 4392 2
894 827 1
2835 2835 250
675 1346 6
315 629 2
3058 4742 1
3059 4742 8
1681 4078 1
2588 229 17
3060 4742 68
1559 2179 2
430 1785 3
2845 2845 236
1388 1038 1
3061 605 8
660 4219 10
1522 1522 4821
1807 502 4
2766 4173 1
729 4208 11
1988 1203 2
3062 590 1
1988 3388 4
3063 616 4
2214 157 2
60 3510 8
3064 4742 1
2553 1753 1
1881 2619 2
140 93 4
2604 2604 397
237 1493 1
3065 2135 1
144 1726 1
3066 4742 2
1024 1219 6
859 859 2474
2242 2242 3652
949 2673 1
2055 2055 4
361 2618 2
607 4742 11
1183 1740 1
1603 1107 8
817 4742 3
1074 3079 2
3067 4742 8
729 729 7510
2993 4742 7
3068 3068 534
1304 955 1
529 825 4
2229 3301 1
3069 4742 6
3070 3070 7
2883 4742 369
422 4742 24
2111 4742 1
2230 2230 202
3071 3071 6
1918 1918 88
2201 908 1
3036 3036 39
2066 2066 396
1484 573 2
1037 974 1
3072 4742 1
1401 1401 7298
1205 1205 403
294 537 1
123 2030 1
1943 2831 1
3073 4742 7
1059 1059 1016
3074 765 4
838 2068 1
3075 4742 2
500 1618 16
722 216 2
283 1243 1
3076 3509 3
3077 3077 1
3078 4742 1
2558 1541 8
2660 155 4
1304 809 1
924 4742 16
318 4742 6
3079 1073 1
1155 1170 3
1148 1148 15264
2240 2240 798
3080 3080 92
3081 4742 8
3082 875 1
177 4742 117
3083 3083 45
3084 3084 25
3085 4742 1
3068 431 1
1049 3514 3
3086 4742 1
2522 4742 9
1827 1827 469
1941 166 5
49 3209 1
3087 3087 407
320 4742 86
3088 4742 7
1429 4601 1
868 3528 18
2972 2208 3
110 110 39
3089 258 2
810 375 2
195 4431 4
3090 4742 20
2006 2128 1
1712 1062 5
3091 4742 3
3092 4194 1
2961 2063 1
2316 271 1
948 948 1790
333 57 6
442 2901 11
329 4610 3
3093 4742 1
2805 1096 20
2105 2105 27
27 1197 7
104 4742 7
737 3588 1
2976 4233 1
3094 4709 3
544 1457 4
3095 3095 296
2385 2385 1865
195 97 2
3096 4742 6
2565 1569 5
3097 3931 1
2497 4742 1
2738 4453 3
2564 2564 2
945 109 17
3098 3098 8396
1480 1863 3
3099 3099 4
384 597 1
2337 2337 3047
3100 4742 12
2389 2389 107
3101 4742 6
1487 3771 1
654 4742 470
1052 1709 1
1781 3834 2
2333 1529 1
251 251 884
1712 101 3
956 3369 1
877 731 1
598 575 21
3102 4742 318
1726 637 5
1449 1449 3341
2194 2906 2
1396 1396 499
616 2506 4
1946 138 2
2265 4533 2
3103 4742 12
3104 4742 1
3105 3105 3
3106 4195 1
1984 1984 475
1488 1488 736
862 4742 148
1262 1982 1
103 4191 20
3107 3107 1
2412 20 10
2274 4610 3
1661 1705 1
3108 3108 208
903 1229 2
3109 4742 11
1145 3622 4
3110 4742 2
3111 4742 4
3112 795 1
600 870 1
3077 4742 2
1614 918 1
1091 1091 5716
3113 3488 1
3114 1421 1
310 1201 9
3115 423 3
3116 4742 1
525 525 87930
764 764 1483
1541 1541 1140
2560 246 3
3117 4742 1
3118 4742 4
1594 1594 2450
622 12 2
895 4742 48
3119 3119 1697
3120 4742 2
487 834 3
2340 4742 1
950 4742 11
3121 4742 3
3122 4742 1
3063 3063 1038
112 54 4
498 4595 6
3123 4742 3
3124 4742 2
1041 3747 3
3125 1756 1
865 1502 1
2352 936 4
854 2402 2
473 4742 36
2267 1128 1
1281 1458 1
2786 4742 3
2470 1488 3
2772 2350 2
3126 4742 8
2488 3914 2
3127 3127 77
2800 2193 1
2894 4742 2
3128 4742 6
1117 2307 2
567 4742 34
459 1246 3
3129 3129 16
1498 456 1
618 618 3142
3130 4742 5
674 674 1979
326 3847 3
897 4742 56
111 921 2
2791 4742 2218
3131 4742 18
136 4742 34
2239 1929 1
3132 1787 1
1835 278 1
163 1520 2
1016 2660 1
27 2296 11
592 1602 1
2641 404 1
242 4645 35
2519 2519 3868
349 1806 5
3117 3117 20
3133 4742 3
615 2929 1
1753 750 1
2134 4742 7
848 389 2
773 4742 1
3134 4742 11
2633 2633 2436
3135 4742 16
1773 1746 3
441 3416 1
1250 4369 1
3136 4742 3
2190 2167 1
722 722 1512
2085 2519 6
2704 3282 2
3137 4742 1
1331 2576 42
3138 2317 1
13 4026 1
909 3070 1
3139 4742 7
1590 395 7
3140 3140 46
2843 2843 20
3141 4742 3
508 1852 2
3142 4742 1
2215 2846 2
2244 2309 2
3143 4742 1
3144 4742 3
848 1769 3
1429 2482 3
1628 23 7
2333 2231 2
2214 2214 3636
3145 3145 35
839 1862 3
1569 1401 5
3146 4742 24
464 464 1
3147 3147 68
1599 804 1
3148 2058 1
2207 2207 12395
3149 471 5
2135 2317 6
1622 1622 13629
3150 3150 1
119 4533 2
937 2793 1
865 4742 5
582 1706 2
3151 3151 107
1485 4742 8
3152 4742 2
1343 4030 2
1295 1905 2
3153 4742 14
2000 106 1
1428 1171 1
3154 4742 2
1166 3939 1
2805 2805 18242
3155 4742 1
3156 4742 82
2333 2333 695
2493 2493 113
1721 1638 1
300 3856 1
3157 4742 16
1699 1636 7
596 3455 1
1935 4742 153
1235 2053 1
25 4742 13
3158 4742 2
3159 4742 2
3160 4742 4
987 1112 1
3161 3802 1
378 3136 3
2640 953 1
2714 4257 2
3148 761 2
1009 967 5
2944 3794 8
2764 3013 2
544 736 1
780 3709 3
3162 4742 2
2177 2737 2
2897 3254 1
3163 3468 1
2085 4742 232
648 680 1
434 434 3879
698 4742 2
1407 1407 688
637 4061 1
2890 332 4
3164 3164 1
2976 4742 7
1474 822 1
1649 1649 52
603 2205 4
3165 4742 1
1435 2309 1
138 298 5
2124 4444 2
2331 2331 192
2391 4548 2
675 1069 6
313 4357 1
827 1380 2
133 133 8388
3166 3166 24
1981 1811 6
649 649 518
1853 1663 3
1739 857 1
508 2215 1
2949 69 30
1945 3915 1
1134 1134 2960
3167 2596 1
76 4742 272
1220 795 12
144 4614 1
171 4064 1
3168 4742 3
3169 4742 2
108 4742 67
1382 1530 1
3170 4742 4
1061 1061 6336
2857 4742 3
3171 1561 1
2876 4742 2
143 4742 933
2583 2217 1
3172 3172 72
2401 4742 5
1463 4742 37
90 4742 50
1318 2907 1
3173 3282 1
77 3398 5
1876 4742 40
3174 891 1
1513 1008 8
1159 3669 1
3175 4742 7
1513 2244 9
2218 2218 266
2769 1508 1
771 2772 1
2016 3841 23
3176 4742 2
262 375 7
1071 3782 4
3177 3177 42
3178 3178 40
100 4742 11
3179 4742 13
2768 4742 3
3180 4742 6
2220 2220 520
3181 3181 1
1335 3325 3
2757 4742 1
1800 1800 2
3065 3065 1987
3182 4742 4
1881 3535 2
3183 202 2
3184 2707 1
1985 2306 2
6 2603 2
3185 4742 1
3186 3186 203
3187 4742 1
2400 4742 1
3188 4742 1
3189 4742 1
2172 1163 19
3190 4742 1
2322 1590 4
1341 4742 22
101 228 4
3191 2125 1
568 3443 3
1516 1972 8
1966 1202 7
108 3686 3
75 2767 1
69 2107 1
3192 4742 8
3193 3193 61
3194 586 1
2045 4742 230
555 555 826
3195 3195 1
1835 4742 144
1095 3069 6
3196 3196 264
434 3765 1
1990 4742 505
3197 4742 14
2983 2983 150
2985 359 1
358 4047 1
307 307 1949
3198 3198 165
3199 3199 8
3200 4742 2
2690 2603 1
1898 2660 2
40 4329 3
816 2500 1
3201 418 1
1139 2854 2
842 842 274
3202 4742 2
3203 4742 8
3204 4742 1
588 4478 1
521 4742 21
1847 4742 3
2879 2879 2368
883 2165 2
415 1186 1
3011 4262 1
2168 1302 4
3205 3205 216
3206 4742 3
3207 3207 330
6 6 3942
749 2936 4
2994 3406 1
722 3660 2
749 490 11
1063 2734 5
2099 4742 6
2484 2484 3
2077 4742 138
3208 4742 44
3209 3209 175
2593 76 1
3210 4742 4
3211 4742 1
3212 4742 6
527 1853 4
1276 307 2
3213 3213 6
3214 3214 21
1115 4742 6
3215 1783 1
3132 625 2
3216 4098 5
800 4742 2
3217 2847 1
2007 4726 1
441 4742 40
1862 1862 774
1158 2234 3
3218 4742 10
2795 4742 1
1433 3721 4
12 2183 1
2567 1060 11
2522 3902 2
3219 4742 2
1755 1527 3
1811 233 2
1836 2220 3
2453 1493 2
3220 1972 14
3221 4742 1
2570 2069 4
1430 4742 642
3131 3131 613
3222 3222 952
2637 2637 128
3199 4742 1
2906 4742 12
3222 3392 3
149 2312 1
1717 1282 1
2476 2600 1
2450 4742 167
60 534 11
2255 4742 129
565 595 4
3223 3223 503
2492 4292 1
3224 3224 14
1739 1040 55
286 4742 43
2100 2100 15
1968 2826 5
415 415 590
1557 1688 1
3225 4742 1
3226 4742 6
1359 109 4
350 4742 8
1676 4742 2
1945 1778 1
1160 598 2
3227 3227 17
247 1109 4
3228 4742 3
194 4742 119
585 4742 1
2183 73 2
2451 4125 2
1685 2077 1
3229 4742 1
2961 4742 6
3230 833 1
1785 229 29
1672 933 2
2336 2336 210
2239 2710 1
1091 4524 6
1824 4742 4
450 4371 3
1533 1433 3
3231 4742 2
2584 3545 1
3232 1885 1
1148 2266 6
503 304 2
2829 276 1
2576 15 3
1802 4742 35
1447 470 4
1043 242 6
2352 1590 10
2308 964 1
1087 3503 6
1145 4742 49
2614 409 1
1454 1454 30
1456 1703 1
926 399 1
2249 3188 1
1615 4742 331
149 4742 39
2596 4169 31
3233 4742 6
3234 4742 2
1710 19 22
3183 3744 1
1692 459 5
813 3404 2
332 332 2949
1474 1281 2
680 438 1
3235 4742 4
3236 2356 1
3237 4569 1
1807 1577 7
3238 4742 6
3239 3239 26
3240 4331 4
200 4742 4
1488 922 1
1873 1046 2
2428 2428 597
1285 1335 2
1305 125 2
1355 4742 93
1155 1155 3743
2219 2219 500
1098 4742 16
419 59 1
3241 1207 1
1520 3510 2
1228 4742 70
2605 1674 1
1174 2079 9
3242 3242 234
1099 4742 5
62 306 2
479 2263 2
764 2438 1
3243 4742 12
3244 4742 1
2124 4742 26
2563 3978 6
2329 2329 191
264 1972 10
1751 1972 1
1039 1039 2468
473 1870 1
3245 4742 2
3246 3246 48
654 2030 11
1062 2479 28
3247 4742 3
642 2379 1
1210 4742 68
1148 3562 8
1069 3160 4
675 675 5769
1520 3496 2
329 1611 1
3082 3082 291
42 1962 6
3248 964 1
756 756 3398
2350 539 1
727 17 1
556 556 1413
2648 4742 16
1304 4124 2
3249 3249 1
2283 2283 7837
2043 2048 6
2987 4742 113
752 1962 7
2383 801 1
3240 2791 4
1496 4742 54
1876 4188 1
2914 2558 3
346 2135 5
1322 914 2
3250 4742 3
457 2984 2
3251 3251 166
2678 4742 2
1905 3634 3
3149 1336 7
1068 1309 1
186 186 630
537 2927 3
2995 4742 3
2325 233 4
2913 2913 211
2177 4345 5
3252 4742 27
150 150 802
3253 3253 16
3254 4742 1
2399 419 1
2007 2007 3485
3255 33 2
1017 4742 41
2378 2378 6705
1499 1499 152
1402 2490 2
2552 4020 1
692 4310 1
3256 4742 1
582 4742 35
1596 1192 2
2768 3815 1
1069 329 6
3257 4742 1
3089 4742 15
3258 4742 15
1006 1984 1
2774 4742 17
13 1979 3
1736 4742 1
315 2605 1
2477 2477 2594
3259 4742 1
1100 4346 1
1146 1146 141
1000 4590 1
479 2088 1
2402 4742 3
3260 3260 357
510 4742 37
3027 2596 3
2486 2569 5
3261 4742 1
720 720 1482
1310 4742 49
478 1754 2
3262 4742 5
3263 4742 3
36 4742 27
1122 328 2
170 1901 3
2420 2420 4834
1982 4742 3
525 322 48
1533 4742 40
2354 4742 127
3264 4742 17
2416 67 10
1598 1496 50
3265 4742 15
763 2125 1
3266 4742 33
1457 1934 2
1229 1155 3
1533 1533 1502
1819 713 1
3267 4742 8
2805 4742 457
3268 1348 1
831 3245 1
703 3297 1
1192 1192 81
2495 1546 2
3149 2992 3
3269 4742 2
2235 1450 2
3270 4640 1
3271 4742 12
887 887 75031
1030 1267 1
2223 1397 3
415 4742 16
3272 4742 2
3273 3273 325
3274 2910 1
3236 3236 448
921 4179 4
3275 1007 3
3276 4742 1
796 1793 1
2245 4742 1
1966 1348 8
938 926 4
3032 4742 3
2827 576 2
3277 4742 1
1398 4742 27
3278 4742 4
2386 2386 1135
3279 2800 1
296 296 1429
931 931 2575
259 2762 1
3280 4742 1
2194 2647 2
704 1874 3
2438 3065 4
3065 4742 62
3225 3225 1
3281 3281 36
3282 3531 26
326 4742 75
241 2135 2
311 3643 2
465 4742 79
1077 71 3
1441 636 1
3171 4742 5
939 1520 10
1035 3368 3
2071 3991 1
3283 4742 1
2915 4742 1
539 1761 10
384 4742 47
1737 4742 9
2156 3377 2
1430 715 27
3284 4742 3
87 4742 20
1410 1174 9
2567 1920 12
3018 4742 1
3285 4742 3
1652 1652 2922
2296 2296 9149
2013 1007 16
133 2216 5
1479 3378 19
1744 4742 3
3286 3286 34
620 620 17413
3287 4742 2
2159 2458 1
482 1609 5
1367 3561 1
3288 3288 131
1254 1409 3
1522 4091 1
820 3169 1
3289 4742 3
762 3135 16
3201 283 2
134 2769 1
341 2747 1
695 2159 1
3290 4742 4
321 4 2
2615 2660 1
3291 4742 3
3292 3292 196
714 4742 11
3293 4742 3
961 2042 9
791 4742 9
764 1646 1
928 1964 1
3294 3294 24
1611 3111 3
1805 1805 631
3295 4742 1
2229 4742 84
1162 2222 6
621 100 7
3296 4742 4
171 2177 1
240 240 436
3041 1670 2
1409 2156 1
253 253 957
1377 4742 12
3201 2794 2
1137 2653 1
1439 4742 7
1704 12 4
1695 1610 1
840 840 1088
1343 4740 3
3297 4689 1
989 924 5
350 124 1
2230 1921 1
3298 4742 2
2045 3385 2
1851 4742 1
3299 4742 1
1247 1835 14
3300 4742 10
3260 3366 1
1048 4742 4
421 1637 2
1758 3431 1
2231 2560 2
3301 4742 1
3302 3302 25
1760 4742 16
3303 3303 2
274 578 1
1001 4742 7
2849 3996 1
2386 2851 1
1376 707 12
3304 4742 9
1607 4742 14
1078 2701 1
2772 941 4
2944 4742 187
1726 1726 5581
1137 102 3
3305 3305 976
3 4742 103
4 1938 1
1141 728 1
3306 3306 80
3307 4742 15
2530 1866 6
1134 4742 89
3308 4742 1
2561 513 1
2988 2988 360
2766 1257 2
56 3300 1
331 331 3609
3309 4742 7
1699 2202 12
790 838 2
799 2821 1
2859 2859 1943
3310 4742 2
3311 3311 1
763 4742 142
197 4742 31
219 4742 24
3218 2883 1
2731 4742 1
2879 4271 3
3312 3312 298
3192 3192 157
3313 3313 201
1745 1745 9045
2298 135 1
704 543 3
702 4108 1
25 707 1
3314 4742 5
3315 4742 1
2199 2199 21281
370 1891 5
2322 4742 70
2018 2018 209
939 3658 12
69 4657 6
3316 4742 2
3317 4742 7
3318 4742 14
1782 325 5
2621 4742 30
1636 1636 2276
3319 4742 26
332 4742 97
1263 2544 3
3320 4742 2
1813 1448 1
261 577 2
861 861 1832
1025 128 5
2734 4742 34
3321 4742 1
3322 3867 1
3323 4742 1
2450 338 6
3324 3324 10
3325 3007 3
1459 1459 459
1572 1996 1
2240 1258 1
3326 4742 1
3327 3327 79
3317 3317 279
3214 4742 2
1576 456 2
2325 4499 2
3328 2605 1
1458 2206 1
668 4742 21
2506 1483 2
2540 2883 4
205 1291 7
656 329 1
2702 6 1
3329 3329 21
3076 4742 61
1830 4742 1
3330 4742 10
1974 926 1
1681 1678 2
2323 2323 10624
13 1552 1
1100 662 1
3331 4742 1
1396 264 1
139 4034 2
786 1122 1
3332 935 1
3333 3333 4050
544 354 1
742 3893 2
1333 3503 2
3334 4742 14
579 428 2
2738 4435 1
3335 4742 1
648 1473 1
230 450 9
285 489 7
3336 4742 2
1739 1739 50369
2007 2362 2
1856 4742 97
25 1554 1
861 1180 1
615 3031 1
3337 2220 3
2260 2667 1
1032 2097 1
2117 2117 1
1304 998 4
1131 1487 1
4 2626 27
2156 2791 3
3338 4742 1
57 1644 3
349 1262 12
2520 263 5
2344 1277 1
1603 873 13
3339 4742 3
2085 1180 5
1022 1022 99
3340 4742 4
2753 2753 954
999 3057 7
2116 1605 3
1025 4742 73
3341 4742 9
1268 3667 1
840 2072 1
853 1433 5
3342 4040 1
1664 2435 1
3343 3343 14
159 407 2
1559 4742 4
3063 921 1
2540 4742 119
3344 4742 1
2954 4742 5
3345 4742 1
410 2588 2
1417 598 1
562 4742 70
3346 4099 1
322 2855 6
2503 3859 1
1898 1898 464
343 343 357
1711 3105 1
2201 1294 1
936 2199 4
3347 3876 1
636 976 3
3348 4742 11
3349 3073 1
803 371 3
983 2763 3
2922 4184 3
295 4009 7
3275 2495 1
1958 1958 109
2513 3656 1
3350 3350 13
860 1257 2
3351 2369 4
2177 496 6
2991 305 1
226 309 1
1384 4169 15
2883 1532 9
1959 1959 362
615 771 1
1477 4742 39
2736 3174 1
2118 2076 2
2695 2695 132
3352 337 2
1007 756 10
3353 4742 1
3354 4742 4
707 2813 5
589 589 222
3355 4742 10
876 3236 1
3356 3356 28
3357 4742 5
2980 4742 3
2891 2891 788
3358 4742 1
1175 4208 2
1577 2775 1
3359 4742 1
1096 3 18
159 4742 110
3360 4742 11
706 3496 1
1688 3828 1
3361 4742 4
1183 4742 430
2917 741 1
1727 1255 2
529 4742 145
724 4293 1
3362 4742 6
1367 3152 1
2541 2541 349
1882 4093 1
1646 4742 4
322 2040 8
3363 4742 12
2789 755 1
3364 3364 50
3365 4742 1
827 827 1544
2083 1163 4
227 4742 3
3366 3366 168
1444 82 4
3241 3241 59
4 2781 30
1007 3714 2
1077 3907 2
2570 2707 5
190 190 557
2248 3602 3
3321 3321 31
3068 1958 1
3367 4742 1
2375 4742 17
651 610 2
1723 4742 52
1119 4742 1
2818 1098 1
2488 1230 3
206 206 177
3368 4205 1
958 146 5
3369 4742 1
1836 1836 1420
3370 3370 50
774 4742 3
3371 3371 7
1103 1103 852
1174 718 2
3372 4742 1
948 1299 1
713 713 2277
1444 1837 2
910 995 3
2552 3746 1
973 4742 110
3373 4742 2
2852 1166 3
726 1147 1
1743 4742 305
1611 1435 3
3374 4742 6
3375 4742 2
2768 215 1
3376 4742 2
2837 2837 695
823 4742 17
3377 4742 2
3378 4742 19
259 2132 2
1174 480 4
1035 2770 3
493 4742 39
2862 2862 13
924 1574 2
1249 944 1
396 713 5
2791 3727 96
35 2823 1
1447 2102 5
3379 4742 5
3326 3326 6
1380 1028 1
3380 4742 2
2193 4412 22
1087 1087 4699
539 1158 11
2206 4742 735
3381 3381 40
218 4742 1
924 3357 1
762 762 12736
3382 4742 1
853 4742 118
2535 4742 13
3383 4742 5
1336 4003 5
3384 4742 1
1887 1271 12
2251 4742 6
53 4742 74
2464 2464 488
1420 2981 1
1250 3542 1
2350 4742 55
2006 2006 384
133 973 4
1133 4286 2
2040 680 1
1726 98 5
1911 519 2
3385 4742 2
3386 4742 1
2519 1828 4
3387 4742 17
2597 3222 4
1072 1072 5164
1410 189 7
583 583 1317
782 1372 2
1660 1107 7
2207 4742 328
668 393 2
582 4126 2
2030 2030 932
3388 4742 11
1276 490 2
2469 2469 9
1561 473 10
2538 1451 1
3389 965 1
210 1664 5
1220 1219 9
144 4742 34
3063 2858 3
2852 140 2
1283 1155 8
1631 3249 2
2180 3216 2
3390 4742 5
1016 4742 97
159 3407 1
267 4702 1
831 1037 4
657 1631 3
2551 4742 1
24 24 75
364 3734 1
2308 4223 3
473 473 1240
1900 4742 5
1199 90 11
279 4742 2
952 4303 1
1247 1247 20970
2831 2831 7
3102 222 8
1729 2177 4
2180 344 1
1945 4742 33
2120 2120 337
3087 4742 11
556 931 1
165 1907 5
482 3132 3
3391 3391 71
1996 4742 274
2318 1211 4
450 3362 6
1196 274 8
727 1954 2
952 2425 2
2690 4742 96
3392 4742 3
1095 387 7
3393 4742 1
3394 3394 412
2147 3074 1
1410 1520 9
2037 2037 85
732 210 1
2358 1845 1
989 3426 3
459 526 5
3395 3395 1
934 4594 1
67 4742 462
2824 2824 439
2221 2850 3
1585 4742 20
905 690 1
1652 2890 1
6 1384 1
2168 1855 3
1477 4704 1
3396 4742 1
3397 4742 1
856 2284 2
861 359 1
1685 1395 4
517 2136 1
264 264 5114
1317 619 2
1278 1278 84
2040 4742 47
565 1476 3
1691 3422 1
490 268 2
1277 2839 2
1461 2540 1
441 1028 1
8 1134 4
3398 4742 7
2003 1015 1
837 857 4
1973 4742 10
3399 4742 1
3400 4742 6
3401 4742 1
1567 1681 4
1499 2746 1
1117 2782 2
101 2191 3
3402 4742 2
175 2480 4
103 903 20
3403 4742 5
1270 933 3
1207 4742 3
1717 4742 17
1446 1446 2681
832 4742 38
3404 4742 2
478 2706 2
456 620 11
2623 1581 4
3405 3405 59
1095 4574 3
1569 1842 10
490 490 2081
3406 4742 1
1801 4549 1
1303 4473 1
1876 1843 1
2933 4742 2
3407 4742 1
1456 1456 9640
229 4717 8
1058 753 2
874 535 6
1210 3817 1
3408 4742 1
3409 4742 2
1445 1445 23
3410 3410 999
3411 647 1
400 4742 1
1388 9 2
3412 4742 1
2613 2317 4
3413 4742 2
341 4067 1
788 3134 2
1756 1756 320
2865 3520 2
280 4742 11
405 4636 1
1637 4742 47
1606 3307 15
2770 3190 1
3352 3352 3132
2586 2586 8
852 2477 3
3414 4742 2
3125 3125 143
2011 2011 84
1643 1864 1
2491 2669 1
1631 1631 563
2235 840 4
1747 4742 191
1155 3309 1
40 1673 2
3415 4742 1
708 581 8
572 4742 124
150 438 4
3282 2001 36
421 421 677
55 2975 3
3416 4742 1
419 204 1
3417 4742 3
3418 4742 3
438 4742 613
1940 1940 2066
3419 4742 19
1156 1156 2937
3420 3420 746
1876 4364 2
2904 4742 9
3421 4742 5
1473 2492 2
1762 3881 3
3422 4742 1
3423 4742 2
3424 200 1
3425 4742 2
3426 4742 4
3317 2511 1
775 4742 4
3427 2667 1
3428 4742 4
1921 4742 12
753 4742 5
3429 4742 1
697 697 1026
780 2428 2
3430 3430 52
3431 3431 37
211 2411 1
1165 4742 1
1120 2150 3
2282 4742 1
3432 4742 1
821 1695 1
3433 3433 50
100 3062 1
3434 4742 1
1519 4360 1
669 2159 14
3435 784 1
2172 4261 3
1484 3183 1
2325 2493 6
1592 1592 1017
3436 4002 1
2927 207 14
2017 109 8
2076 2076 1274
2396 4742 2
1492 4617 2
2959 4629 1
21 61 2
241 4482 1
803 3077 2
665 1283 20
661 2965 2
1085 97 3
3437 3437 217
2314 878 1
3089 3089 588
459 1900 3
1910 1859 1
3438 4742 1
1606 3157 16
763 763 5030
187 2770 1
2040 2040 1695
3439 571 1
955 955 306
1174 1174 4556
3440 3440 297
3411 650 1
2717 2717 51
905 1725 4
1172 875 2
1137 1784 3
1096 2207 10
1378 283 2
3441 4742 5
44 4742 11
1877 4742 10
1349 4742 84
171 171 1106
236 1177 5
161 161 8972
3442 4742 1
428 428 93
600 4011 1
1191 1191 30
1548 4742 43
782 1762 5
1754 1754 156
3443 4742 4
378 674 2
3444 4742 1
3445 3445 151
231 2475 3
139 139 1405
3446 3246 1
235 740 5
2839 4742 58
1271 4742 272
423 4399 2
669 525 10
3447 3447 112
3448 4742 1
3449 4742 1
3450 3450 10
3451 4742 1
3434 3434 17
738 738 327
146 2966 1
3452 4742 3
669 4231 15
3114 4742 3
1055 1485 2
164 1251 1
1327 4742 26
568 3075 2
666 2896 4
1040 4742 574
1829 4742 4
2690 3318 1
3453 4742 1
2183 433 2
2781 2781 37206
524 4742 316
1659 4742 60
576 4742 37
3454 3454 22
2231 4742 58
212 575 1
333 4389 10
3455 3455 125
1421 3940 1
2985 2985 731
2959 2959 1335
1523 2723 2
915 4742 26
654 2024 4
1791 4128 1
1357 853 1
3456 4742 1
1013 1013 876
3457 3457 60
3446 3446 147
196 1253 2
3458 4742 12
2613 4742 123
1650 1853 2
310 310 9548
2281 1910 1
983 7 1
3128 3128 114
1253 3072 1
984 4742 4
3459 4742 3
2233 2233 590
2845 4742 6
2559 113 1
1196 2323 4
3460 4742 5
2944 1548 6
2070 4742 281
2491 4742 4
1588 1588 179
1611 4742 55
988 4632 1
3461 1233 1
1242 4742 35
3462 4742 3
1722 1848 1
492 2021 1
603 4742 49
3463 4742 30
76 3658 3
1139 2993 5
1879 2901 1
3464 3464 1
2866 2866 1124
534 1307 9
3465 3465 21
1198 4742 41
1650 1920 3
814 814 236
3466 4742 7
271 250 1
3467 4742 2
871 2017 4
2886 1401 1
1220 4297 4
959 504 5
2409 2409 3753
2354 2028 2
1126 4742 2
3163 3163 636
326 346 4
2215 4742 57
819 388 1
1041 440 2
1917 2346 1
1158 1120 4
3468 4742 2
821 3646 1
3232 3232 1736
3469 4742 1
2654 4742 1
2971 2971 1791
2438 2438 4627
1314 1735 1
1283 2173 2
3470 4742 6
1666 4742 1
2789 1302 2
1209 3388 2
721 3100 5
1114 2066 1
1017 4681 2
3471 2887 1
403 956 1
2416 3146 8
3472 4742 4
306 1229 2
260 1367 5
2695 2196 1
3045 3719 1
2833 2771 1
121 1297 3
3473 4742 2
488 2758 1
3474 3111 1
1087 4742 140
330 4742 57
3475 4742 2
1053 2230 1
3163 1301 1
2605 2605 224
3476 379 1
3477 4742 1
2419 2518 2
2204 4742 15
3478 3478 20
1580 1580 169
2633 1940 1
909 4317 1
1328 1328 2289
3479 3479 1118
3480 79 2
3481 4742 3
1870 4605 5
1660 4193 3
2350 107 6
642 2195 1
3073 4083 1
801 1243 3
3411 3411 372
3482 4742 1
1438 1438 114
482 1290 1
1558 1216 1
1879 1227 3
1153 1153 545
1122 3574 1
1752 1188 1
378 4742 96
3483 3483 351
994 1292 4
1555 1555 413
1183 3151 4
1250 4742 76
194 2702 6
3484 4742 14
552 69 6
2225 4742 16
433 2460 9
3485 4742 3
1769 1007 1
1452 1452 11555
248 2611 5
3486 3486 21
2014 725 4
3487 4742 1
3163 2471 1
1659 44 2
1123 4742 4
3488 369 1
3489 4742 15
321 1648 2
359 3665 1
1479 4742 420
243 243 2
1027 1723 8
1328 2576 2
3490 3490 115
1200 1080 8
78 4742 2
2908 4742 20
2419 108 3
2653 259 1
465 2322 1
3491 4742 11
1810 1810 1936
83 614 1
897 3492 1
123 4634 4
436 436 2883
3492 4742 1
2221 392 3
3493 4742 1
2338 933 2
3494 2814 1
1125 2025 1
148 1585 2
1121 3758 1
3495 4742 1
657 3172 1
1266 2772 3
487 4256 7
719 473 2
1633 1633 44
2147 2147 645
3496 18 5
3497 4742 1
1293 4264 1
1716 75 1
3476 4742 1
1382 1522 3
2686 396 3
2751 617 1
1770 1358 1
2576 4742 261
406 406 2467
908 4542 1
1209 3475 2
2123 2993 1
157 1003 8
1187 1936 1
727 655 3
2883 2565 12
3498 4742 38
3499 4742 7
1063 4742 192
604 32 3
1138 3080 1
406 1016 1
3061 2261 3
484 4742 2
1370 1370 428
645 1620 1
1566 159 2
90 65 3
1497 1857 6
504 912 1
3426 3426 99
3500 4742 12
361 567 2
2335 2335 73
2515 3713 3
309 309 827
1293 649 1
1723 2532 3
3501 4742 1
3161 3161 168
89 1370 1
2779 4742 52
3502 4742 18
1722 1722 110
1908 1908 210
1025 581 1
3403 3403 126
968 943 2
1560 1560 1228
342 2761 1
3503 1334 2
3504 3504 5
2347 4742 76
2821 4294 1
2488 851 2
1444 1568 4
3505 4742 1
2477 1803 4
384 1417 1
1472 2303 1
782 1873 6
3506 4742 1
1785 1292 34
3507 4742 1
426 2387 1
1095 4742 155
3508 4742 5
3509 4742 3
1661 4742 57
1062 3132 1
3510 1442 3
2017 2017 4341
1555 4742 11
620 4742 484
2875 6 1
2079 2077 2
1231 4742 2
3511 4742 8
3512 4742 1
1028 1028 1270
986 2436 1
70 3702 1
1137 206 1
1610 1610 17
130 418 3
2756 4742 15
1101 1101 12063
3007 3007 1937
2495 4742 99
1543 2589 2
1260 1040 11
1946 523 2
2567 1603 15
1128 1722 1
3513 4742 10
1990 1938 22
3514 4742 16
211 4742 21
3515 4742 21
1318 3637 1
1698 4742 39
1182 1182 111
1111 1042 1
2750 4742 98
1251 1646 1
3516 3342 1
27 1444 8
133 3269 1
983 4742 38
3517 3517 491
3518 4742 1
2901 1375 2
1650 1650 1216
552 4742 441
118 118 95
2977 4742 1
3519 4742 23
251 2893 2
3520 3520 223
621 852 2
324 2333 2
492 3641 1
2382 1329 1
1114 1114 898
2772 2772 2745
2094 4742 65
1292 109 18
1461 4742 3
3521 4742 1
598 1747 19
2239 3420 1
295 4742 132
1280 4156 2
3522 3522 11
3523 3523 336
2325 2325 4408
1321 1925 1
1835 32 4
387 4680 8
530 530 2409
799 4742 20
1327 1327 1059
535 19 2
493 3650 1
339 692 2
3524 4742 1
180 180 6991
154 4742 501
205 2442 1
2623 2280 3
473 1419 1
881 881 536
3019 1598 3
3230 3230 201
3525 4742 9
1598 2791 39
1796 1796 1908
2983 408 2
1852 4233 1
141 4742 3
3437 4234 1
3488 3489 2
2684 1385 1
3526 4742 4
1625 3689 2
2879 4742 55
964 964 615
3527 4742 1
582 961 1
850 1015 1
3528 3216 13
2235 3161 1
2530 2530 4991
2101 2279 7
1648 1359 7
1206 4742 112
1997 4446 1
1209 776 4
2621 1729 2
1543 4742 40
2893 4025 1
2994 2994 338
2770 2134 1
17 17 119
3529 4742 1
356 3210 1
2864 3241 1
3530 2137 1
126 46 1
3531 3531 1
3102 4518 22
350 1026 1
2237 2237 85
2452 4394 1
3532 4742 6
101 3672 5
2628 4742 15
267 4742 15
1172 1388 1
3533 4742 5
3534 3534 256
3535 4742 20
979 3138 3
451 3146 2
1805 648 2
1315 3994 1
1035 2361 4
748 748 377
780 1376 2
793 4742 16
1653 1653 19
2151 1820 1
3536 752 1
131 3756 1
3537 4742 3
3198 4742 4
3346 110 2
808 3434 1
1209 3421 4
3538 4742 1
2869 4742 1
3173 255 1
1931 4238 1
3539 3539 304
2008 299 1
3467 3467 61
2644 4742 10
3540 3540 79
3541 4742 3
2393 4742 16
3542 4742 1
3543 4742 3
2385 4742 52
765 1134 4
2772 3126 3
3544 4742 1
2242 3798 1
2333 152 1
2855 2855 1128
2008 4620 1
3232 2981 4
3545 2547 1
687 711 5
69 2879 3
32 1079 3
3546 4739 1
3547 3547 123
3548 4742 2
744 4150 1
2608 2608 244
559 33 2
661 1205 4
3549 4742 1
1314 3733 1
2394 2394 472
2485 4363 1
1712 2593 2
3550 4742 2
3551 4742 2
1102 219 3
2040 1533 2
1798 1798 103
9 231 2
557 788 3
259 259 3004
1622 1139 11
225 225 1103
2090 4742 162
2498 2498 286
832 1229 1
1915 1915 14
148 1498 3
2247 2247 352
143 2026 21
2171 4507 2
3552 4742 2
784 784 33
1782 1782 4177
518 186 1
341 738 1
387 387 6342
1704 4742 159
2386 3762 1
1312 2446 2
1893 1479 3
3553 3553 1
2438 1350 6
1778 3755 4
1105 1279 1
1515 1515 1683
999 4622 12
36 1347 1
1958 2565 1
482 482 2120
2102 4111 1
2764 4651 2
154 2588 23
48 659 1
3554 2958 2
884 2161 1
824 4742 19
972 2672 2
527 4133 1
616 4742 129
2725 2725 63
3555 4742 2
331 4742 93
1448 4742 52
3556 4134 1
1774 4742 110
3557 4742 2
3011 1538 2
3183 1022 1
112 4721 6
2515 2515 861
1117 4083 1
704 851 2
264 1212 3
3132 1685 1
1808 4742 6
1628 630 6
62 646 10
1331 139 27
3003 4742 34
2884 4742 22
2871 4742 7
1922 2244 5
131 4742 2
2188 9 1
2276 2276 2187
3558 3558 37
1683 1128 1
734 180 6
1092 3912 1
2274 4742 34
644 2889 1
3220 2460 8
1493 4742 23
2250 3710 2
2262 4742 20
1424 4742 9
1042 2298 1
2358 2358 233
1680 1670 7
3559 4742 1
1132 2015 1
3560 4742 1
3561 4742 1
949 3624 1
818 818 571
1943 120 1
1507 1360 1
714 1280 1
2641 2641 932
1057 1280 1
3562 4742 9
2916 4742 10
1246 3459 3
838 838 3041
3563 4742 2
3564 4742 2
3565 4742 1
973 3240 1
1461 787 1
2986 1778 1
605 2193 20
2635 2635 342
531 4742 199
577 4742 14
1262 1845 4
1978 1978 466
3566 3566 44
1441 1441 312
3567 4742 24
1043 1497 3
1413 2397 6
3568 4742 17
3569 4742 5
763 4167 3
562 562 3321
2222 4742 328
3329 1813 1
1523 4560 1
3363 3248 1
2242 157 4
590 653 1
2394 4742 17
3019 4357 1
779 4408 1
3570 4742 6
3124 3124 25
20 4605 11
3571 141 1
3572 4742 15
3573 4742 1
3574 4742 10
1261 1261 59
3575 2093 1
1530 2849 1
3558 4742 1
2597 1526 4
782 2094 4
843 177 1
831 52 1
820 4203 2
1333 2076 1
934 3226 4
1457 4742 2
508 4472 3
2352 932 6
1247 676 5
2830 4742 3
3576 4742 7
2207 785 14
3577 4650 2
3578 4742 1
1353 2249 3
2276 3595 3
2547 2547 161
2158 4742 29
424 4742 2
742 4742 33
1551 1551 532
2949 4742 1071
2571 3384 1
678 4742 97
3007 3641 2
3503 4423 8
2839 2839 1991
189 2661 7
1907 4407 2
48 4742 261
3579 4742 1
721 282 2
1415 3627 2
3146 3462 3
3580 3580 1085
689 2188 1
1439 2522 1
2916 2648 1
3581 4742 2
1625 1625 592
2503 3149 2
3582 1083 1
3239 2000 1
3583 4742 1
695 695 387
1547 4742 37
1127 3003 3
253 3288 1
2162 209 1
3535 3535 644
1936 3739 1
3584 4742 7
1001 889 1
3460 2633 1
3585 4742 1
1148 2530 10
1995 4665 6
736 1067 1
740 4742 32
2185 4742 7
3586 4742 1
1472 4742 35
1367 2550 1
479 1889 1
905 4372 1
2927 729 19
3587 4742 1
2477 1561 2
1093 4742 27
2418 4742 1
1584 12 3
3325 1243 2
1922 2017 2
1339 1339 308
195 1246 1
1864 4742 25
2722 1972 8
1580 43 1
1201 2628 2
1013 4179 2
1181 1181 63
544 4742 160
3588 4742 1
2350 271 3
1926 1395 2
1479 3839 13
3589 2641 1
2316 3964 3
3590 3590 137
2672 4742 5
3591 3591 105
2762 3910 2
167 356 1
513 4742 2
628 1553 7
3592 4742 2
1871 3911 2
3593 4742 1
1160 3718 3
1529 1529 34
411 4742 1
3594 4742 9
1995 702 3
2164 3308 1
1360 1458 5
1595 1644 5
2048 1384 2
3003 4728 1
3595 4742 3
3596 4742 3
3597 3597 45
603 3306 3
3598 4742 8
27 4742 175
1313 4393 1
3599 4742 2
3600 4742 2
782 4442 8
2013 1155 7
189 1423 1
3601 4742 2
371 3156 1
191 3322 2
1875 4669 1
293 293 154
3602 4742 3
2326 3194 1
2665 4742 1
159 3969 1
2007 864 5
2461 4742 54
1176 1176 14941
3603 3603 190
3604 3604 6
3480 4742 8
2211 2588 5
379 4598 1
865 3660 1
3605 4742 1
1699 130 8
569 546 1
319 780 5
1452 2293 15
1778 1000 3
933 4077 17
303 4742 2
3606 4742 1
468 4742 3
551 195 4
572 4458 1
1049 493 5
3607 4742 2
2307 231 2
406 646 1
3608 4742 19
3609 4742 10
1524 4350 1
3610 4742 2
480 4387 4
1625 260 1
690 4742 1
1101 1701 13
1247 33 14
197 486 2
976 1940 2
809 809 157
2485 887 1
3611 4742 8
907 1351 3
2691 1608 1
2068 3549 1
2451 3000 1
1446 8 2
1017 1874 3
1015 4742 165
2420 4742 120
3612 4742 25
1280 4176 2
2299 1590 3
3613 4742 9
3502 3502 578
1755 4609 3
1580 3199 1
2248 1752 1
1770 4742 36
3614 2409 1
2538 2538 726
180 1272 2
1136 4742 70
3615 4742 9
2197 2197 2317
2544 2947 2
604 1142 8
1871 2668 1
1102 3684 3
816 816 458
1356 4589 1
1781 2886 1
743 422 1
933 933 13493
477 1226 1
2981 1349 1
1155 3266 2
478 4742 57
3616 3086 1
2086 2086 176
1424 1424 273
2698 3537 2
3617 34 1
3618 1657 1
1827 2157 1
1054 4742 97
3349 4742 8
2146 2146 583
3042 4742 4
1243 4418 26
797 3488 2
3619 4742 9
1085 227 2
2318 1904 4
30 4742 1
436 1670 3
858 3680 1
3614 1914 1
3620 4742 1
1336 4742 59
1061 2451 4
940 940 435
857 4151 42
3240 1044 2
933 2020 8
3381 4742 2
3621 1513 2
1962 4742 179
1945 3947 3
1765 1765 560
3622 4742 4
2901 2338 1
3623 4742 1
3624 3624 46
184 132 3
3625 4742 1
3626 4742 11
3530 4742 163
427 2409 3
3627 4742 21
1360 2953 1
3628 4742 1
652 1407 1
1250 2484 1
569 2866 6
294 2824 1
3629 4742 1
2660 230 8
442 2211 7
3630 4742 1
1880 3344 1
172 4742 9
2804 4742 1
2762 803 8
827 4742 53
324 4742 60
3076 3076 2055
2134 2134 234
3148 3148 446
1276 4742 18
2208 3783 3
580 580 14
1904 4742 7
3631 4742 6
1265 3130 5
819 1030 1
3352 4287 1
2132 2753 1
539 3101 4
2089 2089 5465
1283 1283 13221
1783 4742 17
2671 861 1
1584 4742 55
3632 4742 3
3633 4742 3
3634 4742 3
2472 3431 1
2827 2472 4
2983 1789 1
1873 647 3
3635 4742 3
330 330 2253
1781 4742 71
1819 1819 2248
525 500 52
2404 2404 53
450 4742 174
853 2043 6
2703 4742 1
2956 842 1
1071 3420 5
3312 789 1
80 4742 72
758 470 1
2899 4742 3
478 478 1900
333 1958 6
1147 4742 71
2684 4298 4
3636 1612 1
3059 3059 199
2303 4572 1
3351 1202 1
350 3171 1
569 3230 2
1569 4742 189
3637 4742 1
880 3028 2
412 4742 14
321 4734 3
646 1193 7
2483 4742 3
1441 3788 2
146 3760 2
338 614 5
3496 3496 2176
3638 4742 1
2338 2338 2656
2782 2782 460
102 2949 10
2847 4742 3
843 843 4607
2867 2867 316
1882 4284 1
1173 2048 1
3639 1161 1
152 1820 3
1531 4313 1
2124 265 1
607 2491 1
3640 4742 3
889 882 3
1259 1259 2263
3641 4742 9
1185 1856 1
564 130 6
581 581 5775
2378 2707 3
3642 4742 2
1622 4742 355
3297 3297 468
2184 2184 14
2538 824 1
1350 119 1
3643 3643 47
2076 1605 1
1059 1102 4
618 3094 2
1357 1789 1
1101 760 5
3644 2731 1
3616 4369 1
3645 4742 6
2289 4742 1
2266 710 7
810 2265 2
1400 2696 3
1002 237 1
2113 3582 5
3646 4742 1
1198 809 2
1353 1353 325
2045 3489 3
983 2735 1
801 578 1
1487 460 1
1651 2730 1
808 2236 1
2254 2148 1
2118 4742 31
3647 4742 1
2509 4742 50
3648 4742 5
1897 2968 1
191 191 861
573 347 1
2686 2686 9134
2283 1842 9
1289 977 4
3649 3059 1
1620 4436 1
1576 1576 558
3650 2681 1
1035 4742 58
880 191 1
2401 4380 2
2975 2975 132
3651 3080 1
1147 1147 2084
3652 4742 3
2541 2982 2
632 632 24229
1520 3427 1
3653 4742 6
393 3694 1
75 4742 23
801 4742 74
155 1096 2
1522 240 2
471 514 1
1266 1132 6
2963 2248 1
3654 4742 3
2343 4742 2
1770 689 1
1690 2801 1
306 1729 1
3655 4742 2
1250 593 1
1456 4742 240
2707 2707 9888
169 169 100
1866 3624 2
3656 3656 9
3074 849 1
3442 3442 7
1039 2215 5
2053 4469 1
1059 2877 1
1522 3334 6
3657 4742 3
1045 2207 1
2338 1516 1
3519 3437 2
2233 2499 1
1262 4043 1
500 500 21170
1805 2288 1
2077 4164 3
3658 4742 15
748 3946 1
2922 99 1
22 4742 31
3659 3659 401
856 856 675
480 1101 3
194 130 4
516 902 1
1515 4691 2
3660 4607 2
1250 1250 2534
431 3993 4
544 544 5715
3661 4742 29
1125 2875 1
3662 4742 1
871 1419 4
2193 4742 667
3663 4742 14
710 4742 38
1324 3185 1
1569 4257 8
1887 4742 401
3236 4742 12
3664 4742 1
2118 2118 1015
853 1680 1
3665 4742 1
342 1127 6
3666 3666 38
3667 3919 1
907 907 1833
1554 4742 62
837 4105 7
516 4007 2
3668 4742 1
1680 2048 1
2344 4742 12
1729 1729 8536
1848 2453 1
630 1355 9
3669 4742 1
515 4575 1
438 2069 1
3670 4742 3
1822 3905 5
2917 4742 5
1894 1894 14960
1203 1203 140
1467 2759 1
2927 3360 10
2958 4742 37
618 848 1
686 4742 2
1828 4742 40
1259 2821 4
2035 2035 10
3582 4742 55
813 813 372
710 1790 1
3333 18 5
634 439 1
750 1962 3
2233 1248 1
934 112 2
2888 4742 5
3371 2412 1
639 3925 18
1785 157 26
28 3806 1
3671 3671 3
743 3781 5
3119 855 1
3672 4089 1
563 2045 3
3673 4742 10
3674 4742 1
3045 3045 43
3125 3048 1
298 298 540
3675 4742 110
2791 2791 77957
2208 2208 6843
3676 4742 2
3230 440 1
2736 4742 26
667 667 31
1382 4742 136
1398 3523 1
3677 4742 3
1094 4742 42
3507 3507 1
1462 1462 714
3424 3424 151
1210 1576 1
2305 2305 140
3480 564 1
3678 4742 5
2777 27 2
3679 3679 16
2028 4261 5
1 4742 24
3090 3090 1
781 4292 3
3427 18 1
791 791 321
3680 4742 1
2046 3227 1
3488 523 2
623 623 433
2499 4742 1
1176 857 8
1654 2389 2
537 4267 6
3681 3681 5
3682 4742 1
1472 1472 1044
3683 4742 1
2750 2395 3
3684 2116 1
1002 2400 1
3685 3685 21
322 4505 7
1331 148 36
3325 3325 5281
1016 503 1
544 4301 3
1672 1672 1473
2354 3990 3
3686 4742 3
235 4742 96
1569 2460 4
3687 4742 3
3688 4742 1
1655 4742 203
578 4742 50
2391 2391 914
1039 4742 68
3483 4742 10
2049 4742 44
1369 4742 23
1600 1147 2
13 4742 76
187 3257 1
1979 4119 1
3689 3689 99
313 313 477
1739 242 57
883 883 2630
2614 4302 1
2845 1744 2
1289 1730 1
862 938 2
3690 4742 1
3691 3691 39
1172 1172 2635
439 480 1
3692 4742 1
1376 4597 2
3179 3068 1
2148 2519 1
247 32 4
1936 4344 1
2124 2124 971
3693 4742 1
1543 1543 1360
258 3456 1
1522 4742 109
3464 4742 59
649 1728 2
2348 2348 92
931 4742 66
2150 4348 1
3694 4742 1
485 385 1
3695 4742 1
3048 4742 1
1072 960 8
85 296 1
2781 4742 1037
637 2061 1
1479 1163 17
262 2588 4
3696 4742 1
2229 945 1
300 1996 1
2938 3214 1
621 626 6
2895 2895 2
127 127 14
3697 4742 1
324 324 2140
3698 4742 2
3288 3065 1
3699 201 1
2101 4742 190
3700 3192 1
1380 4742 13
2458 3472 1
3701 3701 144
3702 3702 167
2975 2954 1
1210 1210 2980
3703 3703 52
3704 4742 6
3705 3705 332
592 4742 53
2582 4742 11
2903 4742 5
2470 2470 1124
579 4742 4
692 2742 1
74 2453 1
342 1355 4
2164 4742 11
1466 3855 3
621 621 10150
1446 194 2
3706 3706 36
3664 3664 12
2770 4742 28
1168 1168 78
3062 4463 2
391 383 1
3074 4742 31
8 8 1130
1035 3657 2
238 4742 28
2323 2199 8
3191 4742 14
1289 2382 2
107 2629 2
163 1446 3
1737 1737 281
1242 3965 2
603 1637 1
2570 2206 3
1308 559 1
1232 2227 5
112 112 3655
3707 4742 1
1678 4441 1
920 920 646
808 808 1407
2020 337 17
1644 1419 15
1893 4742 158
333 333 7357
3708 4742 11
3440 4742 13
3108 687 1
691 324 7
2443 558 1
2921 1021 2
1826 334 6
2196 2196 3815
3102 4104 8
1055 1163 3
1040 3845 17
1606 4742 339
2530 1754 3
2229 2255 1
367 2242 3
1433 4742 165
1962 1972 6
606 1184 9
2805 3090 16
2175 1303 1
3709 4742 3
261 1883 3
3710 4742 2
3711 3711 76
2628 2628 550
1386 1386 41
3712 4742 2
2233 4742 17
285 2240 5
810 810 2029
3297 1508 1
103 4742 756
2515 2719 1
3713 4742 3
2555 2555 101
438 1140 20
3108 4742 6
3714 4509 2
2623 781 4
3715 4742 1
3716 4742 5
3509 3509 111
960 4229 1
2183 2682 1
1098 1098 532
2290 2290 1750
1780 4742 44
2949 1259 14
1926 1603 1
708 1078 8
3154 3154 36
2794 1243 7
3717 3717 1
501 501 50
3718 4742 3
780 2373 1
463 463 1
3115 2210 4
3062 3062 2233
1554 1264 2
1280 270 1
568 1346 4
649 2301 1
537 474 7
3051 3051 14
3132 3132 765
3719 3719 5
2962 1027 4
2317 715 7
416 1477 1
725 861 1
2420 1458 8
3720 4742 1
1912 1912 945
223 1827 1
2520 921 1
2702 3256 1
3446 4742 7
1175 1175 3938
2029 3201 12
3721 4742 4
3386 3386 16
3722 3166 1
1704 430 4
1835 1835 4806
1070 3472 3
3723 4742 1
879 4742 1
2196 1055 3
2227 4742 175
3724 4742 3
2576 3112 4
2887 4742 9
3725 4742 12
3726 3726 473
56 4742 71
186 4742 11
1492 1492 1626
2999 2999 189
733 2736 14
271 874 2
1266 563 5
80 289 1
3727 3727 1
838 1643 3
2014 3149 8
1988 3076 1
3728 4742 2
1258 4742 16
3729 4742 4
3063 436 3
340 4742 5
3730 4742 1
3731 4742 4
3191 499 1
3236 2677 1
3732 4742 2
1845 3644 3
1483 3727 12
1622 3619 4
3733 3733 5
406 213 2
3132 4742 25
2131 2131 7
3734 4742 1
3545 3545 241
2377 2377 1
3735 4742 3
1410 1780 9
2604 4742 14
997 997 3100
2464 4742 14
791 1151 1
1395 2356 6
2480 4324 1
1403 703 1
1567 4742 48
651 4742 15
824 824 852
3736 3736 188
3689 3494 1
3125 4742 2
534 1412 11
1331 4742 1437
2747 1583 1
320 320 2961
3714 1501 1
1706 4097 2
859 1228 2
3737 4742 1
61 2299 2
305 305 16533
3738 4742 2
3739 3739 88
3652 2839 1
3026 3026 264
3740 4742 1
3741 4742 1
3742 4742 1
525 487 49
1007 4742 374
3743 4742 1
902 4742 10
1141 1141 3905
3744 4742 2
3384 3384 37
245 245 184
3745 4742 1
3746 4742 1
2355 1965 2
3696 3696 22
3479 4140 1
958 1403 3
2296 126 5
3747 4742 5
3748 4742 1
2013 564 14
1324 1447 1
3749 4742 15
555 3413 2
750 750 2711
2759 65 2
2091 2091 159
1141 4742 115
3750 4742 1
3394 4742 14
1968 3098 9
3751 4742 1
1511 3736 2
1354 2083 4
3611 3611 270
2655 2655 949
888 2354 2
3752 4742 1
1045 873 1
2495 1307 2
2406 4742 1
621 1199 1
1532 2886 1
1907 993 1
3151 4742 4
1949 2416 3
3753 3753 3310
1779 1837 1
2081 4742 4
723 1408 1
2623 170 5
723 2250 1
3639 4742 1
186 39 1
1845 1903 4
3496 4742 76
326 1668 5
2571 1000 2
910 4742 165
1209 4246 5
215 4742 8
233 1399 2
1139 4006 2
1323 4742 1
3754 4742 7
3755 4742 4
107 3666 1
1417 1691 3
2246 2246 612
2673 4742 2
1327 330 1
3756 3756 10
3757 4742 1
2751 2540 1
1966 2588 11
3428 3428 67
188 1739 25
3758 782 1
778 1150 1
3759 4742 1
1577 3091 1
2496 2496 2306
3516 3516 141
2178 2178 204
1587 4027 1
2772 3803 4
2421 2421 8859
3322 1378 3
1988 2351 1
1183 310 8
3760 4742 3
3761 4742 1
3205 4742 2
1801 1600 3
80 1625 4
1027 4069 13
82 1260 2
925 2561 1
616 1971 7
3762 3762 37
1591 245 3
160 753 1
2973 4742 17
294 3174 2
180 3163 5
3763 3763 67
3764 3764 12
1459 301 1
2262 1438 1
1587 4742 74
3765 4742 3
1992 1652 4
531 1819 8
1648 1516 6
1099 1099 279
990 304 3
1739 1937 37
441 1887 2
2252 2252 620
2266 672 6
122 3193 1
3028 630 1
1074 4673 2
2769 4742 22
1527 4608 9
2318 1818 3
2603 2603 33684
1315 1687 6
2189 4742 13
3766 4742 10
1408 3249 10
392 1859 8
54 4742 157
3767 4742 1
3275 1039 2
375 375 343
2261 2261 664
1996 1996 9272
3768 4742 4
1372 4742 5
2405 2405 66
691 4742 370
3769 3769 37
2088 4663 1
247 4742 182
3770 4742 3
2437 2339 2
1927 4742 276
1946 3559 2
926 2238 1
1271 4052 8
3194 2421 1
3771 3771 2
573 3079 1
2167 1935 1
706 4250 2
1949 3216 3
648 4221 3
2216 492 1
3571 1182 1
3772 3772 1
3773 3773 378
3216 22 9
1879 3998 2
2684 2791 3
2159 1775 1
896 4742 1
2529 2529 49
3739 4742 8
3346 3346 250
1618 1618 3385
595 595 9465
992 1561 1
3774 2187 7
2465 2465 10
4 4742 574
2617 4742 1
2849 4742 38
1648 229 6
2301 4742 4
2146 1762 1
139 2092 4
3344 3344 14
1408 4674 4
2235 1386 1
666 548 7
1008 1008 2628
2306 4742 32
3775 4742 1
2107 4118 1
1802 559 1
565 565 3039
2901 46 2
1376 3774 9
2305 3270 1
2750 925 6
451 4742 4
1790 2250 1
246 1587 1
97 1685 1
2830 2807 1
1038 4742 6
1328 102 1
198 1849 3
2281 4742 12
3776 4742 1
2728 1333 1
449 449 12
3777 1533 1
3778 4742 1
121 2141 3
1105 1363 2
2916 4625 2
2890 18 2
1534 4742 26
2973 1884 1
1127 4343 1
2676 312 1
564 436 4
2318 1671 7
3779 4742 3
3270 3270 912
1228 3611 3
3780 4074 1
1639 4374 2
3065 66 1
2138 336 12
3781 4742 7
186 952 1
459 459 2136
2244 3098 10
2237 1428 1
1826 3753 4
3689 4742 2
3782 4742 4
1369 4044 1
3405 4742 2
1085 4742 36
1299 192 1
3783 4742 5
3784 4742 2
721 3045 3
1512 4742 34
3785 4742 1
1429 4742 62
3786 4742 1
3787 4742 11
1625 3863 2
1724 1724 162
1477 1927 2
2102 2891 1
217 217 7280
2196 1774 5
2030 2255 2
3788 4742 13
2866 1798 1
122 4742 122
282 4742 11
900 3410 1
2105 4742 1
1264 1264 2214
1739 1990 60
3777 3777 80
3107 4742 3
3777 2129 1
720 1410 1
1110 1110 155
459 3623 1
947 4241 5
730 1603 4
1442 1935 6
2728 4742 35
2751 2751 844
624 624 21
1671 4742 7
119 119 7681
2227 4579 5
1647 1340 16
756 4305 2
1004 4742 3
1313 1219 1
262 262 4823
858 858 102
3789 3789 49
3535 4031 1
2441 1493 1
2481 4742 2
1763 1763 12
958 4586 6
76 1420 7
3173 4742 5
3790 4742 11
3791 4742 4
53 3724 3
1893 1055 4
2265 2265 1063
2472 2472 335
3792 4742 4
244 438 6
3793 4742 2
64 2506 2
1059 1356 1
734 4742 580
1678 4004 1
1608 1608 77
2380 433 1
3119 2172 1
3794 4742 8
1289 2526 3
1754 4742 7
1452 1025 17
3795 4742 1
715 715 13533
1213 922 3
2660 2660 3410
3581 3581 65
2173 2173 1319
3796 4742 22
521 521 961
2069 2069 1
3797 4742 3
2436 4602 3
2914 1433 1
3798 4742 2
3799 3799 25
477 609 2
3800 4742 21
3327 4742 4
3292 4742 7
612 2912 2
3616 3616 75
3801 4742 1
725 725 6361
895 4694 1
1428 4742 7
2255 2255 4437
57 2124 9
1151 3780 3
2136 4742 1
1423 971 8
2386 4136 2
104 104 243
1250 394 1
3802 4742 1
3803 272 2
938 2595 1
1729 4742 242
2803 2803 600
3253 4742 3
1413 2756 6
3652 3652 133
390 4189 1
46 4662 2
3804 4742 3
3115 4635 5
542 3625 1
3268 4742 7
19 2214 6
920 4742 18
2409 2697 5
1000 1000 743
3805 871 1
1849 3110 2
2870 4742 1
700 3129 1
2419 4742 169
2029 268 8
2316 4742 16
3672 3826 1
2043 4338 8
2828 2828 642
3806 1630 1
2450 2613 8
1223 4742 5
1837 1837 426
874 211 7
2096 4742 7
2519 1960 6
52 4742 32
95 95 298
3807 3807 36
3808 4742 5
3809 3809 26
3810 4742 2
3811 3811 9
1897 828 5
581 3491 11
821 2419 2
3812 1211 6
3102 3102 11159
3813 4742 1
1341 992 1
1127 4742 22
2032 4178 4
89 343 2
2415 1162 1
3510 4742 75
2452 4607 3
618 4191 1
1870 4742 89
2419 2419 6425
959 3147 3
2016 945 24
590 3067 1
3745 3745 3
2416 2416 11663
1244 4742 1
3033 4742 16
312 3717 6
3033 3556 2
3640 555 2
2212 70 1
1201 1047 2
165 1978 2
1984 4742 15
2800 2707 1
3814 4742 5
3322 833 1
3502 3173 2
2437 4742 3
367 367 1278
526 426 2
3815 3815 1
3106 4742 4
2746 4022 1
80 877 2
3237 2078 1
1600 3338 1
1921 1921 391
2567 3271 12
1614 564 2
1845 602 6
1759 2060 1
1814 4742 1
1377 1377 394
3816 4742 4
990 2148 4
3817 4742 14
248 4742 76
1116 4439 1
500 439 18
3649 4742 1
3818 4742 2
477 4742 144
2629 4742 2
898 1028 1
3070 4742 2
791 2034 1
3819 4742 7
3820 4742 4
1277 4742 88
3388 1452 1
3821 4742 4
2378 2020 2
2524 192 8
3612 3128 1
2386 1068 4
3822 4742 3
259 72 3
2279 2279 1064
161 1335 8
760 1271 3
3823 4742 2
666 4742 358
2555 1640 1
1467 1515 1
3488 2329 1
1581 2244 1
1842 3783 2
25 2468 1
1136 2156 1
1876 2282 2
2743 2383 2
3824 3824 24
699 699 24
3825 4742 2
558 1400 1
3826 3826 52
123 123 2000
1265 1220 1
3232 2906 1
2395 2395 69
1120 875 1
460 2598 1
2561 2561 75
1295 4742 11
1575 4742 6
2996 2996 86
2419 568 4
2515 1525 2
2014 1141 7
1498 378 2
3156 1334 1
2972 2972 6205
737 2664 3
642 4258 1
2112 2112 1
387 1968 4
1699 1660 11
938 4742 105
378 2988 3
3827 3739 1
3828 4742 16
2456 4742 7
2028 2791 7
3829 4742 5
2772 2015 4
490 239 3
3830 4742 11
2672 2815 1
3831 4742 2
410 2565 1
1008 4051 5
1459 4742 13
2003 4742 37
189 671 2
3556 4742 31
3832 3832 28
930 996 3
1036 4080 4
1770 1770 1243
945 4742 405
3190 3190 4
3833 4742 1
2452 4742 14
2106 4742 1
2610 2610 34
3834 4742 2
1710 4742 528
575 575 16418
2214 933 8
702 1344 1
1262 384 5
130 3928 1
2648 2964 2
2168 3170 4
3835 807 1
1084 1084 1073
1456 1332 9
1995 746 5
878 4342 1
3836 4742 31
3528 1532 7
2558 1140 14
3772 4742 1
103 2764 12
102 552 5
360 4742 7
480 1063 2
3837 3761 1
2159 1410 1
2000 1661 1
2141 4742 4
406 2496 2
1405 3751 1
2941 90 1
310 4742 247
1425 1489 2
126 4742 36
3659 4434 2
3838 3838 41
2472 577 1
75 2402 1
976 976 751
3839 4742 13
3027 1449 2
1981 4742 76
2852 4742 73
9 2570 2
339 4626 2
1512 1798 1
546 1606 7
2506 1528 1
373 4742 3
602 602 100
3840 4742 3
1015 73 5
1716 2075 1
453 1828 2
1473 3041 7
112 1853 2
3103 1853 1
1958 4742 6
2628 2284 2
3454 4742 1
3841 4742 25
2033 2033 7
1351 1351 2198
1412 4742 11
3146 3146 846
1480 4742 107
3826 78 1
95 4742 6
3842 3842 80
1465 4704 1
1429 4120 3
1041 4445 2
383 383 17
3115 1875 2
2842 2842 43
2540 1885 3
3843 3843 10
583 846 2
1558 2005 1
3844 4742 3
1247 1699 7
3845 4742 20
1296 1285 1
3846 4742 2
3132 1650 1
3847 4742 3
3019 3019 2346
1806 4742 33
2744 1649 1
2391 4742 21
3848 4742 1
926 3645 1
375 2486 1
677 1481 6
797 797 3226
648 794 4
1424 3945 1
2327 4563 1
1668 3044 1
436 2104 2
2524 322 9
3849 2407 1
3850 49 1
3851 4742 1
3837 3739 1
2719 2719 204
1260 4742 215
2493 4742 7
3520 4742 5
1997 4742 23
3852 3852 271
2966 2966 277
2698 1046 1
1109 4037 3
2501 2501 183
3853 4742 2
2898 2898 72
893 1109 10
3676 3676 57
2589 2589 200
2912 2812 1
1601 1601 316
3574 3574 384
260 260 2411
433 4508 10
1803 4742 336
1782 1580 3
2750 1278 3
3854 4742 5
628 4742 114
3855 3855 1040
1402 4742 5
344 2972 3
1209 1209 7013
3856 4742 1
3857 4742 6
3858 4742 1
3859 4742 1
2214 4742 103
2267 1099 3
876 268 1
3774 1479 2
208 1357 6
2687 2687 28
903 1392 4
840 4742 28
3860 4742 1
144 144 1171
3861 4742 1
3862 4742 3
1021 258 2
1721 1721 1489
439 680 4
2691 1453 2
261 4141 2
1547 1547 1198
3863 4742 2
1221 1221 350
2249 3093 1
269 269 1645
3472 3472 31
2216 4742 211
1828 1828 1240
333 1595 6
1382 3026 2
1861 2778 1
3864 4742 10
3865 3865 100
3866 3866 5
1906 515 1
70 1616 1
3867 4742 1
3163 593 1
2516 2516 2990
3868 4742 4
1069 2003 3
3869 4742 1
3870 4742 6
3774 1663 10
3871 4742 1
1255 1941 3
1342 1342 331
3872 4742 4
102 259 6
3873 4742 5
191 2221 1
3874 4742 5
505 48 15
919 919 53
2698 2698 585
2172 1483 13
74 4742 35
1049 3162 2
2708 2708 114
2299 1901 3
2641 4024 2
1014 3373 2
1683 823 1
2776 4742 2
3875 2614 1
1690 346 2
3445 4742 5
302 883 2
3503 3419 5
13 599 4
1463 4160 2
3156 963 4
3876 3876 61
2337 1024 2
2667 4742 8
520 3363 3
260 3526 1
328 328 555
537 537 6250
3087 4143 1
1077 4742 45
916 916 1377
640 1122 2
915 915 870
349 1782 10
2820 2820 167
135 887 1
3877 3877 191
3878 4742 1
520 123 5
3011 2356 4
1111 4742 7
3879 4742 18
2480 4742 12
180 35 5
124 4742 4
40 1277 6
924 2037 2
2451 4742 16
2073 1980 1
3880 4742 1
398 1354 3
2766 2281 2
61 4742 70
48 931 7
3881 4742 3
459 987 3
3753 4101 1
1229 1229 4982
2173 713 1
1790 1790 4499
3882 4742 1
1707 1017 3
1405 916 1
278 2048 3
3617 1210 2
3883 3883 30
840 3049 2
730 4634 1
1367 2787 1
3884 4742 111
939 4742 630
1232 1232 3224
3232 4742 49
3092 4742 1
2066 2765 1
503 4695 3
1785 1990 25
1466 293 2
3196 4742 9
226 2606 3
3885 3895 1
2548 3335 1
834 2743 1
492 3107 3
1721 2305 1
3886 4742 4
1934 1564 1
3887 4742 39
1959 2237 2
3753 4742 97
138 2357 1
3888 4742 2
49 733 1
3889 4742 1
3890 4742 2
1761 3807 1
173 552 1
1996 2367 2
2231 1618 4
3764 1304 1
3891 3084 1
3774 4742 196
1663 3419 14
1035 1035 2173
3892 2642 1
2909 1658 2
409 1214 1
1282 2195 4
3347 4742 8
2307 335 5
840 968 2
1266 2538 5
2216 4604 1
150 4742 26
331 873 5
3577 3577 2714
645 645 1611
2003 4733 4
778 778 26
3108 4107 2
346 3572 15
2787 2787 6
1484 3715 1
1764 1764 1469
2762 1064 5
3208 3208 1408
3893 3893 58
1780 465 3
3332 4742 6
623 4742 11
990 990 4650
678 1381 2
339 1339 2
439 1376 4
3894 4742 1
2194 3145 3
2299 1670 1
1120 2644 2
129 687 1
2326 4742 13
736 736 2151
3895 4742 4
3896 3896 7
1474 4742 20
3806 4000 1
1683 2529 2
1587 1590 3
1527 1698 3
2215 2215 2140
2704 1366 1
3897 3897 22
560 936 4
1926 1926 698
356 3651 2
2927 2927 11551
2318 2970 1
1716 1991 2
2281 2281 266
3898 4742 4
1336 1336 2182
637 381 2
3899 4742 1
3156 3156 2805
2782 433 1
1091 853 5
1263 1514 1
361 1225 3
1232 1700 4
3900 4742 4
2944 1659 7
2944 177 8
804 2049 9
2468 3104 1
1290 1290 2762
2994 1569 2
611 799 8
3901 4742 1
3368 4742 4
2048 2021 2
2884 1020 1
1246 1246 1571
3902 3902 6
605 1426 1
3903 3903 11
2582 2739 1
913 3654 1
1185 149 1
1221 3167 1
3201 2690 2
542 4073 6
1526 1526 88
324 757 2
2016 1292 31
2438 2094 9
3904 4742 2
1433 1433 5718
245 441 1
3670 3670 119
319 1780 4
1981 3131 2
2029 514 3
1452 3766 10
1345 1345 159
2128 2355 1
3905 4742 20
1263 1263 1295
3906 4742 2
1779 4742 37
1659 2694 1
2309 2309 27452
3294 4742 2
3907 3907 38
3832 4742 2
2858 1670 1
2562 4742 4
1526 176 1
3908 4742 3
610 1750 1
3242 2256 1
1159 1159 718
3590 4742 5
3471 2716 1
2965 3705 1
53 3875 4
3236 4458 1
1923 1923 16
1169 1169 25
1497 980 5
2582 2582 355
3865 4742 2
834 718 4
3065 1785 1
2147 2081 1
2903 3216 1
813 4742 9
349 2316 12
743 1714 4
1644 4511 3
3909 4742 21
3910 3910 349
1270 4570 3
2821 1894 1
2803 4742 22
311 311 1321
3589 2590 2
756 788 3
581 2450 6
3875 2445 1
622 622 942
3701 4742 3
3762 4742 2
3911 4742 2
997 2371 3
3736 4742 9
440 2781 1
2274 1912 2
1070 1609 1
1773 1255 4
2805 332 23
3912 4742 1
3913 3913 43
797 4170 4
1102 3620 1
2714 3007 1
692 1599 1
1156 1801 7
3914 3914 165
2338 4742 88
788 788 1319
776 1624 1
2151 2151 242
3915 4742 1
2566 2566 2264
3510 3417 3
2283 3258 5
1625 2744 1
3711 4742 5
1882 1882 668
2168 2168 3714
372 1377 5
440 4742 23
1131 2995 3
3201 1937 3
3313 4742 9
328 4742 15
3916 4742 3
1220 526 10
2609 4742 7
1343 3536 3
700 700 460
876 876 634
1262 458 1
1037 2664 1
3660 3660 34
339 2709 2
2988 4742 14
1310 1196 3
905 4742 107
3917 3917 133
3918 4742 11
21 3804 3
641 264 5
3919 3919 25
844 4742 1
3057 157 3
1826 1826 10974
1404 317 3
1176 4014 15
3128 4649 1
2090 4647 2
3920 4742 1
1564 1564 62
3061 4742 102
710 4376 3
3471 2950 1
356 1138 2
1613 4323 1
3921 4742 2
821 1683 2
3922 3926 1
3923 4742 1
2194 1506 1
3279 4742 3
3774 2734 8
3519 179 1
1172 1421 1
1856 2261 1
542 1922 9
3021 4742 2
3924 3438 1
1893 4476 9
3925 4742 18
55 1187 2
1366 2001 4
1470 1470 22
3438 3438 2
2752 4742 2
412 778 1
3926 4742 3
3210 3210 86
1977 1006 1
2266 848 7
2993 2993 422
3725 3725 475
1585 657 1
1505 4742 68
1984 1851 1
2563 2890 6
1030 4742 24
3333 4742 126
3927 3927 280
320 395 3
1202 4696 1
305 1087 16
1190 4742 40
710 1900 1
2686 1547 7
3928 4742 2
3929 4742 9
797 3971 4
3460 946 1
3930 3930 19
1078 2509 3
3146 2404 2
632 3195 24
173 4742 24
1250 1341 1
3931 4742 1
2211 3739 2
632 2193 37
3887 3887 861
3488 1231 2
1075 1075 427
1336 2519 2
1773 60 3
1885 1510 2
2488 4022 4
3063 4290 1
3717 4742 13
3932 4742 18
3273 4742 14
1043 4742 174
955 280 1
144 1235 4
1290 3314 4
3933 4742 1
61 1636 4
3934 4742 1
309 4742 22
594 1436 1
2820 196 1
1522 1664 6
2432 2432 931
939 795 7
1866 1866 1899
3935 4742 25
588 1830 2
3829 265 2
3366 4742 6
3936 3936 20
107 587 2
2841 3311 1
1137 811 2
1488 1749 1
1842 337 3
722 3232 2
3937 3937 17
3045 2366 1
2207 1334 10
92 92 1686
3938 4742 1
3927 4395 1
90 90 1698
3939 3939 31
3940 4742 1
438 4568 21
3941 4742 5
3379 2521 1
2762 2762 2728
262 1270 2
1285 4742 71
1876 2599 1
3333 1333 5
481 4742 70
1936 3207 1
3942 3942 51
2222 2222 11847
618 910 3
508 4742 24
1274 4742 1
2341 1429 1
607 4038 1
1898 4742 15
3943 4742 18
1214 1214 253
1743 3215 7
1511 1378 2
3944 4742 2
3945 4742 2
2682 2682 19
162 162 156
534 4017 19
763 600 3
3946 3946 244
1282 1282 2850
1062 163 16
1713 4742 5
3947 4742 14
1292 857 27
1172 1280 1
2749 2654 1
525 319 41
2755 4742 9
1505 3835 1
893 1013 5
936 4467 1
3437 4742 6
2515 2065 2
3948 4742 1
3949 1936 1
1398 4232 2
3950 3950 44
2753 4742 24
33 33 16508
1171 1171 18
786 4742 4
3951 4742 1
2399 1510 1
3246 4742 2
1946 1946 2487
2364 1352 1
2887 2887 219
3952 3952 396
177 2971 2
2366 4742 1
3953 558 1
2613 2613 4734
2657 4742 1
482 526 2
3954 3954 22
3955 4742 12
1920 3005 4
985 985 50
603 3654 1
3956 4742 1
87 666 2
3957 4742 1
297 2570 1
3950 4742 1
2921 4742 5
1488 182 1
999 572 12
3174 4742 12
1507 2420 1
1140 3319 24
2453 2508 4
859 580 2
3958 4742 2
499 4742 4
3959 3959 34
1008 2309 1
3960 4742 3
2029 3387 6
1502 2213 1
3343 4742 1
3961 4742 5
371 371 202
3570 3570 199
3962 4742 3
3963 4742 27
1015 3731 4
3964 3964 50
893 4742 124
1521 2979 2
3965 4742 2
2341 2341 204
3753 302 5
678 3897 2
3829 3829 194
2211 4742 114
678 3861 1
841 841 401
582 4413 2
3966 3966 81
3056 4742 4
1204 2261 1
189 189 3993
1912 2876 1
670 4742 4
1760 2341 1
3967 4742 3
3201 3201 1190
1546 4063 15
3480 3480 460
1586 986 5
2633 1320 2
2356 4742 223
1801 1894 3
709 709 168
1328 3033 5
1664 1664 2307
2703 2703 50
2750 318 3
1071 4262 4
649 1580 1
1704 1133 2
3660 4742 1
3471 4424 2
88 208 1
2370 4742 3
2613 1477 5
2001 2122 27
3968 4699 1
1424 1985 1
3969 4742 2
1211 3322 5
1058 4335 1
3970 4742 2
206 3347 2
3363 3980 1
3100 3953 1
357 4742 4
398 557 1
2419 1570 3
3971 4742 4
177 3175 7
272 2111 1
1024 1024 5273
1317 1317 703
3457 4742 5
2722 255 8
1627 1627 97
3868 3868 142
3972 4742 14
2686 1872 3
998 998 195
733 4742 734
573 3744 1
1203 141 1
126 1536 1
3973 4742 36
1466 364 4
1363 3833 1
1408 295 6
1520 853 1
3148 3951 1
2621 2621 793
2489 2489 210
615 1086 1
1147 4300 5
3875 2944 1
165 1070 4
1778 1242 2
1741 1351 1
1364 4742 13
3411 4742 8
665 559 16
143 676 15
3974 4742 1
2421 316 4
3975 4742 1
1758 3934 1
2856 4742 1
3976 4742 1
176 3778 1
1584 1584 2094
3977 3977 109
3295 3295 12
1317 3125 3
1407 922 2
3978 4742 6
1618 4742 99
2293 4165 1
3574 2007 1
135 135 329
2931 4742 9
1480 4365 2
2080 4742 1
2789 2789 1860
2003 464 4
620 4345 10
874 1704 3
3084 4742 1
3979 4742 1
2303 4742 14
610 610 431
1236 4363 1
67 980 16
1595 3216 4
691 691 14189
971 1935 8
434 4742 116
3980 4742 1
3981 4742 1
1818 1586 1
1293 252 2
1903 4742 6
1741 632 3
1531 3154 1
777 3979 1
3439 4742 3
2371 133 1
618 4288 4
1922 4666 4
3982 4742 79
1176 3515 14
3983 4742 3
3984 3984 49
671 4742 8
1420 4742 35
1449 1647 4
3985 4742 7
757 4742 30
1547 1170 1
2193 2193 24591
2903 2903 282
1560 1908 1
2250 4742 78
1151 735 1
1137 1137 5676
539 2803 8
2347 2347 2534
2168 4072 3
1432 1432 22
3986 4742 7
1459 2267 1
3987 4742 1
2644 2715 1
3714 4742 47
3988 4742 1
2407 2251 3
2014 196 3
2762 1365 3
2557 4742 3
736 2226 1
3989 4742 4
702 1319 2
1153 3555 2
1826 4742 309
2195 426 1
3194 3194 372
1063 3109 7
3990 4742 6
3215 1285 1
1874 574 1
3991 4742 1
1543 510 2
3992 115 1
2247 4742 8
2935 4742 4
529 1519 2
3993 4742 22
3181 4742 11
1243 2575 18
2415 1747 2
834 794 2
1620 1620 1004
2623 2623 2612
1035 3223 3
1331 618 29
3561 3561 2
3471 4742 30
1959 1058 1
268 2690 5
1591 876 2
384 2658 1
799 2260 1
3945 920 2
1578 4490 2
562 2164 3
574 4742 4
1014 4742 14
1131 678 1
2001 4742 918
485 4742 47
739 3275 1
3209 4742 7
3994 3994 444
1656 4416 3
3995 4742 2
1587 1587 2442
322 189 9
697 4742 35
69 543 3
3996 4742 9
1600 312 6
815 4742 6
3997 3997 1
1057 955 2
854 346 4
2462 2462 3
181 257 1
1204 1204 839
3356 4742 1
2750 3672 1
343 4089 1
3436 3436 132
3998 4742 2
1106 1106 284
1332 4742 24
526 1039 6
1954 1954 213
93 93 3752
3999 3999 855
948 475 1
649 4742 17
937 2872 1
2391 1897 2
1433 335 8
537 1942 7
2592 841 1
2063 4742 68
3655 1059 1
3003 2199 1
4000 4742 1
4001 4742 5
2855 534 1
1444 36 2
2809 2809 1
1414 4252 1
3163 4742 13
4002 4742 1
2094 2094 2235
1420 1263 1
2875 4646 1
3099 4742 1
968 415 3
406 3855 1
4003 4742 5
2221 916 1
1813 2922 1
129 1675 2
736 1877 5
1963 4742 20
4004 4004 69
1780 3427 1
565 1541 4
1335 2714 2
2227 2227 6196
4005 4742 3
1871 1871 2348
850 743 2
2082 2082 25
1998 4742 1
1639 813 4
4006 3926 1
930 2272 3
2704 2704 947
3626 4533 1
898 595 2
898 898 2631
159 159 4484
2429 4742 48
4007 4742 2
1803 1803 12345
4008 4742 1
182 1972 6
1875 4742 116
2891 936 2
3082 3317 1
265 2320 1
658 658 143
2946 2946 1
3357 3357 84
4009 4742 7
1799 1799 4246
2206 2206 25932
750 4742 83
2922 1603 3
195 2331 2
250 250 5
1500 3791 4
733 3530 13
2183 2183 1466
2132 4742 3
972 86 1
1911 1911 409
187 2961 2
4010 4742 1
3651 2922 1
151 1348 1
1524 4742 72
529 767 4
296 4742 40
2837 1481 2
3992 3992 11
459 3609 1
4011 4742 1
990 2085 4
381 4308 1
1782 282 1
570 570 514
4012 4742 3
3582 3007 4
1992 1992 3472
2595 2595 8
4013 4742 1
3922 4742 2
1807 1807 10409
253 2224 1
2633 4484 4
1882 4742 15
4014 4742 15
605 4742 611
1487 4742 25
696 2871 1
2636 4066 1
1407 4742 13
2777 4742 3
2890 1196 3
4015 3486 1
1487 4672 2
1603 1538 15
1389 1389 1033
3972 3972 281
733 722 8
4016 4742 5
945 3264 18
839 839 3356
770 3227 1
2452 2452 551
1198 1388 3
1719 4742 16
2992 4742 16
586 4742 14
975 975 110
1581 158 2
2323 1334 10
341 341 661
588 4742 24
4017 4742 21
2304 4742 7
4018 4742 44
716 4742 11
4019 4742 1
1390 1390 59
1120 4742 34
3977 4742 6
3079 4742 6
557 3869 1
2762 2852 3
729 1430 6
3510 2667 3
3427 4742 23
1995 1156 5
2608 4147 1
564 4742 125
3764 4742 1
1174 4742 136
651 3148 1
1706 4742 15
719 2577 4
523 3966 1
163 2253 3
1463 2646 2
4020 4742 1
4021 4742 7
1167 1167 1094
1190 1311 2
1404 1404 1283
4022 4742 6
891 891 111
2566 2879 2
4023 4742 9
286 1579 1
516 4049 3
121 1067 1
1139 1377 1
874 874 4696
2496 4742 65
2530 2011 2
1990 857 17
900 203 1
4024 2021 2
2714 4742 70
1924 2177 1
2089 64 3
4025 4025 65
520 654 2
4026 4742 3
1417 1417 6766
922 2321 1
1381 4742 42
2584 4225 1
4027 4027 31
3352 1983 3
1690 3140 1
875 2420 5
4028 4742 4
4029 4742 17
1780 671 1
3325 688 4
3852 758 1
300 4742 33
2759 1561 2
3568 84 1
283 4742 18
1156 803 2
2779 2779 1778
2866 4029 2
1484 3950 1
3172 4742 2
396 2299 2
1782 206 4
450 1411 9
177 44 3
2899 2899 32
1237 4116 1
910 3238 2
2326 2326 566
1285 1285 2518
2599 4742 8
2908 2908 699
2419 529 4
1030 1030 762
3659 4742 13
1009 193 6
3812 2766 2
313 4500 2
246 4742 13
4030 4742 2
4031 4742 1
1034 1034 740
1781 1781 2509
4032 4742 5
457 4742 32
2409 2309 3
1945 2171 2
783 1080 4
744 2474 2
311 1836 3
641 3420 6
2962 743 7
549 549 248
4033 4742 2
898 3168 3
4034 4742 16
3156 812 6
2416 4742 297
1693 290 2
1063 1063 6567
2299 274 3
2559 2073 1
2318 2318 4237
859 4742 70
238 1512 1
148 148 8387
4035 4742 1
2793 4742 26
12 4348 1
3097 4742 15
983 1317 2
521 843 2
203 374 2
400 16 1
351 1579 1
598 2914 13
4036 4742 12
3672 2627 2
217 2062 4
1247 4557 13
1543 1903 2
839 3470 6
563 3292 3
2293 4742 21
2858 2858 1736
1493 3098 1
4037 4742 3
1242 4302 1
4038 4038 19
3636 4742 11
1054 3821 4
1151 4148 1
2859 4742 64
62 1799 6
361 361 1672
1448 3143 1
4039 4039 3
4040 4742 2
938 4283 3
1591 1591 1358
804 804 16064
2019 4742 1
2750 2750 3664
3701 810 1
995 432 1
3222 1560 1
2972 4742 163
958 1943 4
806 1008 3
2576 459 5
4041 4041 21
3503 4742 121
4042 4742 3
481 572 2
3575 3575 335
2474 2474 1812
430 705 5
4043 4742 3
3306 1778 1
1394 4742 7
4044 4742 1
4045 4742 2
518 3295 1
1040 2309 23
1852 1852 2186
1179 264 1
2949 205 22
4046 4742 1
4047 4047 6
4048 4742 1
3479 868 3
1595 2280 4
4049 4742 4
2858 2714 4
637 1074 4
3237 325 1
2456 2456 121
2571 2405 2
876 4339 2
2223 1374 1
1338 273 1
609 609 276
1425 842 5
1492 4742 50
2735 2735 31
1364 3323 1
959 522 4
4050 4742 7
4051 4742 7
2745 2745 84
1638 1638 880
4052 4742 29
740 740 994
4053 4742 3
1708 542 1
617 4742 1
4054 4742 2
4055 4742 1
4056 4056 35
721 2848 3
1136 3240 1
466 782 1
2838 2838 141
1087 3814 3
4057 4742 3
2562 3236 2
2063 2063 2233
1859 135 5
487 2098 3
4058 4058 39
1060 1060 2877
2746 2746 95
1134 2115 3
878 1656 2
712 882 2
3646 3646 4
260 1298 5
1813 4268 3
505 505 20332
187 4115 1
717 717 61
820 2921 1
2530 1638 2
1090 1090 25
3986 3986 1
4059 4742 17
2772 1760 4
2358 463 1
505 2766 8
2034 4742 1
97 876 2
606 56 6
3450 3942 1
2240 4742 27
1866 3529 1
4060 2364 1
1054 1354 4
1281 4742 17
3868 2365 1
1764 4494 1
1423 414 5
648 648 1568
159 1381 5
1670 578 3
3477 3477 6
1974 4527 1
1994 1994 4
2309 1239 31
4061 4742 1
763 4163 3
4062 4742 5
4063 4742 15
274 2176 1
930 2796 1
1836 789 2
1413 423 10
4064 4742 1
3216 1569 7
164 768 2
2212 4742 23
2677 4532 5
341 3524 1
3370 4742 3
451 1569 1
3035 4742 1
795 795 8627
1014 1014 487
4065 4065 142
1456 968 13
2654 2654 54
1232 54 3
4066 4742 2
4067 4742 1
3914 1612 1
926 4742 35
554 4177 1
487 456 8
1884 2032 3
554 554 1877
1124 583 1
595 2603 8
1184 1184 10513
2202 2202 1
3404 3404 32
678 4600 2
555 4742 22
1472 261 2
2350 2476 3
848 1276 4
1498 2390 1
930 448 2
3273 673 1
1170 1170 5184
116 4742 6
403 4742 28
2488 2281 1
4068 4742 6
2101 3197 13
4069 4742 13
3279 2083 1
871 871 1298
126 2588 2
325 4742 19
3582 2448 4
1628 4122 12
1826 975 5
1121 675 4
4070 4742 5
1071 1071 4357
3474 3474 11
1119 1119 42
4071 978 1
119 2409 10
2356 1483 2
548 2686 10
2676 2676 807
4072 4742 3
3582 2485 2
3812 3812 7404
1531 365 1
2271 2271 6
2865 2865 83
4060 4742 6
704 145 7
253 754 2
235 2586 1
870 1672 1
1319 4742 16
3510 1433 1
84 3178 2
921 2028 7
4073 4742 6
4074 4074 2
2209 2209 23
3352 4742 80
340 3436 1
3756 105 1
2146 4742 14
1620 2517 2
2766 2766 3158
1030 2646 2
1063 1140 8
3937 4742 1
2660 194 5
1355 1355 3464
1095 1095 5250
3758 3758 5
1670 4742 43
4075 4742 4
1202 433 12
665 531 15
3835 4742 25
4076 4742 6
3740 1834 1
1643 4742 11
989 3101 2
2707 337 8
1992 2459 1
3875 4742 6
2833 1688 2
1949 3401 1
571 4358 1
814 4742 7
957 4247 2
2316 4043 1
4077 4742 23
1988 2073 1
1335 595 1
1757 1620 1
804 70 4
4078 4078 87
2089 4437 4
2690 3904 2
1543 2462 1
3350 4742 1
4079 4742 13
3494 3494 15
568 568 1504
1121 1121 3475
1372 1627 1
3376 3376 50
1127 1497 4
4024 2485 1
1055 4742 87
795 3427 4
2350 1323 1
4080 4742 4
637 637 2476
3280 3280 1
1513 3918 9
3651 3651 633
3105 4742 1
973 3582 2
2835 4742 8
4081 4742 1
1647 4742 496
3343 2974 1
18 18 1680
2685 2685 34
917 917 16
4082 4742 6
1606 1497 8
604 1939 3
1247 2089 9
2102 2099 1
1191 4742 2
4083 4742 3
3325 4742 170
2891 4742 26
491 4742 24
4084 4742 1
1267 4742 22
514 514 1921
1425 2433 1
3675 2913 6
1658 1658 107
4085 4742 1
1845 1189 4
1816 1816 429
1799 3777 4
737 4742 19
60 2514 3
971 971 9726
3387 2684 1
2235 3566 3
1158 3052 1
1500 4742 92
2782 4742 16
3057 4742 26
148 4034 2
1434 1434 860
1398 3627 3
122 2090 4
3245 3245 115
1130 1642 1
175 495 2
568 767 2
3808 3808 181
732 3612 1
1425 2553 6
2053 2513 2
4086 4742 6
1444 798 4
352 352 3
2119 4742 1
496 496 6739
2038 1419 1
992 262 3
4087 4742 8
1972 337 29
4088 4742 1
1103 2471 1
630 3708 11
332 20 4
854 854 2233
2738 4742 62
753 753 97
2956 2956 374
1324 1324 321
310 554 13
749 2456 5
4089 4089 44
4090 4742 15
470 3957 1
2231 2272 4
2558 2153 11
798 4742 135
3100 3100 245
4091 2902 1
4092 4742 3
821 821 3285
676 1745 10
3675 1532 3
4093 4093 113
871 2738 1
905 905 3942
1683 2638 1
1275 4742 1
2421 2077 8
4094 4742 3
2045 2045 7894
1480 439 5
28 3883 2
718 718 2236
971 760 7
265 4742 10
655 810 3
4095 4742 4
4096 4742 2
1376 3180 6
4097 4097 281
2170 4742 6
1799 4742 129
3891 1953 1
2939 4742 3
2071 2071 2237
3333 1170 1
2218 4742 7
3282 3282 29350
4098 4742 8
4099 4099 72
1695 1695 199
1784 4742 2
217 1495 9
1232 1101 2
740 628 4
4100 4742 1
1307 1655 4
1681 1492 2
1341 488 1
4101 4101 14
3217 3217 87
4102 4102 30
701 3037 1
474 1856 3
453 453 3076
2147 706 1
1511 1511 851
1219 4421 1
4103 4742 5
829 3948 1
3884 1571 4
4104 4742 8
3237 4742 8
1175 1140 2
839 2892 4
3789 4742 2
2113 4735 3
595 688 7
1646 1966 1
4105 4742 7
514 4742 53
1637 1947 1
3186 4742 5
2290 64 1
1950 4319 1
2172 2172 9386
4106 4742 4
1533 1854 4
3914 1521 2
4107 4742 2
4108 1436 1
3876 4742 1
2744 4742 8
4109 4742 6
2750 2179 1
1148 478 11
4110 4742 3
4111 4742 1
708 3088 7
1473 2299 6
4112 4112 14
4113 4742 7
2992 2992 365
4114 4742 5
2242 3553 12
3536 4742 7
2924 4742 1
1359 3282 3
1644 4742 179
4115 4742 1
2225 1534 1
2090 3705 4
3854 3854 89
2530 1434 4
3312 4742 5
4116 4116 9
4015 2593 1
1899 1899 198
4117 4742 3
3436 4742 2
3616 4742 1
1556 1741 1
2764 4742 94
3953 3953 40
1266 797 3
4118 4742 7
364 1724 2
2081 3192 1
244 2257 5
2386 684 1
4119 4742 1
43 4742 1
1664 2497 1
185 1040 5
1018 1720 1
62 4742 292
552 1017 8
251 1081 1
3609 3609 254
1836 4742 33
956 956 319
3112 3112 782
359 788 2
327 327 175
3213 4742 1
4120 4120 57
794 1013 7
611 1014 10
1577 1577 885
2043 1411 2
3388 1911 1
1068 897 1
3364 4742 2
8 3360 1
198 1939 1
4121 4742 1
3042 2314 1
1774 1163 6
4122 4742 12
1903 2983 1
1525 25 3
2763 2763 74
4123 4742 1
1025 4322 2
4124 4742 2
1484 4742 32
1594 918 5
1778 4465 3
483 483 563
164 4742 59
351 4058 1
1069 1563 3
4074 4742 1
1934 363 1
1329 13 3
828 828 2079
133 132 5
3539 4742 7
968 2871 2
1128 1089 2
1546 1546 28125
799 699 1
3839 3839 1
569 4211 6
4125 4742 2
2352 2794 4
3670 2106 1
2143 2143 17
9 309 1
2538 4742 19
1678 4742 17
2849 2568 1
2576 570 3
2794 2603 8
746 2431 1
462 4742 6
2855 4742 34
934 2683 1
1280 1071 1
20 2021 17
1026 1026 191
795 2495 8
4126 4742 3
3311 4742 1
3430 4742 2
4127 4742 2
4128 4742 1
425 976 2
1268 4742 1
412 2515 1
55 461 1
4129 4129 67
3614 265 2
4130 4742 4
1094 1631 1
563 649 7
2861 2588 5
207 1990 4
2565 1040 5
2663 4742 9
4131 4742 1
4132 4132 46
4133 4742 3
4134 4742 1
1810 3818 2
823 823 643
3000 3000 379
1977 4742 8
92 2547 2
3720 3720 5
367 136 2
634 1422 1
3826 4742 4
1920 1920 3289
4135 4742 4
2015 2554 1
165 482 7
2016 2016 28656
1483 1483 11888
2197 4337 1
2993 2525 1
4136 4742 2
268 268 2203
3811 4742 1
739 493 1
1031 4742 12
3041 3041 1724
4137 4742 1
2367 2367 412
1325 1325 17
3773 4742 10
935 4742 4
531 61 5
2474 3480 2
1493 1401 1
23 916 4
1698 3155 1
2474 582 2
4138 4742 2
583 4742 36
2649 4742 2
3675 375 2
2615 1594 1
2690 1483 3
2770 4687 1
3249 4742 12
1520 4742 38
2566 4742 73
90 336 2
1853 93 9
2083 4742 122
2488 3776 1
1561 1561 11128
2702 4742 25
722 2627 1
4139 4742 1
1240 1240 35
27 27 6880
152 4334 3
619 494 2
103 1282 10
1190 2190 1
54 1768 4
3487 4630 1
2216 4459 4
704 704 4150
1153 1582 1
334 4742 41
639 639 15043
4140 4742 1
2249 2249 737
1030 4741 1
2445 2445 184
662 4742 9
1996 223 2
907 4742 49
2276 2597 2
2943 2943 18
4141 4742 2
548 2040 9
1652 2683 2
2773 2406 1
2491 2691 1
1321 472 1
180 403 3
1243 4742 667
456 3333 4
1743 1711 4
4142 4742 14
853 248 1
1894 2677 15
802 802 54
64 2714 1
2524 3852 8
2553 4742 8
4143 4742 1
661 4121 1
997 72 1
2322 2527 3
1890 4742 14
3812 4742 214
2834 4742 23
2144 2144 193
2358 4742 8
500 2138 31
2049 143 1
4144 4144 10
4145 4742 1
3306 4742 2
3528 201 10
1543 3042 1
905 958 2
2298 1366 4
3201 4742 36
660 3390 5
477 4045 2
1210 832 2
139 208 1
2296 262 9
885 3760 1
3866 591 1
1158 677 1
2088 4742 4
430 207 2
3361 3361 50
995 2899 1
2963 1766 1
138 1429 5
1786 2212 1
1197 4742 7
4049 4049 38
191 1504 1
4071 4071 1223
2280 498 4
4146 4742 25
3559 3332 1
1806 3562 1
203 3937 1
1500 2022 3
4034 1357 1
4147 4742 9
294 4742 26
733 2120 13
2772 2555 1
2540 2540 4270
4148 4742 1
1228 1855 1
2415 2992 1
2275 1190 2
1183 1562 8
1894 1892 14
2057 4742 2
205 236 1
1210 4460 2
226 4192 3
2513 4742 2
529 529 5897
657 4742 56
2043 2794 6
746 4742 8
4089 4742 3
2516 4742 74
2640 2640 192
3335 3335 6
1401 3181 8
589 4742 9
4149 4742 2
453 418 3
2380 2380 630
3011 3011 1476
226 4451 1
4150 4150 7
4151 4742 96
1504 1504 6
1842 4742 62
3222 58 2
1420 891 1
1282 1094 4
712 3089 2
231 2707 8
2861 907 4
1035 4053 3
3577 694 1
2443 2443 290
2021 2021 15816
3337 1575 4
1036 3270 3
611 4742 523
378 2035 1
4152 4152 118
4153 4742 1
4154 4154 22
2598 2598 8
2195 2520 1
245 1360 2
2029 2029 6413
3076 881 3
1782 3790 2
969 2353 2
3076 4333 1
2588 2588 10632
2477 3371 1
1655 1655 7019
447 4742 2
510 63 2
1201 3270 2
2411 2411 95
1408 1408 7420
1631 4742 16
1021 234 1
3000 2258 1
1519 4742 8
739 799 3
3680 3680 10
3883 4742 3
1086 3850 1
949 4742 66
2380 1455 1
757 1130 1
2477 586 2
307 1175 2
4155 4742 1
334 3530 2
3112 4742 27
1810 2066 1
2233 2358 2
557 557 1440
4156 4742 2
1738 4471 1
4157 4742 1
2002 1871 2
341 4039 1
3074 3074 1021
296 4235 2
4020 4020 14
3261 3261 9
1086 4742 47
2450 2 7
1131 1258 2
1894 1147 13
1523 85 1
1512 3286 1
57 4406 4
1819 1565 3
2686 247 6
2138 527 14
93 4742 106
1578 2420 1
1454 2335 1
4158 4742 12
1026 2188 2
4159 4742 1
612 658 2
4160 4742 2
1903 1903 96
3733 4742 1
1289 3689 1
2240 1208 1
587 587 58
4161 4742 3
2318 569 4
1859 4742 42
4162 4742 4
276 276 83
4163 4163 25
1246 2753 3
4164 4742 3
4165 4742 1
1071 3167 5
562 3892 1
4166 4742 1
2188 2188 1159
760 1771 3
17 2608 1
2274 2408 2
1785 4742 627
2890 4172 3
764 1710 2
1623 4742 4
605 2460 21
2309 2001 33
1256 4742 2
1618 1310 2
272 1157 1
2412 936 5
1283 1819 4
1879 4564 1
2896 4315 1
2845 3198 4
1547 4186 1
88 510 5
2097 2097 1
4167 4742 3
4168 4168 512
3337 3508 2
1392 4742 4
3212 3212 115
109 109 22560
2070 3325 7
554 4742 54
1139 4018 1
4169 4742 46
2451 2451 606
597 894 1
2722 4742 141
4170 4742 9
4171 4742 1
497 4742 28
938 1848 6
986 4493 2
2636 651 1
542 871 10
992 992 2795
4163 4742 1
2530 2909 7
69 69 6023
584 584 496
163 163 3432
4119 4119 5
4172 4742 4
4173 4742 2
1373 2283 4
801 2666 3
4174 4742 3
969 4742 8
4175 4742 2
1348 1040 9
2955 670 1
33 4742 463
2672 3312 1
1361 3600 2
3149 4742 196
1282 4742 83
1483 4742 336
834 305 2
4176 4742 2
439 4742 74
3548 3548 39
4177 4742 1
3774 4454 6
4178 4742 16
2610 2973 1
4179 4179 1426
1348 2721 12
571 571 1227
3332 3332 171
1455 4742 31
3433 3317 1
4180 4742 1
705 157 2
4181 4742 1
1449 4742 90
474 9 4
1203 3558 1
875 3900 4
857 3464 48
2017 234 4
671 671 254
885 4742 64
4146 2670 4
1487 3728 1
2853 2853 251
3812 1124 1
1092 1006 2
4148 4148 1
573 573 700
2206 337 29
265 2404 1
1920 3532 3
618 739 3
2165 2162 1
150 269 2
1688 980 1
1382 4584 1
4182 4742 1
441 441 1248
2040 2177 3
1845 1970 3
3490 4742 5
2993 1619 1
1597 1597 98
4183 4742 10
73 73 4641
668 176 1
459 4742 69
2266 3149 1
2836 4742 4
3148 4742 10
1180 1180 1138
1791 3148 3
1670 1822 2
3102 1660 13
222 873 10
3115 3325 4
4184 4742 3
1603 4742 295
1826 1265 6
1143 1143 802
1058 3450 1
187 829 2
4185 4742 2
905 602 1
2713 4742 5
213 606 4
4186 4742 1
946 4456 1
1962 2363 5
4187 4187 49
1761 1761 619
48 48 8744
870 2091 1
161 4565 7
4115 4115 47
903 3074 3
4188 4188 6
3703 4742 2
2676 828 1
637 2002 1
1849 22 1
1348 433 10
2337 949 1
941 4742 2
2421 4742 242
2667 2667 324
315 315 310
310 642 11
2168 3627 1
2781 3282 42
2738 980 6
346 2239 8
669 1062 15
505 4679 11
1712 733 3
2282 3273 1
3884 20 5
734 776 10
3223 4742 11
3171 3171 286
4189 1073 1
1349 1011 2
4190 4742 3
4026 4026 87
4191 4742 21
1636 1590 3
3824 4742 2
2871 2211 2
3270 533 1
1592 1690 1
374 3573 1
4192 4742 3
2173 4742 46
4193 4193 1
4194 1837 1
934 1835 1
3194 2610 1
205 2852 4
2516 1385 2
1470 4742 1
3063 4742 34
1078 4379 1
3603 4742 11
54 2972 2
1615 3296 4
1152 4742 9
2235 1456 7
2576 1313 4
4195 4742 1
4196 4742 2
3079 1539 1
390 2908 5
427 1688 1
4197 4742 1
2267 2267 2015
3305 1454 3
4025 4742 2
2587 2587 85
2322 760 3
4198 4742 1
280 2689 3
1691 1691 851
1707 725 1
2197 4742 68
885 885 2075
1266 2233 7
1282 2081 2
2974 335 1
3910 3854 2
528 4742 4
2722 2591 8
3587 3587 3
1403 4742 9
2458 2458 1058
206 1923 1
1755 1095 4
3379 3379 106
222 2323 4
563 131 2
2327 2327 1206
2299 2299 2111
4199 4742 2
4200 4200 5
49 49 2440
916 2264 1
4201 4742 1
1141 2250 1
4028 4028 76
2078 4038 1
1782 4742 116
2178 4742 8
3684 2959 1
2615 2254 1
4202 4742 4
1489 4742 1
4041 1009 1
708 1690 10
4203 4742 26
553 553 23
3488 2945 2
4204 3808 1
2135 614 3
4205 4742 1
4206 4206 377
1601 4742 4
2786 3487 1
2597 2597 3416
3649 3649 18
1009 2204 4
577 577 311
3726 4742 13
4207 4742 1
23 846 4
1945 3176 2
4208 4742 13
4063 4063 1
2014 4742 216
3659 3469 1
189 1533 2
62 4461 5
1769 1769 2190
2792 2792 55
4209 4742 12
4106 4106 80
2954 315 1
2415 2140 1
1704 4114 5
1183 2329 9
439 1506 1
4210 4742 1
4211 4742 6
1456 696 12
1949 1949 1726
2522 3936 2
2244 4742 152
2276 547 9
4212 4742 3
3580 4742 35
69 674 5
3875 3875 166
1346 4132 1
2013 3063 9
1815 1815 2
1138 4742 1
474 4742 174
2318 4404 4
1594 4742 72
67 2074 13
19 729 3
271 271 848
4213 4742 4
1898 1072 1
1086 1086 2153
4034 2900 1
4214 4742 5
752 752 6864
3530 3330 4
660 427 2
3279 3279 85
1193 960 1
994 4087 4
1057 2834 1
2589 1993 1
132 3663 1
1801 1852 2
4215 4215 4
4216 4742 2
2293 970 1
385 385 7
1203 4742 7
550 597 1
1405 1043 1
1508 4742 47
3897 4742 3
3817 3817 416
3837 3837 47
1066 4742 6
2481 2481 35
1743 2853 3
307 756 2
2181 2181 92
1527 1349 12
2594 4742 1
3517 4019 1
3568 3568 350
4217 4742 9
887 4742 2136
2267 40 3
3486 4742 1
165 4742 139
526 116 4
4218 3229 1
271 4742 20
789 51 1
285 4742 272
3094 3094 383
1487 2963 1
530 3023 1
477 477 5193
3856 3856 13
782 3827 1
3216 605 9
128 128 170
376 376 477
1463 1956 1
1659 1659 2390
2892 2892 360
2022 158 3
1162 1162 8082
395 1647 6
1016 1016 3351
2524 1480 12
938 938 3661
3023 3023 4
954 307 1
282 187 1
2020 4036 11
3183 81 1
4198 4198 39
3461 4742 2
666 666 13587
2940 4742 1
4219 4742 10
224 4742 5
4220 4742 8
4221 4742 3
2963 2963 146
3144 3144 53
2307 2307 1744
1960 4295 2
4222 4742 2
1131 1131 3649
3305 4742 20
1100 4742 46
524 524 11654
4004 4742 4
3439 3439 101
2089 130 1
2916 2916 287
4223 4742 3
54 54 4741
247 4592 3
3275 4742 48
473 4174 2
4224 4742 41
893 2299 2
562 1328 1
960 2891 6
2165 1532 1
4225 4742 1
2128 4742 25
776 4600 1
2358 836 1
1539 4742 11
797 3617 1
2046 110 1
2559 2082 1
386 386 1
2046 3631 1
599 599 86
3626 3626 386
1204 4742 20
15 15 58
2412 1411 9
307 1433 2
349 1148 10
1826 2333 3
3516 476 1
1988 4742 54
164 2059 3
143 1586 19
422 422 629
322 3749 7
644 1893 2
4226 4742 2
2671 4742 31
3098 4742 253
2999 3738 2
3268 3268 139
3388 3388 265
2522 2270 1
3528 3932 12
689 3343 2
2460 4742 422
13 1389 5
1356 1356 434
3224 3723 1
2244 2666 6
4227 4742 1
3207 4742 8
1419 4059 6
527 2077 4
4228 4742 1
1362 1362 204
2302 2302 35
666 2854 4
1255 1632 1
4229 4742 1
1423 77 6
145 145 5010
2667 1935 1
1727 4284 1
2949 2949 42534
19 1656 3
1644 1644 7241
396 396 6030
2956 3848 1
3790 3790 354
576 2988 2
1121 4056 2
3342 2469 1
2671 4173 1
1660 4742 162
4230 4230 30
146 3364 1
4231 4742 16
3095 3693 1
880 1124 1
367 1741 2
4093 4742 3
1361 2922 2
1178 4742 16
213 4742 250
1988 3571 2
3741 3741 3
972 2057 1
510 3219 2
2759 1474 2
42 3525 3
2098 2098 1564
2157 2157 22
393 3452 3
4232 4742 2
860 1869 6
1101 1887 9
4233 4742 2
3192 2118 1
2135 4095 4
309 3040 3
3803 4742 3
1408 441 4
2144 4299 1
706 730 3
4234 4234 27
1681 215 1
644 644 1234
3076 121 1
1038 231 2
374 4742 10
2463 4742 2
1010 701 1
4065 4742 5
1073 4742 2
3851 3851 18
2520 1305 4
1136 1136 2102
862 2785 1
1331 1331 54391
2288 2288 3703
4235 4742 6
180 4455 3
1576 4742 19
2450 4057 3
920 1021 1
1628 342 4
4236 4742 15
1259 830 2
564 756 4
4237 4742 2
3575 353 1
2180 4742 44
2285 2285 62
4238 4742 1
1110 2631 1
1773 1773 6986
3435 4742 7
3671 4742 1
1520 155 3
4239 4742 5
2300 4742 1
595 2208 5
2255 1366 1
2799 862 2
2736 2452 1
2834 756 1
1615 194 6
3219 3219 18
3439 2341 2
3115 4742 90
1762 4742 47
1710 207 1
1056 1056 264
4179 3007 5
3471 545 1
2322 93 1
3946 4742 13
4240 4742 3
2288 4545 4
1109 1479 5
3031 4198 1
666 852 7
462 1523 1
89 1445 1
596 4742 47
1799 1091 3
3589 380 1
3887 2081 1
1318 450 4
2014 2014 7278
4241 4742 9
475 2347 2
465 465 3029
2849 2849 1398
1105 1105 206
3014 1085 4
1395 873 8
2548 2941 2
2951 2951 11
2014 1594 6
965 2623 1
1277 546 3
997 3514 3
1178 820 3
1821 1821 15
4242 4242 205
1091 1533 4
2146 1205 1
1945 1888 1
4243 4742 2
151 151 761
1566 1097 2
2085 2085 8070
3337 2464 4
1109 2972 10
4146 4146 604
2041 2044 1
2641 4742 33
2250 269 1
3530 714 4
4244 4244 61
3289 3289 133
1897 1541 3
2229 3054 2
2329 2920 1
3509 2143 1
1283 3985 7
423 1401 3
1522 983 1
1086 484 2
4245 4742 5
3483 1465 3
1206 2155 7
2563 718 9
1532 4117 2
1061 727 5
931 201 1
733 76 10
900 900 244
2224 2224 376
4246 4246 287
2803 2175 2
32 320 2
3043 4383 3
583 1612 2
3629 3629 6
2098 4742 39
4247 4742 12
2524 2496 10
2602 2998 1
3215 2870 1
925 1653 1
3351 170 3
1177 1177 357
2242 3167 3
1683 1683 1056
2235 4742 33
2373 2373 2
2239 2239 1514
2913 2486 2
330 2585 1
2982 4742 11
159 966 1
572 2317 3
1873 743 2
2246 298 2
3191 3215 1
3275 4421 1
1803 2377 15
4248 4742 23
2580 4742 1
881 4333 2
4024 4742 69
121 4088 1
4249 4742 3
1726 4214 5
1062 4742 1165
1129 4742 3
2137 4742 1
1321 4742 5
1988 1988 1979
888 4742 93
4250 4742 2
1416 1992 1
205 1577 3
2861 4147 1
2548 1199 2
1158 1069 2
233 129 1
2638 2638 47
3568 1383 1
1615 1318 7
1038 4305 1
1273 4094 3
4251 4742 2
704 1088 3
1181 4742 1
4252 4742 5
1265 4742 116
483 2364 2
720 4742 45
1729 620 3
3220 3282 11
374 3939 1
3890 3890 48
3554 3554 331
1133 1133 562
1262 4742 121
4253 4742 1
84 3476 1
1036 1178 6
612 1441 1
4254 4742 1
3812 661 5
562 1183 1
642 3036 1
1101 2603 1
1364 1364 415
1509 1701 9
3156 258 3
2966 2702 1
4091 4091 24
4101 4742 2
4255 4742 2
1873 1873 2385
1887 2603 10
4256 4742 7
3193 4742 4
3196 2885 1
4257 4742 10
2648 44 1
1162 1180 3
4258 4742 1
526 4742 121
514 2794 2
1343 2071 3
2618 2618 117
233 3466 7
1885 1885 1510
3790 3280 1
1818 4742 14
3420 2596 1
2095 4742 1
3483 3259 1
1266 4742 228
1095 1922 3
204 1449 2
2672 333 1
2304 4712 1
2766 4742 92
4259 4259 58
1988 1601 1
2383 2076 1
55 2171 1
749 888 8
4260 4742 1
4261 4742 8
972 972 1966
1072 4378 9
3947 3947 524
4262 4742 5
852 852 709
1845 1358 1
3220 2919 9
1591 4742 35
378 3333 1
175 1362 2
1353 2830 1
100 100 266
1148 1159 3
2199 1426 24
4263 4742 1
2972 3576 6
909 4742 11
4264 4742 1
4265 4742 1
3041 2794 2
4266 4742 1
3534 4690 1
259 1361 5
3130 3130 1
253 782 3
3812 885 8
4267 4267 91
392 392 4539
420 4742 10
4268 4742 3
2553 2553 199
2027 2027 25
111 3019 1
2560 4742 1
4269 4742 2
4270 4742 7
535 535 561
1298 4742 14
880 880 268
2011 3294 2
982 4742 1
4271 4742 3
3919 4742 1
2759 1573 3
305 3943 17
636 2633 3
2016 3022 19
1699 557 3
4120 4742 3
1290 2128 1
3368 3368 134
2486 4742 137
650 1430 4
367 4742 38
2584 808 4
1402 2510 1
4272 4742 11
2602 2602 95
3003 3003 821
4273 4742 1
4242 4035 1
1376 4742 158
551 1016 3
1604 455 1
1704 1704 6531
1228 897 7
4274 4274 506
938 3431 1
103 4462 8
1034 4742 25
3541 3541 75
155 140 4
4129 4742 4
1085 3481 1
1527 1527 4894
1747 2222 3
3410 4742 30
746 508 2
2596 2797 27
1291 4742 35
1028 3557 1
1404 4247 1
2038 265 3
536 536 191
2029 4742 193
2241 2290 1
55 1444 5
372 2443 5
526 3063 5
2210 2309 1
4275 4742 1
4276 4742 1
1845 1770 7
1668 1221 2
815 2184 2
2046 3315 1
70 70 1010
638 638 52
3435 3435 132
2296 2039 7
4277 4742 2
2385 3525 6
1611 2244 1
2458 706 1
848 171 1
4278 4278 2
981 981 497
4147 2738 2
3840 3840 38
4006 4742 1
4279 4742 1
80 341 3
1055 1055 2773
860 3711 2
1509 936 10
536 4742 8
1819 1660 2
2773 2773 286
1790 150 4
1 961 2
4280 4742 15
2419 3655 3
1639 1639 964
3098 437 7
420 2145 1
1961 4742 1
4281 4742 1
2280 4742 156
764 4742 38
646 4742 527
478 1034 2
329 1349 2
2950 2950 28
3282 4742 804
346 4664 11
36 4103 1
2778 4742 5
3061 3908 2
592 841 2
4282 4742 1
1455 1455 865
600 600 361
3097 3097 653
1608 4742 3
2696 2696 196
172 172 224
2965 1781 1
1442 6 4
4283 4742 3
3884 3884 4070
1765 4448 1
2071 1145 6
101 536 6
4061 4061 25
4284 4284 39
1661 1186 1
1201 1116 4
3967 3967 108
822 2261 2
1091 4742 161
4285 4742 1
3999 2266 1
4286 4742 9
473 4183 2
838 3691 1
3619 1100 1
1641 4742 3
2714 2208 4
1094 1004 1
1194 1052 1
4287 4742 1
535 2411 2
3289 4066 1
897 592 2
410 3649 2
3266 3266 1110
93 1271 3
782 1326 11
2513 2513 88
556 2026 2
138 862 8
3223 2695 2
1584 567 5
619 4742 8
1931 639 3
745 4742 1
1264 4585 1
283 4645 1
2428 4742 24
2383 4742 40
597 597 595
597 4742 13
3478 4742 1
4288 4742 4
349 41 3
4289 4742 1
1346 850 1
1996 2533 4
1742 1824 1
2583 4742 10
513 513 65
346 4742 270
2592 4742 3
1413 4742 236
1560 3626 1
3964 4742 2
4290 4742 2
2225 2701 1
3891 4742 17
3480 1117 2
4291 4742 2
1423 1442 6
1683 568 1
430 1012 4
517 2819 5
1570 4742 12
2659 4742 3
217 4742 172
3550 3550 113
564 3266 3
2285 4742 1
1752 4742 2
1669 1742 1
3838 4742 2
4292 4742 4
615 3597 1
4293 4742 10
4294 4742 1
505 3702 3
1707 915 4
2165 2165 1233
696 1589 2
496 2160 2
3644 4742 8
4295 4742 5
1210 1024 1
420 870 3
1502 1502 532
430 2016 2
3351 4742 26
128 4742 8
552 4209 11
252 2203 1
4296 4742 9
438 3567 24
4297 4297 132
3465 4742 1
4298 4742 38
2337 1754 2
3183 3183 478
3994 4742 18
3123 3123 60
259 2254 6
1183 1976 7
2755 2755 293
4299 4742 3
2789 1463 2
2029 3252 8
3827 3827 98
1863 3741 1
1960 1960 353
3571 3350 1
818 3006 1
2853 4742 7
1966 1966 6675
3263 3263 44
4300 4742 5
2544 2116 1
1097 1097 17
1026 4742 4
3410 1464 1
1480 3886 4
3098 2001 11
1158 2008 3
4301 4742 6
61 1554 1
2129 2129 527
2513 4390 1
2453 2453 3662
3119 4719 2
2358 1543 1
3082 1303 1
488 4742 1
669 669 26257
3519 3519 700
1134 801 2
4302 4742 3
3248 3248 777
3021 3021 41
1927 174 6
4303 4742 2
4304 4742 1
4305 4742 3
152 4742 61
1122 4742 15
4204 4204 75
1729 853 10
1927 1927 9180
1430 2206 29
2450 2450 5956
1003 4742 9
2720 2720 55
947 2177 5
2827 2628 2
2779 605 2
1956 4149 1
2248 2248 281
1202 4742 201
2123 2375 1
319 1618 2
1056 4742 11
3969 3969 36
4306 4742 1
3260 4742 11
544 121 3
3191 3191 563
1173 2714 1
3655 284 1
565 2997 4
4307 4742 1
4308 4308 30
1689 4742 1
4309 4742 8
4310 4742 1
936 4742 90
32 2972 1
790 790 3068
1721 2703 1
1417 2152 3
913 4386 1
930 1106 2
244 4075 4
2094 1046 3
4311 4742 1
3073 3073 188
3614 4742 30
4312 4742 2
1584 2644 1
2038 4577 2
967 4438 3
4313 4313 36
475 475 767
1887 1887 14082
4314 4742 3
2171 2171 1087
1255 4742 52
4315 4742 2
3855 2991 1
721 721 3476
4316 4742 1
2640 2280 1
719 2942 5
2013 2013 22188
2307 1774 2
3792 3792 74
1364 3016 1
1227 1227 149
370 3007 4
425 4742 17
1346 3064 1
4317 4742 1
2461 4174 1
3185 3185 9
1789 2974 1
2048 3784 1
2597 1093 4
3383 3383 93
1554 2083 1
2325 3574 1
1963 2424 2
1997 1997 795
2974 4742 10
23 2385 2
2254 432 1
1865 1865 2
3527 3527 13
1036 2472 6
2789 3460 1
1132 773 2
2896 2896 249
1448 1448 1715
1217 1217 1
2864 4742 4
1980 1980 13
64 64 1536
637 2978 3
2079 1406 6
1370 2194 1
4318 4742 1
92 4417 3
1409 317 2
4319 4742 1
1648 1648 3929
2506 4331 1
1941 4596 12
2677 4742 211
3433 4742 1
55 769 6
4320 4742 3
2883 1856 11
930 3967 1
1398 2916 1
1128 2452 1
2412 4183 8
2599 2599 314
1797 1797 5
2565 2565 2592
3236 2516 1
4321 4742 2
3102 1603 7
4322 4742 2
2344 2344 427
1622 720 13
3997 4742 13
1411 4639 10
4323 4742 1
2770 251 1
4041 4742 1
416 416 332
2124 1875 2
1318 1318 3219
719 4742 88
2781 2429 42
4324 4324 92
260 3995 2
2124 1868 1
304 1173 1
734 1382 14
3041 4742 67
1507 1063 1
3575 4742 9
2211 2211 4345
4325 4742 7
2150 572 3
2213 4742 2
4326 4742 3
92 1791 1
1084 3502 5
1327 1187 1
2668 2668 6
1200 4742 249
130 130 1978
4327 4742 2
2486 863 6
1995 1995 2832
910 1899 2
2305 1424 1
2432 1046 1
2743 4596 2
2733 4742 14
1384 1647 5
1638 2483 1
3885 3885 340
190 4742 13
1018 4742 12
2837 4742 19
4139 4139 2
4328 4742 2
641 641 4431
4329 1537 1
4330 4742 3
3780 4742 2
2327 4742 33
1289 4742 37
4132 4742 1
1935 1384 3
238 1549 1
1714 942 5
1486 4742 6
2077 93 8
256 4742 7
4331 4742 5
4332 4742 4
4333 75 2
2280 1040 4
132 1107 3
4334 4334 189
2412 4248 13
762 4742 344
2317 3484 6
1671 2066 1
3273 979 1
4335 4335 4
657 2743 3
505 1628 3
3177 4742 3
555 1439 1
36 36 828
300 2068 2
676 4742 488
4102 4742 3
3517 4742 13
4336 4742 1
1258 1258 573
2519 2048 4
4337 4742 4
3079 345 1
453 2516 3
3510 1063 2
4338 4742 11
921 3007 1
4339 4742 2
442 2938 1
372 372 5251
1780 2890 1
4340 4742 1
742 603 1
1109 3889 1
1289 1906 2
210 1716 7
1535 4742 5
163 4742 86
1252 4528 1
4341 4742 10
3212 454 1
1522 3722 4
4071 4166 1
2974 2974 242
3240 3007 3
3094 995 1
489 4742 32
587 4742 4
4342 4742 1
2890 2890 4114
2738 2738 2049
2233 773 1
1726 1364 9
554 2303 2
2793 549 1
1016 3047 4
2955 4742 7
821 1121 3
3993 1997 2
1185 1185 504
1976 1034 1
2110 2110 535
4343 4742 1
4344 4742 1
4345 4742 15
1183 173 4
3703 3927 1
2007 2710 5
4346 4742 1
2280 2832 6
1053 1829 1
456 456 20393
188 4742 481
4347 4742 2
3322 1612 1
2295 2295 311
266 4742 3
915 1650 1
834 1999 2
1864 2856 1
4348 4742 3
2691 2023 1
523 2027 1
375 2710 2
1813 4742 31
1257 4742 7
1616 1616 6
61 436 2
1637 1778 1
660 1557 6
1303 4742 3
636 636 287
4349 4742 11
500 648 18
734 3673 10
2962 440 3
4350 4742 2
384 3556 1
229 2460 11
2552 2552 233
1132 721 1
954 4187 1
1319 64 1
674 2216 5
4351 4742 1
1206 3796 2
827 2517 1
1974 2052 1
1985 514 3
1174 1310 6
2257 1479 1
2839 2308 4
4352 4742 3
1183 1183 16250
248 248 2670
2779 1884 1
35 4736 1
481 3823 1
1304 1304 1848
2296 1185 8
804 3873 5
4353 4742 6
1442 1442 3854
531 398 8
4354 4742 4
1559 1559 110
2275 1422 2
548 4742 378
1673 2392 1
287 4742 2
4355 1499 1
839 4742 85
973 3920 1
3120 3120 47
2630 4742 7
2089 4742 167
1811 1811 838
941 164 1
4356 4356 14
1826 1416 5
523 3812 3
3672 4742 13
4357 4742 2
80 1289 5
4358 4742 1
2215 1663 1
1205 4742 10
2013 1890 14
2188 297 2
311 420 3
1638 1931 1
2833 2833 242
3806 1223 1
4359 4742 1
2848 4742 2
3065 2096 1
1308 947 3
523 670 1
2576 739 9
117 4742 1
673 4742 4
1369 3147 2
4360 4742 1
1373 309 3
208 3074 1
4361 4742 1
1448 4706 1
734 3076 10
4362 4742 1
3218 3218 283
1265 364 1
2079 4742 93
2060 4742 1
3305 281 1
157 2020 15
3471 3471 1296
2524 1308 10
4363 4742 2
1761 1646 1
4364 1704 1
2172 4742 267
733 2479 9
3645 3645 110
4365 4742 3
2565 4742 87
2750 1092 6
2615 3590 4
102 1049 10
1443 1443 51
856 4742 20
4078 4742 2
1285 3115 2
2170 2700 1
2922 2922 429
4366 4742 12
1077 1077 1854
64 418 3
3802 3802 2
2751 2174 1
1826 412 4
332 2323 5
1132 1132 1252
2619 2687 1
2031 4742 3
2147 2900 1
2177 2177 11037
718 1509 3
560 1986 4
1009 1015 6
3523 4742 12
4367 4742 1
4368 4742 8
1539 2717 1
195 196 1
4369 4369 46
1433 6 5
3000 4154 1
1678 2450 1
1229 4241 4
4332 4332 115
4370 4742 9
4371 4742 4
948 89 3
2646 841 1
3119 4742 42
1409 1409 115
3065 494 2
4372 4742 1
2267 2440 3
1416 1416 602
1726 2276 5
1310 2355 2
4373 4742 2
1927 3864 10
1080 20 11
1013 4742 27
934 2428 3
4374 4742 2
1761 2008 1
621 1743 6
1640 4742 1
1295 2824 1
781 4370 6
4170 4693 2
107 4742 16
3097 4024 1
4196 4196 46
924 924 488
2223 4742 62
3993 265 1
3763 4742 1
4375 4742 1
1849 1849 2480
3580 4216 2
1350 2588 1
264 2032 3
575 3081 8
2424 2424 377
4376 4742 3
2584 92 2
153 153 22
4377 4742 9
2972 395 5
324 633 2
2827 3293 3
9 3020 1
4378 4742 9
3076 2181 3
3478 1693 1
1691 1007 1
392 1682 3
2519 4742 111
4379 4742 1
479 118 2
500 1290 20
2485 4742 41
1000 4742 21
3149 56 3
2460 3905 15
2851 2851 152
705 1765 3
2789 4742 46
362 4742 368455
1421 1281 1
2981 3941 2
1962 4295 3
4380 4742 2
1166 4269 2
1941 438 9
928 2196 5
833 242 18
932 932 11535
203 203 733
497 331 1
1931 4742 41
3984 4742 3
2676 1960 1
720 1295 1
4267 3736 1
1769 4742 69
4381 4742 2
4382 4742 6
724 724 421
236 899 7
2927 4742 311
689 3200 1
2207 1243 16
188 4 19
3893 4742 4
1425 1807 5
960 3563 2
434 3510 4
3827 4742 4
2966 4742 14
1791 3759 1
4383 4742 3
4384 4742 9
1510 1510 980
4324 4742 3
3161 4742 4
4385 4742 10
4386 4742 1
2922 331 1
4387 4742 4
1772 1772 365
4388 4742 1
4389 4742 10
18 2394 1
862 860 1
665 4742 750
3112 990 1
4364 4742 1
207 207 3882
4390 4390 11
705 3841 2
3149 3149 6948
2013 4742 610
3076 2534 4
2424 47 1
2883 2883 13381
3504 4742 1
2454 4742 8
4391 4391 9
3001 4742 1
1220 4742 425
2252 4742 21
2044 1145 2
2125 3675 1
2168 4742 97
1103 3729 3
1463 2633 1
4392 4742 2
1 1 759
1084 2650 2
4393 4742 2
3547 3748 1
674 4742 52
4394 4742 1
2516 1236 4
1319 1409 1
737 3097 1
2909 2909 1112
590 4742 28
1031 413 1
1476 4742 124
173 218 1
2044 2044 981
1364 902 1
1589 826 2
4395 4742 1
2811 4742 1
1473 1473 3376
1315 1599 3
387 4742 176
971 320 11
1209 1815 4
4396 4742 1
3516 4742 2
2123 1576 3
4236 2388 1
1707 4245 5
896 896 11
2962 4005 3
936 936 2621
4397 4742 11
586 586 553
301 4742 8
618 611 2
4398 4742 5
1199 4742 457
678 917 1
4034 3331 1
621 4552 2
4097 1107 1
3640 3640 80
2766 583 2
1721 2820 3
1410 1091 7
4399 4742 3
1357 1357 333
1436 429 1
4400 4742 2
4243 4243 14
1202 229 5
139 3887 1
1333 2947 1
4401 4742 1
4402 4742 1
176 176 258
1782 1792 1
2755 154 1
2440 4742 2
1735 1735 64
3621 3621 451
4403 4742 1
102 4341 10
1817 1381 1
3702 4742 6
1073 1073 88
2028 4521 1
339 1131 3
309 2206 1
496 6 2
4404 4742 4
4097 2298 1
2085 2216 5
2793 2295 1
548 606 5
438 438 20609
1213 3327 1
4405 4742 1
965 965 515
2127 2127 13
1583 3283 1
6 4742 115
4406 4742 4
4218 4218 45
2766 1796 2
2679 2679 9
3239 3099 1
1742 1742 137
3672 3132 1
4407 4742 5
3098 3348 7
4282 4282 22
2599 4041 1
2370 2370 76
4408 4742 1
1151 4742 31
708 75 6
583 4097 1
3716 3716 127
4409 4409 32
691 87 5
4410 4742 6
1417 947 3
4411 4742 1
4090 4090 476
2325 1077 4
1996 3989 3
1778 1963 4
1069 850 3
3528 4742 419
2686 893 3
2071 752 1
744 3607 2
737 1909 1
1635 4742 1
1265 665 4
4412 4742 30
1380 1380 262
4413 4742 3
21 4742 47
398 1554 4
937 2867 1
4414 4742 2
242 857 45
937 937 1161
2582 2374 1
1881 3946 4
3487 3487 12
1476 3594 9
4415 4742 1
1209 1432 2
1367 4742 21
1148 2246 10
3342 4742 14
2848 1850 1
1277 1277 3026
4054 4054 7
1259 1801 1
3476 311 1
2361 2361 22
4416 4742 10
2204 2204 577
4417 4742 3
611 3304 9
689 689 1900
1473 3653 3
2288 1473 5
425 1345 1
4143 4143 2
619 3954 1
2986 4742 29
539 539 9617
560 4742 101
749 8 9
2740 4742 21
1242 1213 2
1807 3182 4
1435 1435 2594
2520 2439 4
2688 983 1
1352 1352 192
905 597 1
523 1977 1
121 390 4
4418 4742 59
3806 36 3
1213 1213 1105
3115 3115 4037
2003 1611 2
831 1539 1
2941 4742 3
1572 4742 62
1137 4742 157
2342 2342 39
980 1426 20
1734 1734 38
1818 1818 396
3835 3835 672
621 4742 262
1784 2271 1
108 860 3
3000 1311 1
3488 4249 3
1884 1884 501
4419 4742 1
687 1494 1
1856 1856 3238
918 453 2
2530 4742 128
3149 1764 3
1710 1966 23
2969 4742 14
3852 4534 1
4420 4420 38
1074 3560 1
5 748 1
1966 4742 189
3131 1463 2
41 4742 5
3952 4742 12
3014 3014 1799
4421 4742 2
827 359 4
2775 2012 3
2677 1236 4
1220 2013 5
4422 4488 1
1480 758 3
4423 4742 9
1476 1485 3
2044 572 1
4424 4424 22
2495 3774 4
2707 2426 15
1034 1757 1
1937 1937 2
883 2574 1
1905 1905 412
905 3467 1
4425 4742 9
523 1677 2
4426 4742 18
65 2280 1
4427 4742 3
4428 4742 12
2991 4480 1
4429 4742 1
369 949 1
81 4621 2
28 28 1960
1423 4742 165
2655 2849 1
1730 1730 22
677 4742 204
2194 4742 49
4430 4742 3
916 2781 1
100 662 2
1487 1487 1144
853 3153 5
718 4742 66
12 4 1
4431 4742 4
210 1825 6
210 708 2
835 835 39
1957 4742 6
4432 4742 1
1184 1335 10
1767 2002 1
334 2943 2
901 832 2
2101 2101 7244
3877 4742 2
2196 4109 6
4433 4742 1
1431 1431 111
904 4742 1
1660 1029 7
1592 4742 24
1863 2645 1
4434 4742 2
4435 4742 5
434 2327 5
1162 4701 2
4218 4742 2
2839 3943 1
560 560 3656
4436 4742 2
2078 4742 2
1270 2710 5
4039 4742 1
1331 103 21
491 2904 1
1447 4742 58
1764 2641 2
883 1573 3
38 38 4200
4424 4742 2
2949 4426 18
3850 3850 95
2421 1509 15
2470 4742 29
3358 3358 4
1931 3599 1
4437 4742 4
4438 4742 3
1962 1962 6211
2516 3857 1
1075 133 1
1791 1560 1
1790 4697 3
663 663 4
139 4742 48
1658 4742 5
1391 1391 54
1362 4742 9
2883 1373 6
4439 4742 4
518 615 3
138 529 4
330 896 2
104 4531 1
4440 4742 1
101 722 1
2823 4742 1
2190 3564 2
2270 4742 1
1585 2331 1
1484 1484 1002
2177 4742 299
208 1594 7
1966 1656 5
423 135 1
601 4742 4
1058 4742 18
2411 2214 1
1131 4742 100
1967 4010 1
2520 1134 1
554 3394 2
1853 1853 9774
4441 2 2
3496 4321 1
1265 1802 3
3322 4742 26
4442 4742 8
242 4742 962
3520 1881 2
1305 801 3
4443 4742 1
3617 3617 456
4444 4742 3
4445 4742 2
1308 3777 1
55 4742 56
4446 4742 2
1515 1111 4
4447 4742 2
3346 4742 5
1292 291 26
3780 1050 1
80 144 3
2589 361 1
4448 4742 8
727 3701 3
285 3568 7
1016 1143 1
1398 652 1
1202 2378 5
1163 1163 15494
1060 3503 1
240 4742 18
4449 2198 1
590 2091 3
3103 3103 310
1094 1874 1
3950 2103 1
3095 699 1
3577 4742 78
1716 1716 1785
1866 4742 68
1814 3137 1
1723 1723 1615
3685 4742 1
3763 2713 2
1856 4338 3
1863 4742 6
3650 3650 35
1693 400 1
1015 2781 7
3052 2927 1
4450 4742 4
2545 2545 3
1803 278 7
284 4743 1
1845 1160 10
1770 3368 1
4451 4742 2
864 2020 1
1906 4742 21
1539 1539 347
2896 4742 9
406 1898 2
4452 4742 3
213 213 7889
1741 4742 14
2854 2854 196
4453 4742 3
481 1071 3
677 1179 7
2890 3648 5
4454 4742 6
503 534 2
903 903 6809
4455 4742 3
119 4742 178
2921 2332 1
3545 2884 2
247 4084 1
2338 182 4
80 4457 1
2250 3647 1
1926 2990 1
2740 315 3
2827 856 4
1609 998 2
656 656 12
4024 4479 4
2655 3891 2
1595 2565 8
1942 4742 43
3481 3481 78
3 1154 3
1628 184 5
3774 3774 6913
520 520 4192
1166 4742 24
2304 1811 1
3052 4742 10
3227 4742 3
2260 772 2
1069 4742 138
2227 2603 1
732 2880 1
4348 855 1
3631 3631 236
3164 4742 2
4058 4742 1
173 4196 1
4456 4742 1
2740 4391 1
4457 4742 1
1585 1585 590
3618 2412 1
771 771 347
136 3819 1
4297 2423 1
2350 1876 3
790 3292 1
864 864 443
2803 3807 1
611 434 11
691 49 13
3780 3780 140
903 3633 2
2214 1430 10
868 1561 21
4458 4742 2
4459 4742 3
806 806 1884
3061 3061 3620
2148 4742 28
581 2197 7
4460 4742 2
1931 150 1
4461 4742 5
492 4742 143
1897 4570 1
2413 2413 7
1882 1304 1
4006 4006 41
781 781 2491
2736 3291 3
4462 4742 8
3007 887 1
2944 2944 7902
1021 1021 1232
854 1393 4
109 2133 25
4463 4742 2
3901 3901 33
1467 1467 1023
396 1680 8
4286 4286 313
2582 330 1
1095 994 7
4355 4355 4
321 4742 112
2471 2471 40
2438 3317 4
1331 1062 34
959 959 3688
1699 1699 7844
4316 4316 12
1818 2221 1
4464 4742 2
286 3403 2
1355 4016 5
190 31 1
1109 2083 2
546 546 6648
69 1064 4
2839 3537 1
1778 1778 2312
995 995 1791
1940 2020 2
1270 309 4
1596 1596 670
3223 639 1
2614 2614 285
1753 1753 51
3325 4501 3
4083 4083 35
2913 4742 7
4465 4742 3
2633 2722 2
1072 4270 3
2044 1955 1
1622 2123 5
3208 497 3
1103 4742 27
2866 85 1
4024 4544 2
319 934 4
924 3679 2
1940 1927 3
1755 1755 1932
1105 1808 1
428 2637 1
2138 2138 12545
1049 1049 6370
2195 3192 1
2379 4742 4
4410 4410 166
2352 2832 8
1864 1948 2
952 952 1550
2188 2875 2
1027 422 5
1875 2309 9
1 3767 1
1747 2542 2
2597 940 3
2109 1702 1
65 427 1
4284 4742 6
803 4742 21
4466 4742 3
2272 246 1
139 3094 1
2576 2576 8523
3337 2610 2
4264 4264 4
4067 4067 3
4467 4742 5
3317 650 1
1128 256 2
3030 4742 1
742 4185 1
248 3918 2
2642 2642 1
1363 1678 1
4468 4742 11
677 2183 5
242 3060 40
2848 2848 129
4469 4742 1
3930 4742 1
4470 4742 2
3508 3508 171
4170 4170 172
1835 3932 6
1290 2743 6
1296 1296 1039
28 927 3
2262 766 2
657 382 1
3208 145 1
517 1963 3
4471 4742 1
341 742 1
2263 3039 1
1637 1812 1
953 4742 1
965 3351 1
3624 4742 3
987 888 3
3799 4742 1
1360 1887 1
177 177 4457
2276 1633 3
1360 4742 92
4472 4742 10
627 4742 6
4473 4473 507
3503 3503 4133
1427 4742 24
3014 4742 49
1102 2229 1
1173 1173 5291
209 209 843
2789 1833 2
135 3862 1
489 1601 1
3222 4742 28
4474 4742 1
3902 4742 2
1725 4742 19
2496 1191 3
666 2375 7
27 4060 3
868 2090 20
3679 3241 1
1802 780 2
2486 1366 8
2049 232 2
2171 4742 29
882 3635 1
1260 3050 8
4475 4742 6
620 866 11
2044 4742 23
3183 4742 9
3517 230 2
1125 1125 721
1014 2327 2
4476 4742 9
1061 3118 1
1128 1128 1835
4477 4742 3
927 2067 1
4478 4742 1
4479 4742 4
3120 2582 1
3820 3820 76
2391 957 1
3953 4742 1
3880 3880 2
959 3428 3
500 834 20
1073 119 1
3994 1416 1
4480 4742 1
3049 3049 89
1068 3211 1
1351 2020 2
2107 4742 70
2875 3027 1
2451 2897 2
1764 2070 1
482 4742 75
2293 1343 1
2971 2032 2
1668 2242 3
349 1946 14
1179 1179 560
3613 3115 1
3043 3043 1116
933 4742 387
1981 3017 6
662 662 185
223 4742 11
1425 1779 6
4481 4742 1
42 4742 85
4420 4742 1
3174 3174 303
1054 1535 2
4482 4742 1
2909 4742 30
4244 4742 2
1527 387 7
3716 453 1
2304 2304 227
4483 4742 16
2347 1899 1
1871 748 2
4484 4742 4
3681 4742 1
851 4742 14
2901 2901 1977
1725 1725 738
3496 4520 1
3613 3613 254
4112 4742 2
2751 1967 2
1614 1635 1
4485 4742 2
2065 4742 1
1117 1117 2897
2159 4742 33
3305 4316 1
592 4452 3
4486 4486 136
4022 4022 114
98 3030 2
577 712 1
4487 4742 14
1332 153 1
1856 1040 7
1806 2154 1
2949 1807 21
3977 3901 1
2244 2244 5532
196 196 492
241 443 1
3041 1140 2
2409 2952 4
1560 3575 2
1931 644 2
838 4468 5
2496 2810 4
3266 2572 1
2073 2073 67
1817 4742 23
4488 4742 1
711 4742 6
1898 2573 1
2600 2600 25
3891 3891 541
1799 1193 1
1706 1706 439
3896 4742 1
1068 1227 1
1452 1592 10
3907 1214 1
1907 4742 17
76 2540 1
2646 4742 28
4439 3169 1
320 2825 4
2704 4544 1
1880 1880 399
2241 4742 8
2094 994 3
655 262 3
2048 2048 1671
2633 4742 76
706 961 7
1007 616 10
1199 868 7
583 132 3
4489 4742 2
89 1613 2
472 1190 3
2677 1271 7
1452 4742 265
1672 4742 46
1315 1880 4
2903 2994 1
2531 4742 2
215 4096 2
575 1546 12
2839 1644 3
1354 320 4
2138 2421 9
3046 3046 2
967 1359 2
233 4742 62
898 4742 91
955 4742 6
1107 3134 9
4490 4742 5
3966 4742 3
1091 3618 10
4491 4742 3
1727 1727 733
1617 1969 1
2991 4742 35
2419 860 1
3535 1688 1
949 3517 1
2298 2868 3
4492 4742 2
763 3312 1
3885 1130 1
550 997 1
649 1639 2
4493 4742 3
1992 892 3
465 971 2
2722 2722 5370
4193 4742 4
3387 283 2
1260 1435 8
2912 3584 1
1498 657 1
2772 1249 5
62 1 1
1760 88 1
2150 4742 28
3510 3510 1910
733 733 27170
3149 2085 8
758 758 618
2929 2929 39
4494 4742 1
3094 4742 12
4495 4742 4
1810 4742 68
4496 4742 1
3474 4373 1
2891 2874 1
661 4742 114
2872 4742 1
2380 4742 14
691 1712 4
2581 4742 7
738 4742 8
202 202 6
808 2911 1
442 4742 218
254 254 95
3479 3896 1
1692 1585 5
720 2434 1
736 4742 61
1155 1745 2
1277 2741 1
2759 4742 60
4015 4742 20
3192 2383 1
1337 4742 6
1942 4558 1
104 3480 1
1810 2102 1
119 2017 8
88 1034 2
421 3792 3
4099 4742 2
289 289 1214
3489 3489 267
1520 1520 1185
1573 1719 2
3007 4742 64
1663 1663 10954
1476 2208 3
3147 4742 7
2759 719 2
2079 2383 6
2567 2932 19
3232 3376 1
175 4742 58
222 222 4015
4242 4713 1
2410 4742 1
1481 422 1
1996 4353 6
4497 4742 1
2416 3038 11
2834 1038 2
992 1556 1
2747 2747 30
1332 3299 1
101 3817 3
1743 503 6
1226 1226 89
1906 1484 2
4498 4742 6
3528 1849 11
2890 4742 110
189 3510 2
2926 134 1
4499 4742 2
1460 3367 1
3163 2465 1
2138 4742 328
4500 4742 2
2859 3476 1
3989 3989 104
1260 182 7
237 467 5
2283 4742 210
3719 4742 1
1533 1354 1
3420 4742 23
4501 4742 8
4315 4315 18
614 2032 2
164 294 1
2116 1809 2
2871 2871 184
237 237 1943
1024 706 2
1525 3493 1
2588 2017 9
961 1134 8
3945 3945 20
3476 3476 11
3138 3138 612
4502 4742 1
978 978 17
4503 4503 54
645 728 1
2288 8 3
3530 520 4
3019 3240 4
3112 3609 1
2065 2890 1
2945 2945 79
2684 2485 7
1411 2021 14
2865 3303 1
2818 2818 146
313 4742 12
475 4252 1
4247 1271 2
2223 2223 2597
820 820 487
231 3341 9
2908 2607 1
4468 4468 246
2210 135 2
880 2940 1
443 4742 9
1037 2360 2
2671 3548 1
2603 1647 43
567 1260 1
2066 2389 2
2224 4742 13
708 3265 15
3167 3167 767
4504 4504 58
498 2206 6
520 1263 3
2139 4742 1
4505 4742 7
983 4327 2
742 421 2
3455 4742 5
1124 1124 354
4506 4742 1
720 401 1
2159 1070 1
1779 4040 1
83 4742 60
42 42 3706
4237 4237 76
3488 2252 1
2206 2478 23
1206 38 1
4507 4742 2
4508 4742 15
2781 857 48
757 626 1
1357 1316 2
1620 2641 1
479 4209 1
932 1517 13
4509 4742 2
4510 4510 17
152 3337 3
1527 4042 3
1008 1366 1
246 246 388
861 4742 59
2559 2559 1816
3068 3638 1
1601 2055 1
994 4742 116
2032 2816 6
3545 4742 7
957 828 3
417 417 229
4511 4742 8
4512 4742 6
1005 1005 1
343 1304 2
3224 4742 1
626 626 231
2488 4742 53
79 2030 1
1481 4742 21
1681 4742 32
2965 4742 21
4513 4742 48
4514 4742 2
338 2971 5
571 4742 37
3114 3114 130
356 4742 50
3281 4742 2
420 420 412
961 3266 4
1122 1167 1
744 4742 13
1058 3832 2
2183 4742 40
4515 4742 2
1771 4742 10
4056 3806 2
2756 2791 1
1047 1555 1
4516 4742 2
2786 1402 1
2438 154 2
2362 2362 81
213 934 5
1061 4081 1
1080 1079 1
516 4742 38
725 4742 188
1508 1483 3
979 572 5
1199 2759 8
1712 1210 4
850 850 1075
2973 760 1
1271 4178 12
2796 4742 2
3471 3984 1
1911 4742 9
874 1584 8
2085 2422 2
3447 632 1
4517 4742 1
1022 3975 1
1468 1468 144
1523 1260 2
4518 4742 22
1177 1476 4
4029 4029 573
3700 3700 174
3769 4742 3
1145 2971 1
721 2557 1
4301 4301 106
3255 4742 22
2790 4742 5
1354 4001 5
551 2615 7
1525 1525 1181
1941 3774 12
2378 4742 180
1447 2473 3
4108 4108 24
3461 3461 24
339 4303 1
4519 4742 8
3062 4742 59
3363 2932 2
1091 396 7
569 4742 116
2113 370 6
1681 3773 3
1909 2170 1
154 2214 17
615 1266 1
1099 3813 1
4520 4742 1
2827 1088 1
477 4631 2
1369 818 1
4521 4742 6
434 2260 3
1740 4742 1
1875 1875 4635
4522 4522 34
934 4742 153
4333 4333 469
110 4742 3
3208 1650 1
518 518 2839
1444 1444 3110
562 2340 1
1114 1318 1
1620 3387 1
2256 2256 45
4071 4742 34
433 4742 307
1906 1906 888
3113 3113 275
2824 1474 2
3062 198 2
1211 2281 4
3499 3499 97
4523 4742 4
3627 3070 1
1162 2676 1
70 1490 3
2120 4742 15
2574 4742 3
4524 4742 6
417 4742 13
4486 506 1
4038 4742 2
208 1276 5
2424 3825 2
1415 1415 1981
4525 4742 1
334 104 1
1002 1013 1
2382 4742 3
63 63 65
2046 4742 55
148 939 5
4308 4742 2
3843 4742 1
4498 4498 138
3270 3945 2
696 4447 2
4469 4469 16
606 2158 12
1147 1236 2
2079 2355 2
4526 4742 2
2944 3096 6
4154 4742 2
1816 4443 1
843 3108 1
4527 4742 1
2559 3478 2
4 1990 17
1095 3085 1
4246 4742 15
4144 4742 3
1838 4742 1
434 1789 3
1561 2461 12
3421 3421 75
3667 3667 4
1822 1822 6296
3027 3027 2949
2859 3616 1
4528 4742 1
3322 3322 897
606 4742 467
1419 4467 4
3152 3152 38
665 1872 1
466 1394 5
4529 4742 1
727 3888 2
1052 1052 451
516 516 1507
1338 4742 18
2474 1198 3
2233 4015 2
161 1305 9
4530 4530 17
3052 3052 299
1197 588 1
3540 4742 2
2571 897 1
2764 2764 3285
4531 3465 1
2208 4742 182
913 4742 15
2710 4742 18
1710 154 28
743 4742 81
1237 3840 2
2337 3877 3
1985 2500 1
3313 3391 1
3009 4742 5
96 3681 1
1351 2193 1
4532 4742 10
1127 2756 2
542 1581 3
4533 4533 267
2710 2710 513
1612 4742 8
1000 42 1
3812 238 8
210 210 5719
2211 1648 7
1140 1163 25
2482 2482 17
961 4562 10
4534 4742 1
529 284 2
768 4400 1
3303 4742 1
1480 1551 3
4535 4535 199
1836 3121 3
1313 1313 1402
3907 4742 1
604 604 10327
2834 3917 1
4128 4128 21
1552 2837 1
939 60 12
1185 3829 2
1560 919 1
1069 1069 4586
1466 4032 5
4536 4742 1
691 1786 6
3106 3106 89
231 4742 188
1336 1380 2
2347 3540 1
3439 1915 1
1131 1815 3
490 4742 70
1995 1246 4
333 4742 169
1660 20 5
1712 3691 2
1462 4742 21
269 2690 3
626 323 1
949 949 2270
2000 2000 604
854 2509 6
573 770 2
2021 4079 6
4537 4742 1
1042 2048 1
1870 1870 3046
3043 4742 25
325 325 475
4538 4742 22
1189 1718 2
2684 4742 109
3848 3848 9
3815 4742 1
1603 1603 10698
968 1187 2
1715 3868 2
4539 4539 14
1732 4742 3
2015 4742 13
4540 4742 2
1750 1750 484
1121 3473 2
1466 1466 7378
546 4742 185
4541 4742 2
653 653 764
586 1587 1
1059 4259 1
3547 4742 7
1685 3201 1
1879 4307 1
2263 1372 2
184 986 2
2636 3664 1
1077 3444 1
224 367 1
2208 1647 6
149 3521 1
28 4742 52
1010 1010 84
1766 1766 19
2250 268 3
3082 4742 12
860 654 4
2648 864 2
2604 3206 2
504 4273 1
2576 1707 1
3061 632 4
837 837 4092
588 588 887
4542 4742 1
1558 1558 114
4168 4742 16
4543 4742 1
869 4742 10
169 4742 2
3079 3079 244
2195 4742 7
3119 2516 1
2827 704 3
661 661 3786
2329 4742 8
4544 4742 3
518 2678 2
272 272 550
572 572 4506
190 2927 1
526 526 3968
771 2725 1
525 4742 2420
33 3714 3
1935 1154 1
3187 1594 1
1117 4742 83
1934 1934 375
1881 4742 70
1413 1413 8092
736 745 1
3173 3173 267
923 4742 2
4545 4742 4
1595 2091 5
1726 4146 10
3947 798 1
2558 1055 9
152 183 1
3083 4742 2
474 1348 2
2646 2646 789
3722 3722 791
432 3236 2
3215 3215 1179
2294 2294 267
471 3339 3
1618 402 2
1222 1222 90
2660 2899 1
1404 93 1
501 2528 1
2216 3582 4
2265 4470 1
1285 419 3
734 1817 9
322 4742 452
3434 2830 1
2190 2190 496
1652 4742 88
2013 1547 6
616 1479 4
4546 4546 26
1906 424 2
2743 4742 61
559 4742 249
358 358 427
2824 4742 12
2018 3061 1
4547 4742 7
3556 2504 1
2318 4218 1
4548 4742 2
4313 4742 2
555 2259 1
3643 4742 2
283 2791 1
725 2149 1
1884 4742 18
1310 707 5
1685 4543 1
1500 1524 3
4549 4742 1
3248 2200 1
329 1481 4
551 2014 6
1346 1346 1205
2306 317 1
1291 1852 2
2961 2961 218
4550 4550 149
2147 4742 26
2221 4742 34
669 4742 707
2247 631 1
2566 145 1
4551 4742 1
4552 4742 3
4553 4742 2
2350 989 3
1143 4742 26
4449 1513 1
1476 1476 5355
1732 4090 1
3753 152 3
2908 1474 2
1121 4742 108
1060 3 2
493 861 1
1348 1348 10027
1414 1794 3
2113 4742 93
3584 3584 241
1209 2656 2
4329 4329 62
2677 2677 7240
1531 4145 1
2579 4742 1
3207 2605 1
4554 4742 1
2296 610 8
4555 4742 1
750 2710 2
1007 1007 15176
3129 2019 1
1036 1758 4
1488 498 1
1223 1223 115
359 1960 1
3651 3242 3
2827 3443 1
2341 4742 2
2003 833 3
2709 4742 4
478 1036 1
3773 355 2
4556 4742 3
1148 1721 8
4557 4742 13
2584 4742 24
3677 3677 82
28 2146 1
1067 4742 2
765 4742 18
1042 1042 546
4522 4742 3
1484 612 1
4409 4742 1
63 2278 1
3917 4742 5
1334 1334 18058
2521 2521 87
3514 3514 435
4200 816 1
3043 2578 2
2632 4742 1
767 1848 2
4558 4742 5
3488 4742 70
4227 4227 3
1594 827 2
873 4513 38
2959 1366 2
1163 2426 13
2733 2733 519
696 462 1
285 734 4
4559 4742 1
2855 2428 1
1611 2754 4
4560 4742 1
2272 4742 12
1712 1712 10532
1280 1280 757
4449 4449 14
4561 4742 1
245 1797 1
3138 4742 20
1411 1411 11673
498 498 6018
2472 3244 1
590 1510 1
3333 1788 4
2619 2619 78
3788 3820 1
4252 4252 86
175 1057 2
3884 4024 6
487 1652 6
1798 4742 3
239 4742 12
790 3305 2
3420 1748 1
2101 2308 6
475 3953 1
851 889 1
3127 4742 4
880 2297 1
1654 4742 8
1200 2070 3
2563 2805 8
4562 4742 10
1474 1474 773
2613 4337 3
2982 2982 256
213 2138 4
3604 4742 2
1599 1119 1
2260 2260 107
1213 4742 32
1364 168 1
2045 167 3
1778 4742 47
2222 1476 4
798 798 4483
201 4251 2
718 4588 3
2388 2388 19
1350 1350 285
2419 314 1
2565 2283 1
1116 4742 27
948 1994 1
2265 740 2
2311 4742 1
1625 2617 1
1581 4742 50
637 4685 5
4222 4222 1
466 3481 2
1456 1945 8
559 4050 7
794 794 3376
56 1335 1
2215 3532 3
65 4742 2
322 322 15398
4563 4742 1
3270 1001 1
1438 122 1
3808 3003 1
1965 4742 3
140 4309 6
1446 853 1
102 997 10
1567 318 1
2524 4742 380
1167 2424 1
4451 4451 41
220 2592 2
1522 2849 4
1242 2424 1
4196 856 1
3342 3342 431
369 4397 1
2958 2958 1154
2971 2192 1
111 2291 1
384 384 1483
1612 1612 135
795 2128 4
426 1333 1
4564 4564 34
1201 4742 31
989 969 3
4530 4742 2
2952 2952 1
669 165 13
2364 4742 11
1505 2718 4
1747 3425 2
3809 4655 1
3639 3639 102
3488 3488 3089
1446 4742 77
1500 1500 2810
1293 2316 2
300 300 1075
678 736 4
1946 717 2
1258 3769 2
4441 4441 27
3169 3169 20
121 121 1772
902 1552 1
77 4742 177
4205 4205 29
1128 4742 43
1420 1420 1153
4138 4138 18
188 3252 19
2839 427 2
1312 1312 542
1786 1786 1645
2101 2114 5
2269 3165 1
2618 4742 4
639 438 11
990 2821 2
1351 4435 4
4179 4742 44
1235 4742 16
2274 2726 1
2279 1714 3
1683 675 1
1327 2602 1
442 442 8411
1047 1047 796
505 1818 6
1575 1575 191
526 1650 3
3118 3118 186
968 4742 35
1850 4742 1
1152 1152 244
3217 4742 6
1314 759 1
4565 4742 7
2901 4535 1
306 1615 3
1509 4725 2
1024 4742 144
2588 933 16
1557 1557 2304
846 4742 310
1389 4742 30
689 3668 1
3753 700 3
173 173 758
1893 1476 3
152 601 4
3247 3247 60
2728 1087 1
1121 1570 3
4566 4742 2
4567 4742 1
4568 4742 26
133 4495 4
4569 4742 4
1039 3774 5
3388 4367 1
4281 4281 24
1498 4742 49
1461 1461 169
3337 4742 62
552 704 4
1 1500 2
653 4742 26
2827 2379 1
2962 3960 2
1743 2540 5
2686 2173 8
1436 3393 1
611 3243 11
4330 4330 86
3057 3057 905
1187 4742 5
1049 549 4
321 3057 4
2066 4742 9
781 2570 1
457 864 1
1116 1555 4
1441 685 1
3788 4215 1
2635 3395 1
4570 4742 4
3537 3537 38
1972 4742 764
4571 4742 1
269 3116 1
843 409 7
1039 2468 2
3531 4742 29
2116 628 2
4572 4742 1
1292 1292 17041
687 1927 4
2603 4742 976
1799 1446 6
2293 854 1
780 247 2
1219 730 1
1020 1020 35
2938 2938 88
3631 338 2
3019 4742 58
4204 4742 4
3187 3187 17
556 1257 1
1998 1998 10
2293 2293 624
3232 151 1
1773 4742 200
1920 873 3
3275 3275 1546
842 3326 1
233 233 2094
2762 2148 3
1919 1919 24
1920 4742 91
1086 691 3
3163 2654 1
3996 3996 290
834 834 1481
1156 4742 93
4488 4488 3
2734 4430 3
707 2083 7
1826 2745 2
297 4742 4
1321 3321 1
4047 3453 1
2716 2716 18
178 4742 14
773 1845 1
4573 4742 2
2093 2093 227
3167 4742 24
3803 3803 89
2554 3764 1
213 503 3
868 198 19
138 138 9061
302 302 520
3526 3526 103
2228 2228 375
1330 1330 188
1384 1384 6499
1159 2011 1
707 707 5323
2386 4742 37
1046 2409 8
3705 1008 1
3328 3328 3
557 320 1
1360 1360 3411
2434 4742 1
883 4742 58
994 994 4178
1072 2805 4
2571 2729 1
1586 973 2
1543 2939 1
637 4742 68
1328 1639 1
3206 3206 49
2045 2301 3
1911 1981 1
3317 2135 1
1266 3113 3
1273 4742 7
972 4742 50
1615 2089 8
1176 4742 472
4574 4742 7
474 3153 9
3056 798 1
2288 2129 4
2444 219 1
51 4742 4
3347 3347 206
475 1773 2
2418 3743 1
1307 1663 1
1936 1936 453
1946 478 1
819 819 212
3936 4742 2
2886 4742 34
2492 2492 289
4575 4742 1
1974 3410 1
1779 3675 1
3684 4375 1
669 2524 11
1414 4742 32
4576 4742 27
3028 4742 1
1512 3115 2
1799 1731 2
2133 2133 1
1507 297 1
739 739 2788
2917 2917 164
350 350 313
370 370 2698
605 1005 22
675 1755 8
2584 2584 1096
1285 185 4
1046 4742 239
1481 2116 2
2341 667 1
673 4 1
492 3007 2
2901 4742 52
795 304 5
3274 3274 4
567 1348 1
2914 4742 27
225 4587 3
804 178 6
4577 4742 2
2472 4742 16
4578 4742 10
2615 4742 39
2504 2504 30
2567 4742 763
124 1054 1
1241 4742 1
4356 4742 2
2212 2212 919
925 3518 1
1485 1485 241
1831 1831 13
3675 3091 2
1318 4742 103
1661 3837 2
1456 197 7
913 913 577
868 1595 24
317 317 105
1871 329 2
1170 492 1
2452 2981 1
1293 1293 325
182 2206 2
3427 2355 2
341 4742 12
748 4340 1
2089 1173 3
524 2805 17
1792 1792 156
2875 4742 5
248 1411 5
1427 3201 2
3509 30 2
954 954 541
3403 2942 1
1921 200 1
2317 2317 6472
1853 1217 13
2317 2032 7
729 2570 9
630 392 10
3389 3389 53
3554 4742 9
1621 4742 12
2307 3027 2
1322 2450 1
2217 2217 42
780 4742 130
2769 2769 751
4579 4742 5
848 4742 142
3095 4742 9
2751 4742 33
4580 4742 6
1156 4732 5
2138 112 13
1999 1999 2
3626 2486 1
2324 2324 606
4115 2063 1
1546 1479 13
3337 2180 1
762 2207 13
1397 1397 388
769 36 1
3387 3387 517
918 918 1430
1598 3988 1
790 1712 1
932 4595 9
1534 1534 811
2506 2208 1
2360 4742 2
1487 376 2
798 2733 3
2793 2632 1
1561 2377 12
1581 1419 1
3466 3466 1
3687 3687 101
4581 4742 1
2203 2203 19
2947 4742 3
1940 2946 5
964 1482 3
3644 3644 407
2335 589 1
2743 3941 3
1695 444 1
1612 2781 1
1683 4742 26
965 1966 1
843 4742 130
4582 4742 1
1289 3461 2
1134 2028 7
1293 4742 8
119 1777 8
4583 4583 67
669 62 19
1609 1609 650
2556 4742 1
3577 2163 1
1346 1356 1
472 499 2
1615 56 3
616 616 5370
4584 4742 1
3614 3614 966
2378 2130 7
2043 4742 244
3566 4742 3
4486 4742 3
3842 4742 2
1381 1381 1161
2867 4742 8
1972 4576 26
1492 4190 1
4585 4742 2
309 4051 2
194 450 2
225 4742 28
1840 1840 72
427 4725 1
2999 2921 1
3727 4742 108
4550 4742 5
1572 1240 2
3062 1534 1
1400 4168 2
3728 3728 34
4586 4742 6
2412 4742 224
4206 2662 1
4587 4742 3
906 1816 1
3700 4742 6
2348 4742 3
1581 4370 3
838 4742 76
4564 4742 3
2981 2981 1079
1034 1702 2
1007 1546 8
1664 2635 3
1314 1304 1
3571 3571 285
396 1354 7
3460 3460 242
482 216 3
2225 3894 1
421 2986 2
4588 4742 3
2148 2148 879
3391 4742 3
4190 4190 69
1507 1507 1086
2962 2279 3
369 3158 2
472 472 1249
708 854 8
4407 4407 59
1081 4742 1
1591 3411 3
1327 2711 2
4034 4034 594
4589 4742 1
3518 3518 37
4590 4742 1
1335 2794 6
2053 3117 1
1209 4522 2
422 3397 1
518 1896 1
1799 1 6
749 4742 193
3080 4742 4
4591 4742 3
4592 4742 3
1025 1025 2531
808 959 1
2141 2141 88
1556 4742 6
2150 2150 1144
3999 1374 1
1668 750 4
28 3212 1
3753 2151 2
1255 1732 1
3912 3912 16
2415 4306 1
3849 3849 7
2353 4742 2
2288 1500 5
46 933 1
666 930 7
1047 543 1
4127 4127 70
3340 3340 62
4593 4742 1
2053 3974 1
107 3541 1
976 229 1
563 721 2
510 1702 1
3275 3320 1
163 4297 2
939 456 17
4594 4742 3
831 4742 26
552 552 15791
2266 570 3
1859 3282 1
2333 4742 20
762 3503 20
3037 4742 1
2588 4633 8
1917 4742 45
4595 4742 15
4596 4742 14
4597 4742 2
149 149 998
1062 482 16
126 3993 3
4598 4742 1
1466 2458 7
2159 1898 2
1946 4355 1
3255 3255 558
2003 387 1
90 2839 1
4599 4742 2
3924 4171 1
1446 307 3
334 228 3
2179 2179 131
4185 4185 11
236 1404 6
3903 4742 1
2927 387 15
2559 2948 1
1652 3287 2
262 1856 4
687 2596 8
3013 3013 353
1524 2028 1
2548 2548 1304
208 208 4322
1963 2461 1
640 4742 100
1421 270 2
3026 4742 9
4600 4742 3
4601 844 1
1378 4742 12
1798 1875 1
2171 4481 1
808 2884 1
1943 774 1
4602 4742 5
358 4742 15
732 4742 33
1184 344 8
4603 4742 1
950 962 1
1027 1027 7128
1480 1480 3515
2118 2028 2
2883 3300 9
1554 2172 2
3746 3746 7
456 895 7
1922 4416 7
1036 4742 123
2727 4742 6
1359 4742 38
968 1661 4
926 4514 2
1434 3499 1
4024 4024 2401
1710 1739 1
1566 3442 1
1424 24 2
3964 1977 1
2686 4742 254
961 961 9056
3952 3349 1
543 2878 1
2584 3942 1
334 334 1727
487 2563 7
1262 3002 1
1896 4742 2
2841 4742 1
1143 2567 1
620 248 7
1472 856 2
973 2684 6
32 4742 120
1967 4742 16
1807 1162 15
1391 4742 1
1397 43 1
4503 4742 2
1045 1045 1705
2627 4742 3
2137 3320 1
2296 4742 244
2803 2798 1
3684 3684 369
2494 2494 5
511 511 133
2122 4742 75
3666 4742 2
4334 4742 6
1773 4580 4
2567 1745 12
3522 4742 1
696 4742 37
2196 4742 104
1680 2394 2
4604 4742 3
3773 2928 1
2770 1245 2
1060 4742 96
752 4742 180
1745 1107 2
713 4742 58
1820 1820 91
4605 4742 16
2672 3853 2
2461 3398 2
1125 3917 1
1062 306 12
1743 1296 6
1966 4638 10
1922 1922 6144
2089 3714 3
1400 4414 2
407 4742 7
98 98 436
3788 3788 530
485 485 1502
1293 4013 1
1125 4742 20
874 1390 3
2884 4619 1
1705 4742 3
2436 2485 2
2265 614 2
4302 4302 31
3302 4742 1
1611 1611 2003
2022 801 1
102 4742 468
644 4742 28
3672 183 1
2354 4373 1
2852 3354 4
1448 371 1
1647 3982 15
2683 4742 5
2246 2804 1
2492 4742 11
4606 4742 2
3819 4585 1
725 2085 4
70 817 1
3216 3216 5463
1290 1941 3
3684 2255 1
2073 3696 1
3672 3672 481
1031 1031 300
2528 2528 21
280 1765 1
1996 865 4
171 4707 2
4607 4742 5
1959 160 1
798 4103 4
4247 4247 389
460 460 148
300 164 2
642 3700 2
1462 3132 1
870 870 1306
3184 4742 8
630 3884 7
145 1136 7
518 501 2
2673 625 1
376 2636 1
228 228 1139
3884 3870 6
2559 180 2
2191 4742 2
3946 3336 1
1764 2216 1
3145 4742 3
640 517 5
2897 2897 161
2762 2454 2
2691 1118 1
456 2743 8
3536 3536 273
3126 3126 128
2764 645 2
2989 4742 1
3376 2218 1
4608 4742 11
365 365 1
2733 182 2
2038 4175 2
1183 103 7
2053 4742 15
4206 4742 6
3061 1870 7
4609 4742 3
1264 395 1
1483 1647 10
1978 834 2
2757 97 1
2453 4742 107
2384 2384 53
2142 4742 4
868 868 46886
2753 1395 1
575 1950 12
2351 2351 5
4078 277 1
1866 596 1
2443 2006 1
2721 4742 12
668 668 681
2090 2090 5042
883 2220 3
1341 2310 2
2259 4742 1
4610 4610 586
888 3596 3
1472 2081 1
4611 4742 2
806 2210 3
3771 4742 1
3275 3650 1
773 2545 1
1590 1005 12
2183 3220 1
1805 4237 2
1430 3060 28
2986 2986 963
4612 4742 2
1305 4742 95
4613 4742 2
1650 4742 43
2814 2814 5
1762 967 1
1552 4742 13
2637 4742 2
2900 2900 30
715 4742 371
1573 822 3
2306 1541 1
797 2045 2
934 934 5887
4614 1840 1
1739 1430 59
33 557 9
1439 1439 243
2170 1243 1
3288 4742 3
53 53 3064
3137 3137 9
3777 4180 1
1946 4742 80
2135 4724 3
3503 3007 3
3502 2704 1
2728 1013 1
3973 433 1
1758 2520 2
1757 1757 591
3852 4742 12
529 2746 3
305 560 14
4615 4742 2
2834 2307 1
1360 1772 4
407 407 233
487 4742 292
2671 2671 1086
1225 4742 7
2197 4723 1
1348 2570 10
4267 4742 7
622 850 2
706 706 3613
4097 4742 11
1034 3499 3
1479 2208 12
1129 1129 125
3805 4742 8
642 642 1502
4616 4742 1
669 406 8
3528 3061 3
980 3150 5
3534 4742 9
2113 2113 3826
1876 3541 1
665 3929 9
3411 29 2
1397 2755 2
4617 4742 2
2928 4742 1
1296 4742 27
873 873 43322
129 129 601
576 576 1374
4618 4742 6
797 3439 2
4364 4364 41
4017 4017 1
1469 1469 409
4619 4742 1
4274 4742 14
4610 4742 17
1606 837 10
1951 1951 162
1253 1253 343
2305 1838 1
4620 4620 83
3725 3053 1
1227 4742 5
1105 4742 2
163 2660 4
304 1853 1
1917 2704 1
1950 4742 31
2193 337 21
2262 2262 833
85 3375 1
2779 2527 1
4364 137 1
155 2077 3
1864 2583 3
2688 2688 255
3511 3511 1
1080 370 8
880 4742 7
4060 1084 1
3125 2613 1
1692 1692 6075
330 2740 5
93 1822 6
2070 1411 3
3926 3926 40
170 4742 27
2884 2884 759
2852 2852 2593
4116 4742 1
2660 4742 100
2879 2119 1
1592 777 1
2660 1926 4
913 2304 1
1264 4742 65
1907 1907 813
1636 4742 62
560 3325 4
4043 4043 45
1433 2611 7
2322 2322 2360
618 1727 5
3699 4742 20
4621 4742 2
3222 2185 2
3753 2931 1
908 4742 16
2440 2452 1
1688 1688 606
2794 2794 3964
4622 4742 13
3240 4742 100
1721 1036 2
1497 857 9
1954 214 1
554 1047 2
4397 4236 1
367 793 1
1780 1310 2
4623 4742 5
3597 4742 1
416 4742 8
1430 1430 21975
20 20 12000
1953 4742 1
2509 2509 1464
4473 4742 15
2615 3013 1
326 481 3
4335 4742 1
1021 4440 1
4624 4624 44
3582 3582 1734
1084 4742 27
3922 3922 41
586 1919 2
118 2962 1
952 4742 46
3530 4530 2
2227 595 6
1148 88 4
3120 390 1
4625 4742 2
3286 4742 3
732 3409 2
4626 4626 16
2566 3586 1
2352 4742 170
4627 4742 10
2255 4578 7
211 2211 2
1146 2857 2
1523 1523 1807
285 3124 2
2021 4742 445
2656 4742 2
1457 1457 135
2660 1368 4
514 2170 4
4628 4742 2
1092 1222 2
908 908 559
1024 1143 5
3570 3516 1
2908 1185 2
2723 4742 1
74 2544 1
1761 2224 1
1180 1147 2
230 4349 11
1570 1570 233
3571 4742 9
4629 4742 5
4630 4742 1
1181 2917 1
4631 4631 24
3120 1443 1
1078 4742 65
4140 4140 7
2263 2263 730
4632 4742 1
2453 837 6
4633 4742 9
1805 21 1
3822 3822 60
1103 4415 1
1947 1947 54
443 1884 3
2214 1629 3
1158 622 2
4348 4348 118
268 2516 2
2525 4742 5
2616 2616 30
2113 4239 5
4634 4742 5
2017 2309 2
2109 900 1
2148 140 1
758 480 2
2909 2427 1
2509 3108 2
395 4742 145
531 1699 6
2893 2893 248
1922 945 10
1552 1552 297
4635 4742 5
674 1060 2
3819 3819 173
1769 594 3
483 2938 2
2927 1739 10
426 2118 1
3089 578 1
1717 373 1
2949 1156 30
1921 3483 2
1465 3938 1
3132 1427 1
4636 2738 1
165 1480 6
833 3796 20
1364 2935 1
1551 4742 15
2444 1922 1
789 789 316
997 4742 91
1802 357 1
4637 4742 7
3910 4742 12
92 3772 1
1141 2992 3
1294 4742 1
2171 3629 1
1637 286 3
986 2684 1
725 918 2
4638 4742 10
4639 4742 16
2093 4742 3
4640 4742 1
1503 1503 53
2524 2313 6
921 3240 9
3855 4742 30
2948 2948 7
1096 1411 10
434 1387 5
2631 2631 1
2576 1286 2
4546 2776 1
1511 806 2
2570 4742 201
2460 2460 14493
513 1360 1
3140 4742 1
1578 1578 308
4641 4742 16
3496 1096 2
4642 4742 2
2571 4564 1
194 3201 4
2794 1822 5
217 81 7
2555 4742 4
1343 1343 1894
3829 2651 1
860 860 5115
4347 4347 23
2173 751 2
1315 3617 2
1086 1315 1
3556 3556 968
4242 4742 6
1333 4179 3
3618 4742 21
3927 4742 9
4473 2378 1
4333 4742 15
4643 4742 1
1193 1193 313
1401 3641 6
615 4742 20
4624 4742 2
465 278 2
3553 4742 12
1988 1487 3
4644 4742 1
2991 2991 1000
2350 3014 3
4645 4742 36
3627 3627 485
2530 1417 3
691 1826 7
1977 4159 1
257 51 1
1622 2593 5
2085 1173 6
4646 4742 2
2262 40 2
4647 4742 4
776 4742 66
742 742 1156
657 657 1862
3528 3528 16545
852 868 1
1722 3399 1
2985 2507 1
4648 4742 1
1077 4516 2
3242 4742 9
3496 248 1
1510 4742 30
3 4629 4
1338 584 2
3644 4403 1
165 3906 2
1422 1507 1
338 338 6518
1456 2000 4
740 2032 2
3619 634 2
3251 4742 6
979 3297 4
3427 3427 769
337 2122 47
4649 4742 1
4369 4742 2
1436 1436 782
1721 4742 43
184 3884 2
3351 3351 597
2949 2762 21
3866 4742 1
1414 3127 1
1881 1881 2589
242 4418 1
39 4742 2
370 2199 2
1754 1229 1
1332 1332 705
4650 4742 15
3887 749 1
4535 4742 4
3533 3533 106
4651 4742 2
4652 4742 2
640 3970 2
1061 1461 4
3939 4742 1
4533 4742 10
749 765 5
4355 4742 1
1968 857 4
1778 2898 2
846 3663 13
642 2359 1
2421 2322 10
1288 1288 9
2028 2028 3931
668 1560 2
4653 4742 1
1296 2384 2
551 2764 6
4189 4189 31
1725 1858 1
557 1264 1
3805 3805 251
537 79 3
1880 2587 1
81 3659 1
49 1139 1
3424 4742 6
956 4742 13
921 1971 5
926 1475 1
1447 1685 1
646 646 19463
893 344 6
1549 1549 317
1230 1230 380
298 2472 1
2272 1002 1
1188 1188 15
860 1989 1
2599 3210 1
2036 4742 1
2216 2216 7204
2432 740 1
3612 3612 795
1435 4425 3
1623 3809 1
2227 2972 4
730 4742 50
3030 3030 47
681 4742 14
114 4742 4
2306 2306 865
76 2824 4
4654 4742 4
3618 3618 410
491 2888 1
4655 4742 1
2459 4742 12
2356 3484 8
504 3820 3
4601 4742 1
1293 824 1
338 4742 187
1698 1698 1239
3239 4742 1
4092 4092 61
675 656 2
4656 4742 5
821 2376 4
878 878 1618
3589 3589 1398
418 1938 5
160 4742 5
3973 3973 983
701 1515 1
1765 4742 19
4125 4125 50
1062 1016 22
3636 3636 375
19 19 4457
3675 3675 3966
260 266 1
2231 2006 1
28 4718 3
4041 3356 1
4657 4742 6
4658 4742 1
957 4742 47
4659 4742 3
1661 3805 1
494 4742 8
4660 4742 2
140 4742 114
2276 2935 1
138 3703 3
926 926 1264
2046 4692 1
2269 4742 15
1546 1655 14
980 980 11030
295 1663 3
4661 4742 3
4662 4742 2
4631 4742 2
971 2523 9
828 1384 1
3102 332 6
3806 3806 972
1945 1918 1
2219 2322 2
3650 4742 1
2614 1548 1
1473 2022 3
4663 4742 1
180 4742 191
4664 4742 11
4665 4742 6
1638 1658 1
3216 67 8
1317 3424 3
1558 4742 5
1855 4742 7
4666 4742 4
1567 1567 1938
804 505 9
2523 4742 12
958 958 7907
1704 321 12
2701 4742 9
207 4742 110
1198 4413 1
1707 1246 1
1382 2688 4
254 2786 1
2496 4092 1
1121 28 1
1703 4742 1
1308 1306 1
3014 1158 2
4422 4422 11
4667 4742 2
1663 4742 289
3149 3983 3
1336 2043 3
260 3224 2
3435 1357 1
2515 531 2
1151 3495 1
1874 1874 716
1160 4611 2
3914 4742 8
121 2304 2
1246 4206 1
1685 4090 2
2357 1974 1
4668 4742 2
3590 3962 3
396 4742 165
2636 2636 594
1692 4742 171
3530 3530 5706
1025 2041 2
968 968 1482
455 4742 6
2525 2574 1
956 181 1
3171 2623 1
2324 4742 22
160 160 182
4669 4742 6
1196 4742 165
3619 3619 343
4670 4742 1
1428 4643 1
2971 4742 54
2540 2165 4
53 2168 1
1314 1314 559
2261 3784 1
1981 1879 3
1803 2352 9
237 4742 56
3406 3406 11
2559 4742 45
1062 1024 23
2159 1799 1
999 999 10566
3773 3554 1
3013 4742 12
3621 1090 1
1325 3659 1
2266 208 6
882 3034 2
332 3 2
3337 3337 2268
567 567 807
2375 4362 1
271 1275 1
1162 4742 238
989 1472 3
2269 1267 1
2459 2459 598
96 1327 1
4671 4742 1
4672 4742 2
4673 4742 2
4297 4742 9
3621 4742 11
1086 2806 2
1228 2701 1
945 3098 13
1524 1524 2657
4674 4742 4
4088 4088 5
2794 3845 3
2070 2160 7
189 4742 106
2290 4742 58
3973 1670 1
3324 4742 1
1546 867 9
1423 1101 1
2753 574 2
1093 2792 1
4675 4742 6
2309 4742 788
878 2338 1
2634 4742 3
474 1513 6
2671 703 3
3942 4742 3
3806 4742 24
3692 3692 75
2405 2461 1
1876 1876 1377
2045 2419 9
3349 3349 182
2314 3177 1
895 4017 2
898 1147 4
680 680 568
3812 645 2
4150 4742 1
3700 716 1
959 4742 103
1573 2779 2
210 1363 4
3322 3387 1
2041 2041 87
4676 4742 10
3806 454 2
1516 4742 145
1764 2189 1
2884 4449 2
2956 3221 1
355 355 410
654 3309 6
1907 357 1
4677 4742 7
89 3895 3
581 4742 146
4603 4603 30
3714 3714 1475
2516 2315 1
918 130 2
2171 3574 1
518 1108 1
143 783 19
4029 4008 1
3103 4653 1
1343 1621 3
1155 4742 98
2563 3496 16
1140 2603 17
2456 3474 1
1153 4742 20
2539 2539 26
873 3727 1
3924 4742 4
4301 3179 1
3807 4742 3
2515 4742 30
2691 2691 2694
1028 4742 29
528 528 109
1847 4410 1
2156 2156 1987
1505 2821 1
1726 3051 1
3232 3314 1
3684 4742 10
4678 4742 2
2198 2198 21
3113 4742 9
633 633 11
960 2412 5
4601 4601 125
598 3935 25
4679 4742 11
3887 4284 1
705 4742 38
4466 4466 60
1035 2531 2
1305 3325 4
976 3913 2
821 4355 1
1909 1909 566
4581 4581 8
2375 3967 1
2688 2784 1
531 531 7470
470 470 197
2433 4742 1
4680 4742 17
3982 3982 3
1698 2116 1
4681 4742 2
790 300 4
4504 3816 1
761 4742 2
1099 2616 1
2025 2025 11
238 1764 1
722 4742 37
2279 964 3
979 1396 4
1959 3849 1
2102 4742 47
3194 4742 10
598 639 14
4682 4742 2
1335 4427 3
31 2439 2
1058 3775 1
612 81 1
1141 861 3
2222 828 5
846 747 10
1662 1223 2
1814 1666 1
1750 2017 1
596 1427 2
146 1783 2
2159 2159 951
4060 4060 277
4683 4742 3
1104 2356 1
3240 3240 3396
482 1255 2
2261 4742 26
2858 4179 1
971 4742 226
339 339 2522
639 1893 14
2772 4742 75
1366 2797 4
3591 4742 5
407 4318 1
1532 2261 2
4684 4742 3
1535 3027 1
848 1790 4
390 2838 1
2500 882 1
1138 1138 81
1789 1380 6
3644 1924 1
1864 1515 2
2349 4742 1
650 4742 63
1173 4742 164
3850 4742 2
3241 4742 4
40 569 6
359 4742 35
1747 1747 6576
3607 3607 13
481 641 4
1471 1471 55
2306 2794 1
1845 187 14
531 2050 7
1659 1066 3
2251 2311 1
1942 1204 1
144 2277 1
2791 4151 55
4685 4742 5
1419 1419 5354
1992 3972 4
70 4742 28
832 3012 1
1684 217 1
2864 1224 1
4686 4742 1
1152 3711 1
23 23 4922
4510 4742 1
3337 112 3
1729 2705 4
1017 2567 1
733 2751 12
3092 3092 53
1377 2818 1
3993 3993 1045
8 3041 1
4486 4351 1
98 2546 1
3230 4742 8
1680 4742 220
1985 1985 806
1472 4033 1
1866 1615 1
1590 2199 8
145 4472 7
3655 3655 120
196 471 1
3611 3447 1
1985 920 1
3178 4742 2
4126 4126 47
2861 4742 59
620 2070 5
3924 3924 165
571 1973 1
18 4742 63
1383 1844 1
4687 4742 1
2712 4742 1
1951 4101 1
709 4742 4
677 1738 8
568 4742 46
1236 4576 1
676 676 17351
584 1145 1
3208 236 2
1945 1945 1370
1959 3670 2
182 182 3537
4147 4147 294
3654 3654 34
1085 3273 1
1567 3692 1
2107 3854 3
2597 4742 94
30 30 34
910 493 2
1302 1548 3
958 2455 2
2254 1926 1
1575 2973 1
4188 4742 1
1173 4117 1
2490 2490 30
3215 4742 35
646 1615 8
1304 4742 45
874 927 6
3082 19 1
4206 2422 1
3440 2105 2
302 4742 17
1216 1216 27
4688 4742 1
2550 2550 8
4297 116 1
364 4515 2
1585 1290 1
1042 3027 1
448 448 156
2892 2917 2
4689 4742 2
2438 2432 6
4690 4742 3
1258 561 1
439 3552 2
3968 3968 31
2235 96 2
4691 822 1
3184 3184 340
960 960 2636
2897 4742 3
2020 2020 12744
2698 4742 12
3913 4742 3
1885 2162 3
1041 916 2
4692 4692 15
3959 4742 2
335 2960 6
42 922 4
1480 357 1
2552 4742 2
3954 4742 1
1322 4742 34
2821 3795 1
719 719 3033
4693 4742 4
1453 1453 409
1064 1064 330
4270 4270 87
1308 4742 87
756 3133 3
4194 4194 21
4539 4742 2
2882 2882 84
944 2663 1
4694 4742 1
1837 750 1
2354 2354 4125
3150 4742 36
962 4742 1
1995 704 4
3691 4742 3
2652 2652 12
1726 516 5
3174 114 1
916 4493 1
3885 2829 1
2768 4131 1
163 706 2
4306 4306 10
1928 1928 128
2548 2751 1
3411 1206 1
752 2722 8
741 2001 1
3312 4304 1
933 2206 14
4397 4397 428
2500 4742 14
4695 4742 8
244 4220 8
2655 477 1
1727 3095 2
2298 2298 6450
4027 4742 2
4696 4742 1
1273 161 1
3447 4742 3
2371 2371 391
2046 2046 1540
1172 2536 3
337 337 50555
2257 4742 7
195 195 1268
2683 1080 1
3014 3887 3
207 1765 3
990 4742 130
1410 1410 8104
1920 3240 5
79 4742 39
2231 2231 2353
2279 837 1
1782 2246 1
2959 628 1
2488 2488 1917
1073 3614 1
3188 3188 5
1008 4742 83
722 3052 3
3479 4742 31
3043 2232 1
4687 4687 47
3651 2127 1
1972 2817 35
3027 4742 73
2858 3757 1
4692 4742 1
4697 4742 3
1063 4135 4
2223 950 2
768 768 40
294 1172 2
457 3327 1
765 765 620
2274 3946 3
3179 3179 256
3216 4742 150
3590 737 2
1243 1243 22845
4151 4151 1
814 4046 1
1560 2675 2
2266 4742 330
1513 4742 220
1879 4742 22
2496 1863 1
1685 1045 2
2250 898 5
3195 4742 28
2613 2971 5
3297 4742 13
3221 3221 3
3297 38 1
3999 4742 27
3282 2817 37
3947 1860 1
55 800 2
726 4742 3
4569 4569 117
1861 1861 75
2774 2774 597
1508 715 2
3431 4742 2
705 705 1309
260 1847 1
1656 1656 1154
2415 4742 57
885 3613 2
822 4742 12
806 1411 2
2028 4742 118
2038 292 3
197 1261 1
904 2581 1
80 1588 1
291 291 1
1259 1162 2
781 4742 68
1598 4742 1170
1524 274 4
308 4742 12
537 4742 176
1567 2768 2
3617 4742 11
2593 2621 1
1554 4350 1
4698 4742 1
4620 4742 4
681 4332 1
4699 4742 1
3651 4742 16
1613 1613 82
724 1574 3
237 67 4
3334 3334 376
596 596 1487
4700 4742 2
1728 1728 36
4701 4742 2
4702 4742 1
4583 4742 2
307 4742 60
1592 4336 1
204 4742 68
1446 564 1
1848 2957 1
1355 3003 5
1718 1718 421
3068 4742 18
964 4423 1
3892 3892 77
4439 4439 69
634 634 812
1408 1894 5
3424 2712 1
4703 4742 2
3270 4742 32
3479 4112 1
3894 3894 1
986 1598 1
4278 4742 1
167 2599 1
315 229 1
4704 4742 2
2833 4529 1
354 354 48
2770 3871 1
405 4742 4
251 726 2
1622 666 6
551 3632 3
3656 4742 1
4691 4691 146
1459 1717 1
4705 4742 2
1024 4580 2
4706 4742 1
4373 4373 10
370 3909 4
1623 878 1
4707 4742 2
2749 4742 6
575 2222 10
1549 2273 2
2859 1061 3
1189 4742 38
3200 3200 16
2316 2316 390
2486 109 12
2891 3598 2
3076 3026 4
1220 3275 9
767 767 252
2422 2422 244
921 2508 6
3699 3699 691
4708 4742 2
483 4742 12
2066 4385 1
1200 1200 9180
3342 2398 1
902 1823 1
2424 3327 2
1976 1976 92
573 3880 1
814 443 1
3777 4742 5
773 1321 1
833 833 14480
3002 4742 2
13 1795 1
4152 4742 2
2530 2064 1
4056 4742 3
1177 2693 1
4015 4015 437
97 1004 1
2295 4328 2
542 542 6079
1935 1271 5
2644 2644 338
4709 4742 3
1588 709 1
4230 4742 2
1899 1732 2
1924 4742 1
3410 1475 1
1410 2563 8
581 1030 4
2165 4742 33
2986 4012 3
3852 1525 1
392 2436 5
2702 2702 693
452 4742 7
2650 2650 24
603 1312 3
285 1988 6
3068 1998 1
377 230 1
2267 4742 47
4691 4742 6
2071 4085 1
4552 4552 48
1447 4270 3
1714 1714 5637
1509 2323 4
1307 1307 3559
1130 327 1
1750 4742 19
703 2769 1
4259 4742 2
155 2043 2
1566 4742 25
1328 4569 1
959 2292 3
570 4742 18
582 582 1543
3705 4742 18
2276 1443 2
3589 4742 43
3076 4727 1
1027 964 6
4569 3112 1
4236 4236 405
1416 3405 1
211 321 3
2879 2775 2
548 2098 8
4710 4742 3
783 2113 3
1246 1650 2
53 521 1
3510 4321 1
3679 3690 1
4626 4742 2
3058 3058 2
2048 1822 3
795 4742 252
320 1384 2
2275 2275 868
2604 1503 2
180 972 1
96 55 1
989 4742 53
730 18 3
1378 1378 525
3993 2783 1
2451 2881 2
539 874 12
1267 1351 2
3353 3353 25
2503 2503 1560
4711 4742 5
2125 4742 15
4215 2809 2
1376 1109 7
2253 2253 235
2022 2022 1430
1810 4550 1
1941 295 11
1803 77 6
3722 4742 19
1844 1844 2
344 370 1
356 1059 1
1906 127 1
1193 1699 1
3849 2342 1
212 212 164
1120 1120 972
1046 1714 9
2955 1425 1
4712 4742 1
154 994 15
4713 4742 1
2241 1650 1
841 4742 10
1122 1556 1
1339 3451 1
1618 2128 5
423 423 1567
4714 4742 2
1170 3921 2
3657 3657 21
530 1837 4
301 2054 1
69 830 1
991 991 30
3884 2436 7
4187 1832 1
1068 4742 10
3305 744 4
349 3999 8
384 848 2
2238 3801 1
4715 4742 2
4636 4636 19
1951 4742 4
1692 4076 6
2770 2770 984
3993 1455 1
3559 3559 29
4716 4742 1
895 895 1829
3363 3363 519
1211 4742 62
4717 4742 8
4718 4742 4
2917 3282 1
4719 4742 4
1660 1598 6
1190 534 3
2467 2467 2
3260 1774 1
59 59 64
329 4490 3
4720 4742 3
3161 2865 2
225 313 1
4721 4742 6
1881 2449 2
457 4489 2
558 1256 1
1548 4715 2
2743 1305 3
1103 3977 2
57 2416 2
40 2866 1
3220 3220 11222
1897 6 3
471 4742 45
3642 3642 26
80 1959 5
1219 3333 1
749 749 7345
1985 4742 18
854 1621 2
2116 4742 59
3885 4742 11
1040 1040 20362
1111 2043 1
2596 337 29
1307 1935 3
4722 4742 5
2976 2625 1
2750 3457 5
2355 2355 537
412 104 3
1206 1430 2
4723 4742 1
966 1438 1
2962 2962 3134
1024 1229 4
3542 3542 19
922 922 1199
734 491 7
3198 4253 1
1085 1591 2
895 1096 1
1160 1160 1656
2128 2858 1
33 4280 6
615 879 1
4724 4742 3
4040 4040 88
1500 1134 2
1057 4742 36
2563 4742 208
1458 4742 33
4725 4742 3
2267 3922 2
442 588 10
1446 961 3
1683 2925 1
1447 1447 2649
1816 4536 1
4726 4742 1
43 1658 1
490 3119 3
1663 2208 14
3508 4503 1
2239 4683 3
387 4158 8
3706 4742 1
1382 1382 4048
2854 3171 1
4727 4742 1
1249 1876 1
3220 4742 323
2221 2221 1316
3262 3262 1
2078 2078 69
1272 4333 1
1284 1284 467
1492 884 2
1743 1515 3
4728 4742 1
517 4742 61
1880 4742 12
4333 507 1
1333 1333 2638
1711 4691 1
3740 3740 24
1102 4742 26
4475 4475 1
3753 1056 2
3248 4742 17
811 4742 6
32 32 3964
350 448 1
4729 4742 2
3071 4742 1
1199 122 5
1230 4742 10
76 3218 3
2742 2742 14
3488 468 2
3176 3176 3
675 4742 169
692 4742 35
931 4162 4
140 1935 2
2174 4742 1
3967 683 1
1359 3034 3
1834 1834 17
49 1299 2
2803 95 1
4730 4742 12
4731 4742 1
1081 1081 171
1586 1586 1254
4732 4742 5
4733 4742 5
2191 1290 2
195 4742 33
758 998 1
4734 4742 3
246 3973 1
578 578 1762
1370 4742 14
4735 4742 3
489 489 1061
4736 4742 1
1631 4492 2
22 3576 1
233 149 5
4390 2822 1
2620 2579 1
268 951 1
906 906 569
4071 2663 2
3514 4517 1
2474 4742 55
1398 1123 1
2331 527 1
4737 4742 1
3056 3056 69
86 4742 1
1162 4118 6
876 4090 1
4391 740 1
2337 642 1
4693 4693 104
4329 4742 2
102 102 17115
2398 2398 5
1515 155 1
1258 3728 1
2571 2860 1
1669 4742 30
3237 3237 351
885 1796 2
2083 2176 7
4584 4584 4
1006 4742 4
2021 1902 16
1979 2552 2
757 2231 1
531 564 6
1995 4742 75
2152 4742 2
4738 4742 1
1780 1780 1537
4739 4742 1
42 632 4
833 4742 375
4740 4742 3
4614 4614 24
4741 4742 1
1995 2132 1
2619 4742 2
2858 4742 59
2676 4742 24
